分类: 央视频道, 名称: CCTV-1, 有效: 5, IPv4: 1724, IPv6: 0, 最小延迟: 650 ms, 最高速率: 0.85 M/s, 平均速率: 0.68 M/s, 最高分辨率: 1920x1080, 平均帧率: 55.17, 视频编解码器: h264, 音频编解码器: aac
分类: 央视频道, 名称: CCTV-2, 有效: 7, IPv4: 327, IPv6: 0, 最小延迟: 9 ms, 最高速率: 2.05 M/s, 平均速率: 1.07 M/s, 最高分辨率: 1920x1080, 平均帧率: 未知, 视频编解码器: 未知, 音频编解码器: 未知
分类: 央视频道, 名称: CCTV-3, 有效: 8, IPv4: 342, IPv6: 0, 最小延迟: 536 ms, 最高速率: 7.39 M/s, 平均速率: 2.04 M/s, 最高分辨率: 1920x1080, 平均帧率: 30.00, 视频编解码器: h264, 音频编解码器: aac
分类: 央视频道, 名称: CCTV-4, 有效: 7, IPv4: 374, IPv6: 0, 最小延迟: 16 ms, 最高速率: 13.47 M/s, 平均速率: 2.60 M/s, 最高分辨率: 1920x1080, 平均帧率: 未知, 视频编解码器: 未知, 音频编解码器: 未知
分类: 央视频道, 名称: CCTV-5, 有效: 5, IPv4: 796, IPv6: 0, 最小延迟: 13 ms, 最高速率: 3.97 M/s, 平均速率: 1.71 M/s, 最高分辨率: 1920x1080, 平均帧率: 未知, 视频编解码器: 未知, 音频编解码器: 未知
分类: 央视频道, 名称: CCTV-5+, 有效: 7, IPv4: 301, IPv6: 0, 最小延迟: 129 ms, 最高速率: 0.80 M/s, 平均速率: 0.53 M/s, 最高分辨率: 1920x1080, 平均帧率: 未知, 视频编解码器: 未知, 音频编解码器: 未知
分类: 央视频道, 名称: CCTV-6, 有效: 7, IPv4: 336, IPv6: 0, 最小延迟: 585 ms, 最高速率: 0.81 M/s, 平均速率: 0.43 M/s, 最高分辨率: 1920x1080, 平均帧率: 未知, 视频编解码器: 未知, 音频编解码器: 未知
分类: 央视频道, 名称: CCTV-7, 有效: 6, IPv4: 324, IPv6: 0, 最小延迟: 402 ms, 最高速率: 2.11 M/s, 平均速率: 1.08 M/s, 最高分辨率: 1920x1080, 平均帧率: 未知, 视频编解码器: 未知, 音频编解码器: 未知
分类: 央视频道, 名称: CCTV-8, 有效: 5, IPv4: 590, IPv6: 0, 最小延迟: 559 ms, 最高速率: 0.76 M/s, 平均速率: 0.42 M/s, 最高分辨率: 1920x1080, 平均帧率: 43.75, 视频编解码器: h264, 音频编解码器: aac
分类: 央视频道, 名称: CCTV-9, 有效: 6, IPv4: 489, IPv6: 0, 最小延迟: 108 ms, 最高速率: 4.41 M/s, 平均速率: 1.61 M/s, 最高分辨率: 1920x1080, 平均帧率: 未知, 视频编解码器: 未知, 音频编解码器: 未知
分类: 央视频道, 名称: CCTV-10, 有效: 5, IPv4: 614, IPv6: 0, 最小延迟: 95 ms, 最高速率: 2.82 M/s, 平均速率: 1.34 M/s, 最高分辨率: 1920x1080, 平均帧率: 未知, 视频编解码器: 未知, 音频编解码器: 未知
分类: 央视频道, 名称: CCTV-11, 有效: 5, IPv4: 391, IPv6: 0, 最小延迟: 27 ms, 最高速率: 7.59 M/s, 平均速率: 2.54 M/s, 最高分辨率: 1920x1080, 平均帧率: 未知, 视频编解码器: 未知, 音频编解码器: 未知
分类: 央视频道, 名称: CCTV-12, 有效: 6, IPv4: 632, IPv6: 0, 最小延迟: 18 ms, 最高速率: 2.76 M/s, 平均速率: 0.88 M/s, 最高分辨率: 1920x1080, 平均帧率: 未知, 视频编解码器: 未知, 音频编解码器: 未知
分类: 央视频道, 名称: CCTV-13, 有效: 6, IPv4: 327, IPv6: 0, 最小延迟: 16 ms, 最高速率: 0.88 M/s, 平均速率: 0.54 M/s, 最高分辨率: 1920x1080, 平均帧率: 未知, 视频编解码器: 未知, 音频编解码器: 未知
分类: 央视频道, 名称: CCTV-14, 有效: 7, IPv4: 327, IPv6: 0, 最小延迟: 11 ms, 最高速率: 5.80 M/s, 平均速率: 1.57 M/s, 最高分辨率: 1920x1080, 平均帧率: 未知, 视频编解码器: 未知, 音频编解码器: 未知
分类: 央视频道, 名称: CCTV-15, 有效: 5, IPv4: 308, IPv6: 0, 最小延迟: 15 ms, 最高速率: 5.47 M/s, 平均速率: 2.33 M/s, 最高分辨率: 1920x1080, 平均帧率: 未知, 视频编解码器: 未知, 音频编解码器: 未知
分类: 央视频道, 名称: CCTV-16, 有效: 5, IPv4: 199, IPv6: 0, 最小延迟: 10 ms, 最高速率: 16.03 M/s, 平均速率: 2.61 M/s, 最高分辨率: 1920x1080, 平均帧率: 25.00, 视频编解码器: h264, 音频编解码器: aac
分类: 央视频道, 名称: CCTV-17, 有效: 7, IPv4: 310, IPv6: 0, 最小延迟: 11 ms, 最高速率: 7.68 M/s, 平均速率: 1.85 M/s, 最高分辨率: 1920x1080, 平均帧率: 未知, 视频编解码器: 未知, 音频编解码器: 未知
分类: 央视频道, 名称: CCTV4K, 有效: 3, IPv4: 26, IPv6: 0, 最小延迟: 247 ms, 最高速率: 7.12 M/s, 平均速率: 3.62 M/s, 最高分辨率: 3840x2160, 平均帧率: 42.50, 视频编解码器: h264, 音频编解码器: aac
分类: 央视频道, 名称: CCTV8K, 有效: 3, IPv4: 6, IPv6: 0, 最小延迟: 969 ms, 最高速率: 17.78 M/s, 平均速率: 7.78 M/s, 最高分辨率: 1920x1080, 平均帧率: 27.50, 视频编解码器: h264, 音频编解码器: aac
分类: 央视频道, 名称: CETV1, 有效: 6, IPv4: 191, IPv6: 0, 最小延迟: 278 ms, 最高速率: 2.86 M/s, 平均速率: 1.30 M/s, 最高分辨率: 1920x1080, 平均帧率: 未知, 视频编解码器: 未知, 音频编解码器: 未知
分类: 央视频道, 名称: CETV3, 有效: 4, IPv4: 4, IPv6: 0, 最小延迟: 505 ms, 最高速率: 5.15 M/s, 平均速率: 3.33 M/s, 最高分辨率: 1280x720, 平均帧率: 未知, 视频编解码器: 未知, 音频编解码器: 未知
分类: 央视频道, 名称: CETV2, 有效: 2, IPv4: 26, IPv6: 0, 最小延迟: 274 ms, 最高速率: 7.39 M/s, 平均速率: 3.77 M/s, 最高分辨率: 1280x720, 平均帧率: 未知, 视频编解码器: 未知, 音频编解码器: 未知
分类: 央视频道, 名称: CETV4, 有效: 7, IPv4: 85, IPv6: 0, 最小延迟: 10 ms, 最高速率: 0.86 M/s, 平均速率: 0.73 M/s, 最高分辨率: 1920x1080, 平均帧率: 未知, 视频编解码器: 未知, 音频编解码器: 未知
分类: 央视频道, 名称: CETV5, 有效: 2, IPv4: 3, IPv6: 0, 最小延迟: 527 ms, 最高速率: 5.03 M/s, 平均速率: 2.87 M/s, 最高分辨率: 1920x1080, 平均帧率: 未知, 视频编解码器: 未知, 音频编解码器: 未知
分类: 央视频道, 名称: cctv4欧洲, 有效: 5, IPv4: 43, IPv6: 0, 最小延迟: 16 ms, 最高速率: 0.85 M/s, 平均速率: 0.81 M/s, 最高分辨率: 1920x1080, 平均帧率: 未知, 视频编解码器: 未知, 音频编解码器: 未知
分类: 央视频道, 名称: cctv4美洲, 有效: 5, IPv4: 40, IPv6: 0, 最小延迟: 273 ms, 最高速率: 0.77 M/s, 平均速率: 0.67 M/s, 最高分辨率: 1920x1080, 平均帧率: 未知, 视频编解码器: 未知, 音频编解码器: 未知
分类: 央视频道, 名称: CGTN英语, 有效: 6, IPv4: 80, IPv6: 0, 最小延迟: 10 ms, 最高速率: 0.85 M/s, 平均速率: 0.71 M/s, 最高分辨率: 1920x1080, 平均帧率: 未知, 视频编解码器: 未知, 音频编解码器: 未知
分类: 央视频道, 名称: CGTN记录, 有效: 1, IPv4: 4, IPv6: 0, 最小延迟: 2062 ms, 最高速率: 3.21 M/s, 平均速率: 3.21 M/s, 最高分辨率: 1920x1080, 平均帧率: 未知, 视频编解码器: 未知, 音频编解码器: 未知
分类: 央视频道, 名称: CGTN俄语, 有效: 6, IPv4: 67, IPv6: 0, 最小延迟: 10 ms, 最高速率: 0.84 M/s, 平均速率: 0.71 M/s, 最高分辨率: 1920x1080, 平均帧率: 未知, 视频编解码器: 未知, 音频编解码器: 未知
分类: 央视频道, 名称: CGTN法语, 有效: 6, IPv4: 102, IPv6: 0, 最小延迟: 15 ms, 最高速率: 39.97 M/s, 平均速率: 7.25 M/s, 最高分辨率: 1920x1080, 平均帧率: 未知, 视频编解码器: 未知, 音频编解码器: 未知
分类: 央视频道, 名称: CGTN西班牙语, 有效: 6, IPv4: 71, IPv6: 0, 最小延迟: 17 ms, 最高速率: 0.85 M/s, 平均速率: 0.63 M/s, 最高分辨率: 1920x1080, 平均帧率: 未知, 视频编解码器: 未知, 音频编解码器: 未知
分类: 央视频道, 名称: CGTN阿拉伯语, 有效: 5, IPv4: 47, IPv6: 0, 最小延迟: 10 ms, 最高速率: 0.89 M/s, 平均速率: 0.79 M/s, 最高分辨率: 1920x1080, 平均帧率: 未知, 视频编解码器: 未知, 音频编解码器: 未知
分类: 央视频道, 名称: CCTV发现之旅, 有效: 1, IPv4: 5, IPv6: 0, 最小延迟: 455 ms, 最高速率: 2.57 M/s, 平均速率: 2.57 M/s, 最高分辨率: 1280x720, 平均帧率: 未知, 视频编解码器: 未知, 音频编解码器: 未知
分类: 央视频道, 名称: CCTV中学生, 有效: 0, IPv4: 5, IPv6: 0, 最小延迟: 525 ms, 最高速率: 0.31 M/s, 平均速率: 0.00 M/s, 最高分辨率: None, 平均帧率: 未知, 视频编解码器: 未知, 音频编解码器: 未知
分类: 央视频道, 名称: CCTV老故事, 有效: 1, IPv4: 7, IPv6: 0, 最小延迟: 523 ms, 最高速率: 2.95 M/s, 平均速率: 2.95 M/s, 最高分辨率: 1280x720, 平均帧率: 未知, 视频编解码器: 未知, 音频编解码器: 未知
分类: 卫视频道, 名称: 山东卫视, 有效: 17, IPv4: 501, IPv6: 0, 最小延迟: 13 ms, 最高速率: 11.61 M/s, 平均速率: 1.45 M/s, 最高分辨率: 1920x1080, 平均帧率: 未知, 视频编解码器: 未知, 音频编解码器: 未知
分类: 卫视频道, 名称: 浙江卫视, 有效: 5, IPv4: 425, IPv6: 0, 最小延迟: 541 ms, 最高速率: 6.63 M/s, 平均速率: 2.47 M/s, 最高分辨率: 3840x2160, 平均帧率: 未知, 视频编解码器: 未知, 音频编解码器: 未知
分类: 卫视频道, 名称: 湖南卫视, 有效: 5, IPv4: 1796, IPv6: 0, 最小延迟: 19 ms, 最高速率: 7.16 M/s, 平均速率: 2.57 M/s, 最高分辨率: 3840x2160, 平均帧率: 30.00, 视频编解码器: h264, 音频编解码器: aac
分类: 卫视频道, 名称: 北京卫视, 有效: 5, IPv4: 1144, IPv6: 0, 最小延迟: 264 ms, 最高速率: 7.35 M/s, 平均速率: 2.12 M/s, 最高分辨率: 3840x2160, 平均帧率: 25.00, 视频编解码器: h264, 音频编解码器: aac
分类: 卫视频道, 名称: 湖北卫视, 有效: 5, IPv4: 329, IPv6: 0, 最小延迟: 12 ms, 最高速率: 1.30 M/s, 平均速率: 0.84 M/s, 最高分辨率: 1920x1080, 平均帧率: 未知, 视频编解码器: 未知, 音频编解码器: 未知
分类: 卫视频道, 名称: 安徽卫视, 有效: 6, IPv4: 297, IPv6: 0, 最小延迟: 11 ms, 最高速率: 7.27 M/s, 平均速率: 1.76 M/s, 最高分辨率: 1920x1080, 平均帧率: 25.00, 视频编解码器: h264, 音频编解码器: aac
分类: 卫视频道, 名称: 天津卫视, 有效: 5, IPv4: 301, IPv6: 0, 最小延迟: 11 ms, 最高速率: 6.84 M/s, 平均速率: 2.40 M/s, 最高分辨率: 1920x1080, 平均帧率: 25.00, 视频编解码器: h264, 音频编解码器: aac
分类: 卫视频道, 名称: 重庆卫视, 有效: 5, IPv4: 467, IPv6: 0, 最小延迟: 12 ms, 最高速率: 0.85 M/s, 平均速率: 0.75 M/s, 最高分辨率: 1920x1080, 平均帧率: 未知, 视频编解码器: 未知, 音频编解码器: 未知
分类: 卫视频道, 名称: 东方卫视, 有效: 7, IPv4: 1559, IPv6: 0, 最小延迟: 22 ms, 最高速率: 4.05 M/s, 平均速率: 1.17 M/s, 最高分辨率: 1920x1080, 平均帧率: 未知, 视频编解码器: 未知, 音频编解码器: 未知
分类: 卫视频道, 名称: 东南卫视, 有效: 5, IPv4: 329, IPv6: 0, 最小延迟: 10 ms, 最高速率: 0.80 M/s, 平均速率: 0.71 M/s, 最高分辨率: 1920x1080, 平均帧率: 未知, 视频编解码器: 未知, 音频编解码器: 未知
分类: 卫视频道, 名称: 甘肃卫视, 有效: 7, IPv4: 242, IPv6: 0, 最小延迟: 56 ms, 最高速率: 7.23 M/s, 平均速率: 3.35 M/s, 最高分辨率: 1920x1080, 平均帧率: 25.00, 视频编解码器: h264, 音频编解码器: aac
分类: 卫视频道, 名称: 广西卫视, 有效: 5, IPv4: 270, IPv6: 0, 最小延迟: 11 ms, 最高速率: 5.63 M/s, 平均速率: 2.33 M/s, 最高分辨率: 1920x1080, 平均帧率: 未知, 视频编解码器: 未知, 音频编解码器: 未知
分类: 卫视频道, 名称: 贵州卫视, 有效: 7, IPv4: 340, IPv6: 0, 最小延迟: 16 ms, 最高速率: 6.14 M/s, 平均速率: 2.35 M/s, 最高分辨率: 1920x1080, 平均帧率: 25.00, 视频编解码器: h264, 音频编解码器: mp2
分类: 卫视频道, 名称: 海南卫视, 有效: 5, IPv4: 245, IPv6: 0, 最小延迟: 11 ms, 最高速率: 1.44 M/s, 平均速率: 0.92 M/s, 最高分辨率: 1920x1080, 平均帧率: 未知, 视频编解码器: 未知, 音频编解码器: 未知
分类: 卫视频道, 名称: 河北卫视, 有效: 5, IPv4: 315, IPv6: 0, 最小延迟: 11 ms, 最高速率: 0.80 M/s, 平均速率: 0.58 M/s, 最高分辨率: 1920x1080, 平均帧率: 未知, 视频编解码器: 未知, 音频编解码器: 未知
分类: 卫视频道, 名称: 河南卫视, 有效: 8, IPv4: 968, IPv6: 0, 最小延迟: 528 ms, 最高速率: 0.85 M/s, 平均速率: 0.70 M/s, 最高分辨率: 1920x1080, 平均帧率: 未知, 视频编解码器: 未知, 音频编解码器: 未知
分类: 卫视频道, 名称: 吉林卫视, 有效: 5, IPv4: 284, IPv6: 0, 最小延迟: 15 ms, 最高速率: 0.74 M/s, 平均速率: 0.51 M/s, 最高分辨率: 1920x1080, 平均帧率: 24.00, 视频编解码器: h264, 音频编解码器: aac
分类: 卫视频道, 名称: 江苏卫视, 有效: 5, IPv4: 459, IPv6: 0, 最小延迟: 12 ms, 最高速率: 7.43 M/s, 平均速率: 2.75 M/s, 最高分辨率: 3840x2160, 平均帧率: 未知, 视频编解码器: 未知, 音频编解码器: 未知
分类: 卫视频道, 名称: 江西卫视, 有效: 6, IPv4: 302, IPv6: 0, 最小延迟: 584 ms, 最高速率: 6.65 M/s, 平均速率: 2.58 M/s, 最高分辨率: 1920x1080, 平均帧率: 未知, 视频编解码器: 未知, 音频编解码器: 未知
分类: 卫视频道, 名称: 辽宁卫视, 有效: 6, IPv4: 381, IPv6: 0, 最小延迟: 11 ms, 最高速率: 4.98 M/s, 平均速率: 2.87 M/s, 最高分辨率: 1920x1080, 平均帧率: 未知, 视频编解码器: 未知, 音频编解码器: 未知
分类: 卫视频道, 名称: 广东卫视, 有效: 5, IPv4: 486, IPv6: 0, 最小延迟: 471 ms, 最高速率: 5.40 M/s, 平均速率: 4.00 M/s, 最高分辨率: 3840x2160, 平均帧率: 未知, 视频编解码器: 未知, 音频编解码器: 未知
分类: 卫视频道, 名称: 黑龙江卫视, 有效: 7, IPv4: 229, IPv6: 0, 最小延迟: 272 ms, 最高速率: 3.11 M/s, 平均速率: 1.12 M/s, 最高分辨率: 1920x1080, 平均帧率: 未知, 视频编解码器: 未知, 音频编解码器: 未知
分类: 卫视频道, 名称: 内蒙古卫视, 有效: 5, IPv4: 93, IPv6: 0, 最小延迟: 10 ms, 最高速率: 7.64 M/s, 平均速率: 2.01 M/s, 最高分辨率: 1920x1080, 平均帧率: 未知, 视频编解码器: 未知, 音频编解码器: 未知
分类: 卫视频道, 名称: 宁夏卫视, 有效: 5, IPv4: 84, IPv6: 0, 最小延迟: 10 ms, 最高速率: 23.75 M/s, 平均速率: 5.48 M/s, 最高分辨率: 1920x1080, 平均帧率: 25.00, 视频编解码器: h264, 音频编解码器: aac
分类: 卫视频道, 名称: 青海卫视, 有效: 6, IPv4: 206, IPv6: 0, 最小延迟: 271 ms, 最高速率: 3.97 M/s, 平均速率: 1.31 M/s, 最高分辨率: 1920x1080, 平均帧率: 25.00, 视频编解码器: h264, 音频编解码器: aac
分类: 卫视频道, 名称: 山西卫视, 有效: 5, IPv4: 124, IPv6: 0, 最小延迟: 11 ms, 最高速率: 3.11 M/s, 平均速率: 1.04 M/s, 最高分辨率: 1920x1080, 平均帧率: 32.38, 视频编解码器: h264, 音频编解码器: mp2
分类: 卫视频道, 名称: 陕西卫视, 有效: 6, IPv4: 175, IPv6: 0, 最小延迟: 129 ms, 最高速率: 5.19 M/s, 平均速率: 1.22 M/s, 最高分辨率: 1920x1080, 平均帧率: 未知, 视频编解码器: 未知, 音频编解码器: 未知
分类: 卫视频道, 名称: 香港卫视, 有效: 0, IPv4: 1, IPv6: 0, 最小延迟: -1 ms, 最高速率: 0.00 M/s, 平均速率: 0.00 M/s, 最高分辨率: None, 平均帧率: 未知, 视频编解码器: 未知, 音频编解码器: 未知
分类: 卫视频道, 名称: 四川卫视, 有效: 5, IPv4: 488, IPv6: 0, 最小延迟: 13 ms, 最高速率: 6.65 M/s, 平均速率: 2.16 M/s, 最高分辨率: 3840x2160, 平均帧率: 未知, 视频编解码器: 未知, 音频编解码器: 未知
分类: 卫视频道, 名称: 深圳卫视, 有效: 5, IPv4: 387, IPv6: 0, 最小延迟: 12 ms, 最高速率: 2.73 M/s, 平均速率: 1.51 M/s, 最高分辨率: 3840x2160, 平均帧率: 未知, 视频编解码器: 未知, 音频编解码器: 未知
分类: 卫视频道, 名称: 厦门卫视, 有效: 5, IPv4: 35, IPv6: 0, 最小延迟: 10 ms, 最高速率: 8.82 M/s, 平均速率: 4.07 M/s, 最高分辨率: 1920x1080, 平均帧率: 未知, 视频编解码器: 未知, 音频编解码器: 未知
分类: 卫视频道, 名称: 云南卫视, 有效: 6, IPv4: 248, IPv6: 0, 最小延迟: 11 ms, 最高速率: 6.99 M/s, 平均速率: 1.49 M/s, 最高分辨率: 1920x1080, 平均帧率: 未知, 视频编解码器: 未知, 音频编解码器: 未知
分类: 卫视频道, 名称: 新疆卫视, 有效: 5, IPv4: 105, IPv6: 0, 最小延迟: 524 ms, 最高速率: 1.10 M/s, 平均速率: 0.57 M/s, 最高分辨率: 1920x1080, 平均帧率: 25.00, 视频编解码器: h264, 音频编解码器: aac
分类: 卫视频道, 名称: 西藏卫视, 有效: 5, IPv4: 93, IPv6: 0, 最小延迟: 529 ms, 最高速率: 3.64 M/s, 平均速率: 2.28 M/s, 最高分辨率: 1920x1080, 平均帧率: 25.00, 视频编解码器: h264, 音频编解码器: mp2
分类: 卫视频道, 名称: 三沙卫视, 有效: 5, IPv4: 52, IPv6: 0, 最小延迟: 9 ms, 最高速率: 0.66 M/s, 平均速率: 0.40 M/s, 最高分辨率: 1920x1080, 平均帧率: 未知, 视频编解码器: 未知, 音频编解码器: 未知
分类: 卫视频道, 名称: 海峡卫视, 有效: 4, IPv4: 10, IPv6: 0, 最小延迟: 533 ms, 最高速率: 0.81 M/s, 平均速率: 0.66 M/s, 最高分辨率: 1920x1080, 平均帧率: 未知, 视频编解码器: 未知, 音频编解码器: 未知
分类: 卫视频道, 名称: 延边卫视, 有效: 3, IPv4: 14, IPv6: 0, 最小延迟: 560 ms, 最高速率: 3.50 M/s, 平均速率: 2.01 M/s, 最高分辨率: 1920x1080, 平均帧率: 未知, 视频编解码器: 未知, 音频编解码器: 未知
分类: 卫视频道, 名称: 兵团卫视, 有效: 5, IPv4: 31, IPv6: 0, 最小延迟: 259 ms, 最高速率: 0.89 M/s, 平均速率: 0.59 M/s, 最高分辨率: 1920x1080, 平均帧率: 未知, 视频编解码器: 未知, 音频编解码器: 未知
分类: 卫视频道, 名称: 康巴卫视, 有效: 3, IPv4: 6, IPv6: 0, 最小延迟: 560 ms, 最高速率: 0.79 M/s, 平均速率: 0.73 M/s, 最高分辨率: 1920x1080, 平均帧率: 未知, 视频编解码器: 未知, 音频编解码器: 未知
分类: 卫视频道, 名称: 大湾区卫视, 有效: 5, IPv4: 41, IPv6: 0, 最小延迟: 8 ms, 最高速率: 3.84 M/s, 平均速率: 2.08 M/s, 最高分辨率: 1920x1080, 平均帧率: 未知, 视频编解码器: 未知, 音频编解码器: 未知
分类: 卫视频道, 名称: 凤凰卫视, 有效: 1, IPv4: 4, IPv6: 0, 最小延迟: 283 ms, 最高速率: 0.27 M/s, 平均速率: 0.27 M/s, 最高分辨率: 1920x1080, 平均帧率: 未知, 视频编解码器: 未知, 音频编解码器: 未知
分类: 卫视频道, 名称: 中国天气, 有效: 2, IPv4: 14, IPv6: 0, 最小延迟: 505 ms, 最高速率: 0.85 M/s, 平均速率: 0.81 M/s, 最高分辨率: 1920x1080, 平均帧率: 未知, 视频编解码器: 未知, 音频编解码器: 未知
分类: 高清频道, 名称: 央视台球, 有效: 5, IPv4: 60, IPv6: 0, 最小延迟: 521 ms, 最高速率: 1.68 M/s, 平均速率: 0.94 M/s, 最高分辨率: 1920x1080, 平均帧率: 未知, 视频编解码器: 未知, 音频编解码器: 未知
分类: 高清频道, 名称: 电视指南, 有效: 5, IPv4: 10, IPv6: 0, 最小延迟: 551 ms, 最高速率: 4.71 M/s, 平均速率: 1.44 M/s, 最高分辨率: 1920x1080, 平均帧率: 25.00, 视频编解码器: h264, 音频编解码器: aac
分类: 高清频道, 名称: 风云足球, 有效: 5, IPv4: 21, IPv6: 0, 最小延迟: 9 ms, 最高速率: 17.05 M/s, 平均速率: 5.92 M/s, 最高分辨率: 1920x1080, 平均帧率: 未知, 视频编解码器: 未知, 音频编解码器: 未知
分类: 高清频道, 名称: 女性时尚, 有效: 6, IPv4: 26, IPv6: 0, 最小延迟: 9 ms, 最高速率: 21.73 M/s, 平均速率: 6.20 M/s, 最高分辨率: 1920x1080, 平均帧率: 未知, 视频编解码器: 未知, 音频编解码器: 未知
分类: 高清频道, 名称: 卫生健康, 有效: 2, IPv4: 4, IPv6: 0, 最小延迟: 544 ms, 最高速率: 0.23 M/s, 平均速率: 0.22 M/s, 最高分辨率: 1920x1080, 平均帧率: 未知, 视频编解码器: 未知, 音频编解码器: 未知
分类: 高清频道, 名称: 第一剧场, 有效: 5, IPv4: 60, IPv6: 0, 最小延迟: 11 ms, 最高速率: 3.95 M/s, 平均速率: 1.30 M/s, 最高分辨率: 1920x1080, 平均帧率: 未知, 视频编解码器: 未知, 音频编解码器: 未知
分类: 高清频道, 名称: 风云剧场, 有效: 7, IPv4: 43, IPv6: 0, 最小延迟: 19 ms, 最高速率: 4.78 M/s, 平均速率: 1.53 M/s, 最高分辨率: 1920x1080, 平均帧率: 未知, 视频编解码器: 未知, 音频编解码器: 未知
分类: 高清频道, 名称: 怀旧剧场, 有效: 6, IPv4: 67, IPv6: 0, 最小延迟: 61 ms, 最高速率: 7.01 M/s, 平均速率: 3.19 M/s, 最高分辨率: 1920x1080, 平均帧率: 未知, 视频编解码器: 未知, 音频编解码器: 未知
分类: 高清频道, 名称: 风云音乐, 有效: 7, IPv4: 29, IPv6: 0, 最小延迟: 9 ms, 最高速率: 6.83 M/s, 平均速率: 2.22 M/s, 最高分辨率: 1920x1080, 平均帧率: 30.00, 视频编解码器: h264, 音频编解码器: aac
分类: 高清频道, 名称: 高尔夫网球, 有效: 6, IPv4: 41, IPv6: 0, 最小延迟: 10 ms, 最高速率: 1.56 M/s, 平均速率: 0.82 M/s, 最高分辨率: 1920x1080, 平均帧率: 未知, 视频编解码器: 未知, 音频编解码器: 未知
分类: 高清频道, 名称: 文化精品, 有效: 6, IPv4: 29, IPv6: 0, 最小延迟: 11 ms, 最高速率: 6.92 M/s, 平均速率: 2.44 M/s, 最高分辨率: 1920x1080, 平均帧率: 未知, 视频编解码器: 未知, 音频编解码器: 未知
分类: 高清频道, 名称: 世界地理, 有效: 5, IPv4: 39, IPv6: 0, 最小延迟: 10 ms, 最高速率: 2.15 M/s, 平均速率: 1.27 M/s, 最高分辨率: 1920x1080, 平均帧率: 未知, 视频编解码器: 未知, 音频编解码器: 未知
分类: 高清频道, 名称: 兵器科技, 有效: 6, IPv4: 33, IPv6: 0, 最小延迟: 59 ms, 最高速率: 22.24 M/s, 平均速率: 6.17 M/s, 最高分辨率: 1920x1080, 平均帧率: 50.00, 视频编解码器: h264, 音频编解码器: aac
分类: 高清频道, 名称: 求索频道, 有效: 0, IPv4: 2, IPv6: 0, 最小延迟: 549 ms, 最高速率: 0.00 M/s, 平均速率: 0.00 M/s, 最高分辨率: None, 平均帧率: 未知, 视频编解码器: 未知, 音频编解码器: 未知
分类: 高清频道, 名称: 都市剧场, 有效: 3, IPv4: 11, IPv6: 0, 最小延迟: 524 ms, 最高速率: 6.82 M/s, 平均速率: 2.64 M/s, 最高分辨率: 1920x1080, 平均帧率: 未知, 视频编解码器: 未知, 音频编解码器: 未知
分类: 高清频道, 名称: 游戏风云, 有效: 1, IPv4: 9, IPv6: 0, 最小延迟: 524 ms, 最高速率: 0.72 M/s, 平均速率: 0.72 M/s, 最高分辨率: 1920x1080, 平均帧率: 未知, 视频编解码器: 未知, 音频编解码器: 未知
分类: 高清频道, 名称: 新视觉, 有效: 0, IPv4: 1, IPv6: 0, 最小延迟: -1 ms, 最高速率: 0.00 M/s, 平均速率: 0.00 M/s, 最高分辨率: 1920x1080, 平均帧率: 未知, 视频编解码器: 未知, 音频编解码器: 未知
分类: 高清频道, 名称: 生活时尚, 有效: 2, IPv4: 8, IPv6: 0, 最小延迟: 529 ms, 最高速率: 0.74 M/s, 平均速率: 0.74 M/s, 最高分辨率: 1920x1080, 平均帧率: 未知, 视频编解码器: 未知, 音频编解码器: 未知
分类: 高清频道, 名称: 欢笑剧场, 有效: 3, IPv4: 10, IPv6: 0, 最小延迟: 511 ms, 最高速率: 7.46 M/s, 平均速率: 2.83 M/s, 最高分辨率: 3840x2160, 平均帧率: 未知, 视频编解码器: 未知, 音频编解码器: 未知
分类: 高清频道, 名称: 快乐垂钓, 有效: 6, IPv4: 84, IPv6: 0, 最小延迟: 70 ms, 最高速率: 0.81 M/s, 平均速率: 0.77 M/s, 最高分辨率: 1920x1080, 平均帧率: 未知, 视频编解码器: 未知, 音频编解码器: 未知
分类: 高清频道, 名称: 法制天地, 有效: 0, IPv4: 3, IPv6: 0, 最小延迟: 2909 ms, 最高速率: 0.07 M/s, 平均速率: 0.00 M/s, 最高分辨率: 1920x1080, 平均帧率: 未知, 视频编解码器: 未知, 音频编解码器: 未知
分类: 高清频道, 名称: 动漫秀场, 有效: 1, IPv4: 11, IPv6: 0, 最小延迟: 521 ms, 最高速率: 0.79 M/s, 平均速率: 0.79 M/s, 最高分辨率: 1920x1080, 平均帧率: 未知, 视频编解码器: 未知, 音频编解码器: 未知
分类: 高清频道, 名称: 乐游, 有效: 1, IPv4: 6, IPv6: 0, 最小延迟: 516 ms, 最高速率: 0.70 M/s, 平均速率: 0.70 M/s, 最高分辨率: 1920x1080, 平均帧率: 未知, 视频编解码器: 未知, 音频编解码器: 未知
分类: 儿童频道, 名称: 山东少儿, 有效: 9, IPv4: 21, IPv6: 0, 最小延迟: 476 ms, 最高速率: 0.91 M/s, 平均速率: 0.75 M/s, 最高分辨率: 1920x1080, 平均帧率: 未知, 视频编解码器: 未知, 音频编解码器: 未知
分类: 儿童频道, 名称: 浙江少儿, 有效: 0, IPv4: 3, IPv6: 0, 最小延迟: 1356 ms, 最高速率: 0.08 M/s, 平均速率: 0.00 M/s, 最高分辨率: 1920x1080, 平均帧率: 25.00, 视频编解码器: h264, 音频编解码器: aac
分类: 儿童频道, 名称: 嘉佳卡通, 有效: 5, IPv4: 38, IPv6: 0, 最小延迟: 38 ms, 最高速率: 6.71 M/s, 平均速率: 1.64 M/s, 最高分辨率: 1920x1080, 平均帧率: 未知, 视频编解码器: 未知, 音频编解码器: 未知
分类: 儿童频道, 名称: 卡酷少儿, 有效: 7, IPv4: 143, IPv6: 0, 最小延迟: 15 ms, 最高速率: 5.02 M/s, 平均速率: 2.42 M/s, 最高分辨率: 1920x1080, 平均帧率: 未知, 视频编解码器: 未知, 音频编解码器: 未知
分类: 儿童频道, 名称: 哈哈炫动, 有效: 3, IPv4: 16, IPv6: 0, 最小延迟: 275 ms, 最高速率: 6.75 M/s, 平均速率: 4.48 M/s, 最高分辨率: 1920x1080, 平均帧率: 未知, 视频编解码器: 未知, 音频编解码器: 未知
分类: 儿童频道, 名称: 优漫卡通, 有效: 2, IPv4: 17, IPv6: 0, 最小延迟: 278 ms, 最高速率: 7.90 M/s, 平均速率: 5.20 M/s, 最高分辨率: 1920x1080, 平均帧率: 25.00, 视频编解码器: h264, 音频编解码器: aac
分类: 儿童频道, 名称: 黑莓动画, 有效: 0, IPv4: 9, IPv6: 0, 最小延迟: -1 ms, 最高速率: 0.00 M/s, 平均速率: 0.00 M/s, 最高分辨率: None, 平均帧率: 未知, 视频编解码器: 未知, 音频编解码器: 未知
分类: 儿童频道, 名称: 金鹰卡通, 有效: 5, IPv4: 211, IPv6: 0, 最小延迟: 123 ms, 最高速率: 0.86 M/s, 平均速率: 0.75 M/s, 最高分辨率: 1920x1080, 平均帧率: 未知, 视频编解码器: 未知, 音频编解码器: 未知
分类: 儿童频道, 名称: 喜羊羊与灰太狼, 有效: 0, IPv4: 1, IPv6: 0, 最小延迟: -1 ms, 最高速率: 0.00 M/s, 平均速率: 0.00 M/s, 最高分辨率: None, 平均帧率: 未知, 视频编解码器: 未知, 音频编解码器: 未知
分类: 儿童频道, 名称: 猫和老鼠, 有效: 0, IPv4: 1, IPv6: 0, 最小延迟: -1 ms, 最高速率: 0.00 M/s, 平均速率: 0.00 M/s, 最高分辨率: None, 平均帧率: 未知, 视频编解码器: 未知, 音频编解码器: 未知
分类: 儿童频道, 名称: 爱动漫, 有效: 0, IPv4: 2, IPv6: 0, 最小延迟: 537 ms, 最高速率: 0.00 M/s, 平均速率: 0.00 M/s, 最高分辨率: None, 平均帧率: 未知, 视频编解码器: 未知, 音频编解码器: 未知
分类: 体育频道, 名称: 超级体育, 有效: 0, IPv4: 6, IPv6: 0, 最小延迟: -1 ms, 最高速率: 0.00 M/s, 平均速率: 0.00 M/s, 最高分辨率: 1920x1080, 平均帧率: 未知, 视频编解码器: 未知, 音频编解码器: 未知
分类: 儿童频道, 名称: 新动漫, 有效: 1, IPv4: 10, IPv6: 0, 最小延迟: 534 ms, 最高速率: 0.87 M/s, 平均速率: 0.72 M/s, 最高分辨率: 3840x2160, 平均帧率: 未知, 视频编解码器: 未知, 音频编解码器: 未知
分类: 体育频道, 名称: 纬来体育, 有效: 0, IPv4: 3, IPv6: 0, 最小延迟: -1 ms, 最高速率: 0.00 M/s, 平均速率: 0.00 M/s, 最高分辨率: None, 平均帧率: 未知, 视频编解码器: 未知, 音频编解码器: 未知
分类: 体育频道, 名称: 广东体育, 有效: 5, IPv4: 29, IPv6: 0, 最小延迟: 9 ms, 最高速率: 0.89 M/s, 平均速率: 0.67 M/s, 最高分辨率: 1920x1080, 平均帧率: 未知, 视频编解码器: 未知, 音频编解码器: 未知
分类: 体育频道, 名称: 五星体育, 有效: 0, IPv4: 6, IPv6: 0, 最小延迟: 1054 ms, 最高速率: 0.19 M/s, 平均速率: 0.00 M/s, 最高分辨率: 1920x1080, 平均帧率: 未知, 视频编解码器: 未知, 音频编解码器: 未知
分类: 体育频道, 名称: 体育赛事, 有效: 0, IPv4: 6, IPv6: 0, 最小延迟: 511 ms, 最高速率: 0.00 M/s, 平均速率: 0.00 M/s, 最高分辨率: None, 平均帧率: 未知, 视频编解码器: 未知, 音频编解码器: 未知
分类: 体育频道, 名称: 劲爆体育, 有效: 0, IPv4: 5, IPv6: 0, 最小延迟: 2317 ms, 最高速率: 0.09 M/s, 平均速率: 0.00 M/s, 最高分辨率: 1920x1080, 平均帧率: 未知, 视频编解码器: 未知, 音频编解码器: 未知
分类: 体育频道, 名称: 精品体育, 有效: 0, IPv4: 6, IPv6: 0, 最小延迟: -1 ms, 最高速率: 0.00 M/s, 平均速率: 0.00 M/s, 最高分辨率: None, 平均帧率: 未知, 视频编解码器: 未知, 音频编解码器: 未知
分类: 体育频道, 名称: 爱体育, 有效: 2, IPv4: 4, IPv6: 0, 最小延迟: 533 ms, 最高速率: 0.29 M/s, 平均速率: 0.25 M/s, 最高分辨率: 1920x1080, 平均帧率: 未知, 视频编解码器: 未知, 音频编解码器: 未知
分类: 体育频道, 名称: 广州竞赛, 有效: 0, IPv4: 3, IPv6: 0, 最小延迟: 10616 ms, 最高速率: 0.01 M/s, 平均速率: 0.00 M/s, 最高分辨率: 1280x720, 平均帧率: 未知, 视频编解码器: 未知, 音频编解码器: 未知
分类: 体育频道, 名称: 山东体育, 有效: 10, IPv4: 20, IPv6: 0, 最小延迟: 475 ms, 最高速率: 0.93 M/s, 平均速率: 0.83 M/s, 最高分辨率: 1920x1080, 平均帧率: 未知, 视频编解码器: 未知, 音频编解码器: 未知
分类: 体育频道, 名称: 江苏体育, 有效: 0, IPv4: 1, IPv6: 0, 最小延迟: -1 ms, 最高速率: 0.00 M/s, 平均速率: 0.00 M/s, 最高分辨率: None, 平均帧率: 未知, 视频编解码器: 未知, 音频编解码器: 未知
分类: 体育频道, 名称: 天津体育, 有效: 4, IPv4: 4, IPv6: 0, 最小延迟: 846 ms, 最高速率: 2.96 M/s, 平均速率: 2.41 M/s, 最高分辨率: 1920x1080, 平均帧率: 未知, 视频编解码器: 未知, 音频编解码器: 未知
分类: 体育频道, 名称: 安徽综艺体育, 有效: 1, IPv4: 3, IPv6: 0, 最小延迟: 504 ms, 最高速率: 0.84 M/s, 平均速率: 0.84 M/s, 最高分辨率: 1920x1080, 平均帧率: 未知, 视频编解码器: 未知, 音频编解码器: 未知
分类: 体育频道, 名称: 睛彩篮球, 有效: 4, IPv4: 13, IPv6: 0, 最小延迟: 558 ms, 最高速率: 0.96 M/s, 平均速率: 0.85 M/s, 最高分辨率: 1920x1080, 平均帧率: 未知, 视频编解码器: 未知, 音频编解码器: 未知
分类: 体育频道, 名称: 睛彩羽毛球, 有效: 5, IPv4: 7, IPv6: 0, 最小延迟: 546 ms, 最高速率: 0.96 M/s, 平均速率: 0.78 M/s, 最高分辨率: 1920x1080, 平均帧率: 未知, 视频编解码器: 未知, 音频编解码器: 未知
分类: 体育频道, 名称: 睛彩广场舞, 有效: 4, IPv4: 8, IPv6: 0, 最小延迟: 540 ms, 最高速率: 0.85 M/s, 平均速率: 0.76 M/s, 最高分辨率: 1920x1080, 平均帧率: 未知, 视频编解码器: 未知, 音频编解码器: 未知
分类: 体育频道, 名称: 足球频道, 有效: 0, IPv4: 1, IPv6: 0, 最小延迟: -1 ms, 最高速率: 0.00 M/s, 平均速率: 0.00 M/s, 最高分辨率: 1920x1080, 平均帧率: 未知, 视频编解码器: 未知, 音频编解码器: 未知
分类: 体育频道, 名称: 博斯网球, 有效: 0, IPv4: 2, IPv6: 0, 最小延迟: -1 ms, 最高速率: 0.00 M/s, 平均速率: 0.00 M/s, 最高分辨率: None, 平均帧率: 未知, 视频编解码器: 未知, 音频编解码器: 未知
分类: 体育频道, 名称: 博斯高球, 有效: 0, IPv4: 4, IPv6: 0, 最小延迟: -1 ms, 最高速率: 0.00 M/s, 平均速率: 0.00 M/s, 最高分辨率: None, 平均帧率: 未知, 视频编解码器: 未知, 音频编解码器: 未知
分类: 体育频道, 名称: 博斯运动, 有效: 0, IPv4: 2, IPv6: 0, 最小延迟: -1 ms, 最高速率: 0.00 M/s, 平均速率: 0.00 M/s, 最高分辨率: None, 平均帧率: 未知, 视频编解码器: 未知, 音频编解码器: 未知
分类: 体育频道, 名称: 智林体育, 有效: 0, IPv4: 1, IPv6: 0, 最小延迟: -1 ms, 最高速率: 0.00 M/s, 平均速率: 0.00 M/s, 最高分辨率: None, 平均帧率: 未知, 视频编解码器: 未知, 音频编解码器: 未知
分类: 体育频道, 名称: 博斯魅力, 有效: 0, IPv4: 1, IPv6: 0, 最小延迟: -1 ms, 最高速率: 0.00 M/s, 平均速率: 0.00 M/s, 最高分辨率: 1920x1080, 平均帧率: 未知, 视频编解码器: 未知, 音频编解码器: 未知
分类: 体育频道, 名称: 魅力足球, 有效: 0, IPv4: 7, IPv6: 0, 最小延迟: 524 ms, 最高速率: 0.00 M/s, 平均速率: 0.00 M/s, 最高分辨率: None, 平均帧率: 未知, 视频编解码器: 未知, 音频编解码器: 未知
分类: 体育频道, 名称: JJ斗地主, 有效: 0, IPv4: 5, IPv6: 0, 最小延迟: -1 ms, 最高速率: 0.00 M/s, 平均速率: 0.00 M/s, 最高分辨率: None, 平均帧率: 未知, 视频编解码器: 未知, 音频编解码器: 未知
分类: 体育频道, 名称: 天元围棋, 有效: 5, IPv4: 17, IPv6: 0, 最小延迟: 282 ms, 最高速率: 2.27 M/s, 平均速率: 1.40 M/s, 最高分辨率: 1920x1080, 平均帧率: 未知, 视频编解码器: 未知, 音频编解码器: 未知
分类: 香港频道, 名称: 凤凰卫视中文台, 有效: 4, IPv4: 15, IPv6: 0, 最小延迟: 528 ms, 最高速率: 1.31 M/s, 平均速率: 0.64 M/s, 最高分辨率: 3840x2160, 平均帧率: 未知, 视频编解码器: 未知, 音频编解码器: 未知
分类: 香港频道, 名称: 凤凰卫视资讯台, 有效: 4, IPv4: 20, IPv6: 0, 最小延迟: 268 ms, 最高速率: 2.89 M/s, 平均速率: 0.88 M/s, 最高分辨率: 1920x1080, 平均帧率: 未知, 视频编解码器: 未知, 音频编解码器: 未知
分类: 香港频道, 名称: 无线翡翠, 有效: 0, IPv4: 3, IPv6: 0, 最小延迟: -1 ms, 最高速率: 0.00 M/s, 平均速率: 0.00 M/s, 最高分辨率: None, 平均帧率: 未知, 视频编解码器: 未知, 音频编解码器: 未知
分类: 香港频道, 名称: 无线明珠, 有效: 0, IPv4: 2, IPv6: 0, 最小延迟: -1 ms, 最高速率: 0.00 M/s, 平均速率: 0.00 M/s, 最高分辨率: None, 平均帧率: 未知, 视频编解码器: 未知, 音频编解码器: 未知
分类: 香港频道, 名称: 无线星河, 有效: 0, IPv4: 1, IPv6: 0, 最小延迟: -1 ms, 最高速率: 0.00 M/s, 平均速率: 0.00 M/s, 最高分辨率: None, 平均帧率: 未知, 视频编解码器: 未知, 音频编解码器: 未知
分类: 香港频道, 名称: 凤凰卫视香港台, 有效: 4, IPv4: 11, IPv6: 0, 最小延迟: 531 ms, 最高速率: 0.59 M/s, 平均速率: 0.37 M/s, 最高分辨率: 1920x1080, 平均帧率: 未知, 视频编解码器: 未知, 音频编解码器: 未知
分类: 香港频道, 名称: 凤凰卫视电影台, 有效: 0, IPv4: 5, IPv6: 0, 最小延迟: 10410 ms, 最高速率: 0.00 M/s, 平均速率: 0.00 M/s, 最高分辨率: None, 平均帧率: 未知, 视频编解码器: 未知, 音频编解码器: 未知
分类: 香港频道, 名称: 无线功夫, 有效: 0, IPv4: 1, IPv6: 0, 最小延迟: -1 ms, 最高速率: 0.00 M/s, 平均速率: 0.00 M/s, 最高分辨率: None, 平均帧率: 未知, 视频编解码器: 未知, 音频编解码器: 未知
分类: 香港频道, 名称: 无线新闻, 有效: 3, IPv4: 13, IPv6: 0, 最小延迟: 906 ms, 最高速率: 2.92 M/s, 平均速率: 1.20 M/s, 最高分辨率: 1920x1080, 平均帧率: 未知, 视频编解码器: 未知, 音频编解码器: 未知
分类: 香港频道, 名称: 无线华丽, 有效: 0, IPv4: 3, IPv6: 0, 最小延迟: -1 ms, 最高速率: 0.00 M/s, 平均速率: 0.00 M/s, 最高分辨率: None, 平均帧率: 未知, 视频编解码器: 未知, 音频编解码器: 未知
分类: 香港频道, 名称: 无线体育, 有效: 0, IPv4: 1, IPv6: 0, 最小延迟: -1 ms, 最高速率: 0.00 M/s, 平均速率: 0.00 M/s, 最高分辨率: 1280x720, 平均帧率: 未知, 视频编解码器: 未知, 音频编解码器: 未知
分类: 香港频道, 名称: 无线经典, 有效: 0, IPv4: 1, IPv6: 0, 最小延迟: -1 ms, 最高速率: 0.00 M/s, 平均速率: 0.00 M/s, 最高分辨率: 1920x1080, 平均帧率: 未知, 视频编解码器: 未知, 音频编解码器: 未知
分类: 香港频道, 名称: 无线千禧, 有效: 0, IPv4: 1, IPv6: 0, 最小延迟: -1 ms, 最高速率: 0.00 M/s, 平均速率: 0.00 M/s, 最高分辨率: None, 平均帧率: 未知, 视频编解码器: 未知, 音频编解码器: 未知
分类: 香港频道, 名称: 无线娱乐, 有效: 0, IPv4: 1, IPv6: 0, 最小延迟: -1 ms, 最高速率: 0.00 M/s, 平均速率: 0.00 M/s, 最高分辨率: None, 平均帧率: 未知, 视频编解码器: 未知, 音频编解码器: 未知
分类: 香港频道, 名称: 翡翠台, 有效: 2, IPv4: 25, IPv6: 0, 最小延迟: 1105 ms, 最高速率: 0.80 M/s, 平均速率: 0.54 M/s, 最高分辨率: 1920x1080, 平均帧率: 25.00, 视频编解码器: mpeg2video, 音频编解码器: mp2
分类: 香港频道, 名称: 明珠台, 有效: 1, IPv4: 11, IPv6: 0, 最小延迟: 5857 ms, 最高速率: 0.21 M/s, 平均速率: 0.21 M/s, 最高分辨率: 1920x1080, 平均帧率: 未知, 视频编解码器: 未知, 音频编解码器: 未知
分类: 香港频道, 名称: TVBS, 有效: 5, IPv4: 24, IPv6: 0, 最小延迟: 2343 ms, 最高速率: 1.04 M/s, 平均速率: 0.63 M/s, 最高分辨率: 1920x1080, 平均帧率: 未知, 视频编解码器: 未知, 音频编解码器: 未知
分类: 香港频道, 名称: 黄金翡翠, 有效: 0, IPv4: 1, IPv6: 0, 最小延迟: -1 ms, 最高速率: 0.00 M/s, 平均速率: 0.00 M/s, 最高分辨率: None, 平均帧率: 未知, 视频编解码器: 未知, 音频编解码器: 未知
分类: 香港频道, 名称: 亚洲剧台, 有效: 0, IPv4: 1, IPv6: 0, 最小延迟: -1 ms, 最高速率: 0.00 M/s, 平均速率: 0.00 M/s, 最高分辨率: None, 平均帧率: 未知, 视频编解码器: 未知, 音频编解码器: 未知
分类: 香港频道, 名称: 翡翠娱乐, 有效: 0, IPv4: 1, IPv6: 0, 最小延迟: -1 ms, 最高速率: 0.00 M/s, 平均速率: 0.00 M/s, 最高分辨率: None, 平均帧率: 未知, 视频编解码器: 未知, 音频编解码器: 未知
分类: 香港频道, 名称: 无线金曲, 有效: 0, IPv4: 1, IPv6: 0, 最小延迟: -1 ms, 最高速率: 0.00 M/s, 平均速率: 0.00 M/s, 最高分辨率: 1280x720, 平均帧率: 未知, 视频编解码器: 未知, 音频编解码器: 未知
分类: 香港频道, 名称: 无线奖门, 有效: 0, IPv4: 1, IPv6: 0, 最小延迟: -1 ms, 最高速率: 0.00 M/s, 平均速率: 0.00 M/s, 最高分辨率: 1280x720, 平均帧率: 未知, 视频编解码器: 未知, 音频编解码器: 未知
分类: 香港频道, 名称: 翡翠一台, 有效: 0, IPv4: 2, IPv6: 0, 最小延迟: -1 ms, 最高速率: 0.00 M/s, 平均速率: 0.00 M/s, 最高分辨率: None, 平均帧率: 未知, 视频编解码器: 未知, 音频编解码器: 未知
分类: 香港频道, 名称: 香港C+, 有效: 1, IPv4: 1, IPv6: 0, 最小延迟: 3083 ms, 最高速率: 0.58 M/s, 平均速率: 0.58 M/s, 最高分辨率: 1920x1080, 平均帧率: 未知, 视频编解码器: 未知, 音频编解码器: 未知
分类: 香港频道, 名称: 香港面包台, 有效: 1, IPv4: 1, IPv6: 0, 最小延迟: 3799 ms, 最高速率: 0.90 M/s, 平均速率: 0.90 M/s, 最高分辨率: 1920x1080, 平均帧率: 未知, 视频编解码器: 未知, 音频编解码器: 未知
分类: 香港频道, 名称: 有线亚剧, 有效: 0, IPv4: 1, IPv6: 0, 最小延迟: -1 ms, 最高速率: 0.00 M/s, 平均速率: 0.00 M/s, 最高分辨率: None, 平均帧率: 未知, 视频编解码器: 未知, 音频编解码器: 未知
分类: 香港频道, 名称: 有线综合, 有效: 1, IPv4: 2, IPv6: 0, 最小延迟: 659 ms, 最高速率: 6.27 M/s, 平均速率: 6.27 M/s, 最高分辨率: 1920x1080, 平均帧率: 未知, 视频编解码器: 未知, 音频编解码器: 未知
分类: 香港频道, 名称: TVB Plus, 有效: 1, IPv4: 10, IPv6: 0, 最小延迟: 819 ms, 最高速率: 6.29 M/s, 平均速率: 6.29 M/s, 最高分辨率: 1920x1080, 平均帧率: 未知, 视频编解码器: 未知, 音频编解码器: 未知
分类: 香港频道, 名称: Now星影, 有效: 0, IPv4: 1, IPv6: 0, 最小延迟: -1 ms, 最高速率: 0.00 M/s, 平均速率: 0.00 M/s, 最高分辨率: None, 平均帧率: 未知, 视频编解码器: 未知, 音频编解码器: 未知
分类: 香港频道, 名称: 有线新闻, 有效: 5, IPv4: 17, IPv6: 0, 最小延迟: 429 ms, 最高速率: 3.59 M/s, 平均速率: 0.87 M/s, 最高分辨率: 1920x1080, 平均帧率: 25.00, 视频编解码器: h264, 音频编解码器: aac
分类: 香港频道, 名称: Now财经, 有效: 0, IPv4: 2, IPv6: 0, 最小延迟: -1 ms, 最高速率: 0.00 M/s, 平均速率: 0.00 M/s, 最高分辨率: 1280x720, 平均帧率: 未知, 视频编解码器: 未知, 音频编解码器: 未知
分类: 香港频道, 名称: Now华剧, 有效: 0, IPv4: 1, IPv6: 0, 最小延迟: -1 ms, 最高速率: 0.00 M/s, 平均速率: 0.00 M/s, 最高分辨率: 1280x720, 平均帧率: 未知, 视频编解码器: 未知, 音频编解码器: 未知
分类: 香港频道, 名称: Now英超, 有效: 0, IPv4: 1, IPv6: 0, 最小延迟: -1 ms, 最高速率: 0.00 M/s, 平均速率: 0.00 M/s, 最高分辨率: 1280x720, 平均帧率: 未知, 视频编解码器: 未知, 音频编解码器: 未知
分类: 香港频道, 名称: Now爆谷, 有效: 0, IPv4: 4, IPv6: 0, 最小延迟: -1 ms, 最高速率: 0.00 M/s, 平均速率: 0.00 M/s, 最高分辨率: None, 平均帧率: 未知, 视频编解码器: 未知, 音频编解码器: 未知
分类: 香港频道, 名称: HOY TV, 有效: 0, IPv4: 15, IPv6: 0, 最小延迟: -1 ms, 最高速率: 0.00 M/s, 平均速率: 0.00 M/s, 最高分辨率: None, 平均帧率: 未知, 视频编解码器: 未知, 音频编解码器: 未知
分类: 香港频道, 名称: 港台电视34, 有效: 0, IPv4: 1, IPv6: 0, 最小延迟: -1 ms, 最高速率: 0.00 M/s, 平均速率: 0.00 M/s, 最高分辨率: None, 平均帧率: 未知, 视频编解码器: 未知, 音频编解码器: 未知
分类: 香港频道, 名称: ViuTV, 有效: 1, IPv4: 8, IPv6: 0, 最小延迟: 1172 ms, 最高速率: 1.76 M/s, 平均速率: 1.76 M/s, 最高分辨率: 1920x1080, 平均帧率: 未知, 视频编解码器: 未知, 音频编解码器: 未知
分类: 香港频道, 名称: 港台电视31, 有效: 1, IPv4: 5, IPv6: 0, 最小延迟: 332 ms, 最高速率: 25.82 M/s, 平均速率: 25.82 M/s, 最高分辨率: 1920x1080, 平均帧率: 未知, 视频编解码器: 未知, 音频编解码器: 未知
分类: 香港频道, 名称: 港台电视32, 有效: 1, IPv4: 4, IPv6: 0, 最小延迟: 1329 ms, 最高速率: 6.74 M/s, 平均速率: 6.74 M/s, 最高分辨率: 1920x1080, 平均帧率: 未知, 视频编解码器: 未知, 音频编解码器: 未知
分类: 香港频道, 名称: 娱乐新闻台, 有效: 0, IPv4: 3, IPv6: 0, 最小延迟: -1 ms, 最高速率: 0.00 M/s, 平均速率: 0.00 M/s, 最高分辨率: None, 平均帧率: 未知, 视频编解码器: 未知, 音频编解码器: 未知
分类: 香港频道, 名称: 美亚电视剧, 有效: 0, IPv4: 1, IPv6: 0, 最小延迟: -1 ms, 最高速率: 0.00 M/s, 平均速率: 0.00 M/s, 最高分辨率: None, 平均帧率: 未知, 视频编解码器: 未知, 音频编解码器: 未知
分类: 香港频道, 名称: 美亚电影, 有效: 0, IPv4: 3, IPv6: 0, 最小延迟: -1 ms, 最高速率: 0.00 M/s, 平均速率: 0.00 M/s, 最高分辨率: 1280x720, 平均帧率: 未知, 视频编解码器: 未知, 音频编解码器: 未知
分类: 香港频道, 名称: Now新闻, 有效: 2, IPv4: 7, IPv6: 0, 最小延迟: 272 ms, 最高速率: 34.95 M/s, 平均速率: 18.83 M/s, 最高分辨率: 1920x1080, 平均帧率: 未知, 视频编解码器: 未知, 音频编解码器: 未知
分类: 香港频道, 名称: 经典剧集台, 有效: 0, IPv4: 1, IPv6: 0, 最小延迟: -1 ms, 最高速率: 0.00 M/s, 平均速率: 0.00 M/s, 最高分辨率: 1920x1080, 平均帧率: 未知, 视频编解码器: 未知, 音频编解码器: 未知
分类: 香港频道, 名称: 星空卫视, 有效: 0, IPv4: 7, IPv6: 0, 最小延迟: 571 ms, 最高速率: 0.00 M/s, 平均速率: 0.00 M/s, 最高分辨率: None, 平均帧率: 未知, 视频编解码器: 未知, 音频编解码器: 未知
分类: 香港频道, 名称: 戏曲台, 有效: 0, IPv4: 4, IPv6: 0, 最小延迟: 566 ms, 最高速率: 0.02 M/s, 平均速率: 0.00 M/s, 最高分辨率: 1920x1080, 平均帧率: 未知, 视频编解码器: 未知, 音频编解码器: 未知
分类: 香港频道, 名称: 邵氏电影, 有效: 3, IPv4: 4, IPv6: 0, 最小延迟: 533 ms, 最高速率: 1.34 M/s, 平均速率: 0.73 M/s, 最高分辨率: 1920x1080, 平均帧率: 未知, 视频编解码器: 未知, 音频编解码器: 未知
分类: 香港频道, 名称: 音乐现场台, 有效: 1, IPv4: 3, IPv6: 0, 最小延迟: 519 ms, 最高速率: 0.44 M/s, 平均速率: 0.44 M/s, 最高分辨率: 1920x1080, 平均帧率: 未知, 视频编解码器: 未知, 音频编解码器: 未知
分类: 香港频道, 名称: 纬来日本, 有效: 1, IPv4: 4, IPv6: 0, 最小延迟: 95 ms, 最高速率: 6.41 M/s, 平均速率: 6.41 M/s, 最高分辨率: 1280x720, 平均帧率: 未知, 视频编解码器: 未知, 音频编解码器: 未知
分类: 香港频道, 名称: 纬来电影, 有效: 1, IPv4: 4, IPv6: 0, 最小延迟: 940 ms, 最高速率: 0.98 M/s, 平均速率: 0.98 M/s, 最高分辨率: 1280x720, 平均帧率: 未知, 视频编解码器: 未知, 音频编解码器: 未知
分类: 香港频道, 名称: 纬来综合, 有效: 0, IPv4: 2, IPv6: 0, 最小延迟: -1 ms, 最高速率: 0.00 M/s, 平均速率: 0.00 M/s, 最高分辨率: None, 平均帧率: 未知, 视频编解码器: 未知, 音频编解码器: 未知
分类: 香港频道, 名称: 邵氏武侠, 有效: 3, IPv4: 4, IPv6: 0, 最小延迟: 1152 ms, 最高速率: 0.41 M/s, 平均速率: 0.39 M/s, 最高分辨率: 1920x1080, 平均帧率: 未知, 视频编解码器: 未知, 音频编解码器: 未知
分类: 香港频道, 名称: 纬来戏剧, 有效: 0, IPv4: 2, IPv6: 0, 最小延迟: -1 ms, 最高速率: 0.00 M/s, 平均速率: 0.00 M/s, 最高分辨率: None, 平均帧率: 未知, 视频编解码器: 未知, 音频编解码器: 未知
分类: 香港频道, 名称: 纬来育乐, 有效: 0, IPv4: 3, IPv6: 0, 最小延迟: -1 ms, 最高速率: 0.00 M/s, 平均速率: 0.00 M/s, 最高分辨率: None, 平均帧率: 未知, 视频编解码器: 未知, 音频编解码器: 未知
分类: 香港频道, 名称: 邵氏动作, 有效: 4, IPv4: 5, IPv6: 0, 最小延迟: 1159 ms, 最高速率: 0.43 M/s, 平均速率: 0.36 M/s, 最高分辨率: 1920x1080, 平均帧率: 未知, 视频编解码器: 未知, 音频编解码器: 未知
分类: 香港频道, 名称: 邵氏喜剧, 有效: 2, IPv4: 4, IPv6: 0, 最小延迟: 1047 ms, 最高速率: 0.45 M/s, 平均速率: 0.43 M/s, 最高分辨率: 1920x1080, 平均帧率: 25.00, 视频编解码器: h264, 音频编解码器: aac
分类: 香港频道, 名称: 纬来精采, 有效: 1, IPv4: 1, IPv6: 0, 最小延迟: 7920 ms, 最高速率: 0.28 M/s, 平均速率: 0.28 M/s, 最高分辨率: 1280x720, 平均帧率: 未知, 视频编解码器: 未知, 音频编解码器: 未知
分类: 香港频道, 名称: 重温经典, 有效: 5, IPv4: 14, IPv6: 0, 最小延迟: 549 ms, 最高速率: 5.29 M/s, 平均速率: 2.49 M/s, 最高分辨率: 1920x1080, 平均帧率: 未知, 视频编解码器: 未知, 音频编解码器: 未知
分类: 澳门频道, 名称: 澳门资讯, 有效: 1, IPv4: 2, IPv6: 0, 最小延迟: 6841 ms, 最高速率: 0.39 M/s, 平均速率: 0.39 M/s, 最高分辨率: 1920x1080, 平均帧率: 未知, 视频编解码器: 未知, 音频编解码器: 未知
分类: 澳门频道, 名称: 澳视卫星, 有效: 0, IPv4: 3, IPv6: 0, 最小延迟: 2486 ms, 最高速率: 0.03 M/s, 平均速率: 0.00 M/s, 最高分辨率: 1280x720, 平均帧率: 未知, 视频编解码器: 未知, 音频编解码器: 未知
分类: 澳门频道, 名称: 澳视澳门, 有效: 1, IPv4: 7, IPv6: 0, 最小延迟: 983 ms, 最高速率: 0.28 M/s, 平均速率: 0.28 M/s, 最高分辨率: 1920x1080, 平均帧率: 24.42, 视频编解码器: h264, 音频编解码器: aac
分类: 澳门频道, 名称: 澳门体育, 有效: 0, IPv4: 2, IPv6: 0, 最小延迟: 1163 ms, 最高速率: 0.05 M/s, 平均速率: 0.00 M/s, 最高分辨率: 1280x720, 平均帧率: 未知, 视频编解码器: 未知, 音频编解码器: 未知
分类: 澳门频道, 名称: 澳门综艺, 有效: 0, IPv4: 3, IPv6: 0, 最小延迟: 1309 ms, 最高速率: 0.05 M/s, 平均速率: 0.00 M/s, 最高分辨率: 1080x1920, 平均帧率: 30.30, 视频编解码器: h264, 音频编解码器: aac
分类: 澳门频道, 名称: 澳门莲花, 有效: 1, IPv4: 7, IPv6: 0, 最小延迟: 54 ms, 最高速率: 9.93 M/s, 平均速率: 9.93 M/s, 最高分辨率: 1920x1080, 平均帧率: 未知, 视频编解码器: 未知, 音频编解码器: 未知
分类: 台湾频道, 名称: 台视, 有效: 4, IPv4: 11, IPv6: 0, 最小延迟: 1152 ms, 最高速率: 1.00 M/s, 平均速率: 0.82 M/s, 最高分辨率: 1920x1080, 平均帧率: 未知, 视频编解码器: 未知, 音频编解码器: 未知
分类: 台湾频道, 名称: 民视, 有效: 0, IPv4: 7, IPv6: 0, 最小延迟: -1 ms, 最高速率: 0.00 M/s, 平均速率: 0.00 M/s, 最高分辨率: None, 平均帧率: 未知, 视频编解码器: 未知, 音频编解码器: 未知
分类: 台湾频道, 名称: 公视, 有效: 0, IPv4: 6, IPv6: 0, 最小延迟: -1 ms, 最高速率: 0.00 M/s, 平均速率: 0.00 M/s, 最高分辨率: None, 平均帧率: 未知, 视频编解码器: 未知, 音频编解码器: 未知
分类: 台湾频道, 名称: 华视, 有效: 0, IPv4: 12, IPv6: 0, 最小延迟: 1271 ms, 最高速率: 0.11 M/s, 平均速率: 0.00 M/s, 最高分辨率: 1920x1080, 平均帧率: 未知, 视频编解码器: 未知, 音频编解码器: 未知
分类: 台湾频道, 名称: 中视, 有效: 0, IPv4: 12, IPv6: 0, 最小延迟: 536 ms, 最高速率: 0.00 M/s, 平均速率: 0.00 M/s, 最高分辨率: None, 平均帧率: 未知, 视频编解码器: 未知, 音频编解码器: 未知
分类: 台湾频道, 名称: 华视新闻, 有效: 0, IPv4: 5, IPv6: 0, 最小延迟: -1 ms, 最高速率: 0.00 M/s, 平均速率: 0.00 M/s, 最高分辨率: None, 平均帧率: 未知, 视频编解码器: 未知, 音频编解码器: 未知
分类: 台湾频道, 名称: 台视新闻, 有效: 3, IPv4: 9, IPv6: 0, 最小延迟: 1502 ms, 最高速率: 0.72 M/s, 平均速率: 0.49 M/s, 最高分辨率: 1920x1080, 平均帧率: 未知, 视频编解码器: 未知, 音频编解码器: 未知
分类: 台湾频道, 名称: 三立新闻, 有效: 1, IPv4: 8, IPv6: 0, 最小延迟: 905 ms, 最高速率: 0.23 M/s, 平均速率: 0.23 M/s, 最高分辨率: 1920x1080, 平均帧率: 未知, 视频编解码器: 未知, 音频编解码器: 未知
分类: 台湾频道, 名称: 中视新闻, 有效: 1, IPv4: 12, IPv6: 0, 最小延迟: 81 ms, 最高速率: 6.77 M/s, 平均速率: 0.30 M/s, 最高分辨率: 1920x1080, 平均帧率: 30.00, 视频编解码器: h264, 音频编解码器: aac
分类: 台湾频道, 名称: 民视新闻, 有效: 5, IPv4: 14, IPv6: 0, 最小延迟: 1936 ms, 最高速率: 0.98 M/s, 平均速率: 0.55 M/s, 最高分辨率: 1920x1080, 平均帧率: 27.49, 视频编解码器: h264, 音频编解码器: aac
分类: 台湾频道, 名称: TVBS新闻, 有效: 1, IPv4: 3, IPv6: 0, 最小延迟: 10564 ms, 最高速率: 0.22 M/s, 平均速率: 0.22 M/s, 最高分辨率: 1920x1080, 平均帧率: 未知, 视频编解码器: 未知, 音频编解码器: 未知
分类: 台湾频道, 名称: 东森新闻, 有效: 1, IPv4: 8, IPv6: 0, 最小延迟: 848 ms, 最高速率: 0.63 M/s, 平均速率: 0.63 M/s, 最高分辨率: 1920x1080, 平均帧率: 30.00, 视频编解码器: h264, 音频编解码器: 未知
分类: 台湾频道, 名称: 中天新闻, 有效: 2, IPv4: 12, IPv6: 0, 最小延迟: 3161 ms, 最高速率: 0.39 M/s, 平均速率: 0.29 M/s, 最高分辨率: 1920x1080, 平均帧率: 30.00, 视频编解码器: h264, 音频编解码器: aac
分类: 台湾频道, 名称: 壹电视新闻, 有效: 0, IPv4: 1, IPv6: 0, 最小延迟: -1 ms, 最高速率: 0.00 M/s, 平均速率: 0.00 M/s, 最高分辨率: None, 平均帧率: 未知, 视频编解码器: 未知, 音频编解码器: 未知
分类: 台湾频道, 名称: 非凡新闻, 有效: 0, IPv4: 4, IPv6: 0, 最小延迟: -1 ms, 最高速率: 0.00 M/s, 平均速率: 0.00 M/s, 最高分辨率: None, 平均帧率: 未知, 视频编解码器: 未知, 音频编解码器: 未知
分类: 台湾频道, 名称: 年代新闻, 有效: 0, IPv4: 3, IPv6: 0, 最小延迟: -1 ms, 最高速率: 0.00 M/s, 平均速率: 0.00 M/s, 最高分辨率: None, 平均帧率: 未知, 视频编解码器: 未知, 音频编解码器: 未知
分类: 台湾频道, 名称: 寰宇新闻, 有效: 4, IPv4: 14, IPv6: 0, 最小延迟: 82 ms, 最高速率: 25.95 M/s, 平均速率: 6.65 M/s, 最高分辨率: 1920x1080, 平均帧率: 30.00, 视频编解码器: h264, 音频编解码器: 未知
分类: 台湾频道, 名称: 台视综合台, 有效: 0, IPv4: 3, IPv6: 0, 最小延迟: -1 ms, 最高速率: 0.00 M/s, 平均速率: 0.00 M/s, 最高分辨率: None, 平均帧率: 未知, 视频编解码器: 未知, 音频编解码器: 未知
分类: 台湾频道, 名称: 台视财经台, 有效: 0, IPv4: 4, IPv6: 0, 最小延迟: -1 ms, 最高速率: 0.00 M/s, 平均速率: 0.00 M/s, 最高分辨率: 1920x1080, 平均帧率: 未知, 视频编解码器: 未知, 音频编解码器: 未知
分类: 台湾频道, 名称: 中视经典台, 有效: 0, IPv4: 4, IPv6: 0, 最小延迟: -1 ms, 最高速率: 0.00 M/s, 平均速率: 0.00 M/s, 最高分辨率: 1920x1080, 平均帧率: 未知, 视频编解码器: 未知, 音频编解码器: 未知
分类: 台湾频道, 名称: 中视菁采台, 有效: 0, IPv4: 4, IPv6: 0, 最小延迟: -1 ms, 最高速率: 0.00 M/s, 平均速率: 0.00 M/s, 最高分辨率: 1920x1080, 平均帧率: 未知, 视频编解码器: 未知, 音频编解码器: 未知
分类: 台湾频道, 名称: 中天亚洲台, 有效: 0, IPv4: 3, IPv6: 0, 最小延迟: -1 ms, 最高速率: 0.00 M/s, 平均速率: 0.00 M/s, 最高分辨率: None, 平均帧率: 未知, 视频编解码器: 未知, 音频编解码器: 未知
分类: 台湾频道, 名称: 中天综合台, 有效: 0, IPv4: 2, IPv6: 0, 最小延迟: -1 ms, 最高速率: 0.00 M/s, 平均速率: 0.00 M/s, 最高分辨率: None, 平均帧率: 未知, 视频编解码器: 未知, 音频编解码器: 未知
分类: 台湾频道, 名称: 民视第一台, 有效: 1, IPv4: 4, IPv6: 0, 最小延迟: 2972 ms, 最高速率: 1.55 M/s, 平均速率: 1.55 M/s, 最高分辨率: 1920x1080, 平均帧率: 未知, 视频编解码器: 未知, 音频编解码器: 未知
分类: 台湾频道, 名称: 中天娱乐台, 有效: 1, IPv4: 3, IPv6: 0, 最小延迟: 7026 ms, 最高速率: 0.28 M/s, 平均速率: 0.28 M/s, 最高分辨率: 1280x720, 平均帧率: 未知, 视频编解码器: 未知, 音频编解码器: 未知
分类: 台湾频道, 名称: 民视影剧台, 有效: 0, IPv4: 1, IPv6: 0, 最小延迟: -1 ms, 最高速率: 0.00 M/s, 平均速率: 0.00 M/s, 最高分辨率: None, 平均帧率: 未知, 视频编解码器: 未知, 音频编解码器: 未知
分类: 台湾频道, 名称: 公视台语台, 有效: 0, IPv4: 3, IPv6: 0, 最小延迟: -1 ms, 最高速率: 0.00 M/s, 平均速率: 0.00 M/s, 最高分辨率: 1920x1080, 平均帧率: 未知, 视频编解码器: 未知, 音频编解码器: 未知
分类: 台湾频道, 名称: 公视儿少台, 有效: 0, IPv4: 1, IPv6: 0, 最小延迟: -1 ms, 最高速率: 0.00 M/s, 平均速率: 0.00 M/s, 最高分辨率: None, 平均帧率: 未知, 视频编解码器: 未知, 音频编解码器: 未知
分类: 台湾频道, 名称: 东森综合台, 有效: 0, IPv4: 2, IPv6: 0, 最小延迟: -1 ms, 最高速率: 0.00 M/s, 平均速率: 0.00 M/s, 最高分辨率: None, 平均帧率: 未知, 视频编解码器: 未知, 音频编解码器: 未知
分类: 台湾频道, 名称: BBC世界新闻, 有效: 1, IPv4: 3, IPv6: 0, 最小延迟: 91 ms, 最高速率: 0.27 M/s, 平均速率: 0.27 M/s, 最高分辨率: 1920x1080, 平均帧率: 未知, 视频编解码器: 未知, 音频编解码器: 未知
分类: 台湾频道, 名称: 东森超视台, 有效: 4, IPv4: 6, IPv6: 0, 最小延迟: 2068 ms, 最高速率: 0.74 M/s, 平均速率: 0.62 M/s, 最高分辨率: 1920x1080, 平均帧率: 未知, 视频编解码器: 未知, 音频编解码器: 未知
分类: 台湾频道, 名称: 东森戏剧台, 有效: 0, IPv4: 2, IPv6: 0, 最小延迟: -1 ms, 最高速率: 0.00 M/s, 平均速率: 0.00 M/s, 最高分辨率: None, 平均帧率: 未知, 视频编解码器: 未知, 音频编解码器: 未知
分类: 台湾频道, 名称: 东森幼幼台, 有效: 0, IPv4: 2, IPv6: 0, 最小延迟: -1 ms, 最高速率: 0.00 M/s, 平均速率: 0.00 M/s, 最高分辨率: None, 平均帧率: 未知, 视频编解码器: 未知, 音频编解码器: 未知
分类: 台湾频道, 名称: 八大第一台, 有效: 0, IPv4: 1, IPv6: 0, 最小延迟: -1 ms, 最高速率: 0.00 M/s, 平均速率: 0.00 M/s, 最高分辨率: None, 平均帧率: 未知, 视频编解码器: 未知, 音频编解码器: 未知
分类: 台湾频道, 名称: 八大综合台, 有效: 0, IPv4: 2, IPv6: 0, 最小延迟: -1 ms, 最高速率: 0.00 M/s, 平均速率: 0.00 M/s, 最高分辨率: None, 平均帧率: 未知, 视频编解码器: 未知, 音频编解码器: 未知
分类: 台湾频道, 名称: 八大戏剧台, 有效: 0, IPv4: 2, IPv6: 0, 最小延迟: -1 ms, 最高速率: 0.00 M/s, 平均速率: 0.00 M/s, 最高分辨率: None, 平均帧率: 未知, 视频编解码器: 未知, 音频编解码器: 未知
分类: 台湾频道, 名称: 民视台湾台, 有效: 1, IPv4: 4, IPv6: 0, 最小延迟: 1583 ms, 最高速率: 0.24 M/s, 平均速率: 0.24 M/s, 最高分辨率: 1280x720, 平均帧率: 24.00, 视频编解码器: h264, 音频编解码器: aac
分类: 台湾频道, 名称: 三立综合台, 有效: 0, IPv4: 2, IPv6: 0, 最小延迟: -1 ms, 最高速率: 0.00 M/s, 平均速率: 0.00 M/s, 最高分辨率: None, 平均帧率: 未知, 视频编解码器: 未知, 音频编解码器: 未知
分类: 台湾频道, 名称: 三立台湾台, 有效: 0, IPv4: 3, IPv6: 0, 最小延迟: -1 ms, 最高速率: 0.00 M/s, 平均速率: 0.00 M/s, 最高分辨率: 1920x1080, 平均帧率: 未知, 视频编解码器: 未知, 音频编解码器: 未知
分类: 台湾频道, 名称: 三立都会台, 有效: 0, IPv4: 3, IPv6: 0, 最小延迟: -1 ms, 最高速率: 0.00 M/s, 平均速率: 0.00 M/s, 最高分辨率: 1280x720, 平均帧率: 未知, 视频编解码器: 未知, 音频编解码器: 未知
分类: 台湾频道, 名称: 东森洋片台, 有效: 1, IPv4: 2, IPv6: 0, 最小延迟: 440 ms, 最高速率: 0.51 M/s, 平均速率: 0.51 M/s, 最高分辨率: 1280x720, 平均帧率: 30.00, 视频编解码器: h264, 音频编解码器: aac
分类: 台湾频道, 名称: 东森财经新闻台, 有效: 0, IPv4: 3, IPv6: 0, 最小延迟: 1152 ms, 最高速率: 0.14 M/s, 平均速率: 0.00 M/s, 最高分辨率: 922x720, 平均帧率: 25.00, 视频编解码器: h264, 音频编解码器: aac
分类: 台湾频道, 名称: 民视综艺台, 有效: 1, IPv4: 2, IPv6: 0, 最小延迟: 1253 ms, 最高速率: 0.29 M/s, 平均速率: 0.29 M/s, 最高分辨率: 1280x720, 平均帧率: 30.00, 视频编解码器: h264, 音频编解码器: aac
分类: 台湾频道, 名称: 靖天综合台, 有效: 0, IPv4: 2, IPv6: 0, 最小延迟: -1 ms, 最高速率: 0.00 M/s, 平均速率: 0.00 M/s, 最高分辨率: None, 平均帧率: 未知, 视频编解码器: 未知, 音频编解码器: 未知
分类: 台湾频道, 名称: TVBS欢乐台, 有效: 0, IPv4: 2, IPv6: 0, 最小延迟: -1 ms, 最高速率: 0.00 M/s, 平均速率: 0.00 M/s, 最高分辨率: None, 平均帧率: 未知, 视频编解码器: 未知, 音频编解码器: 未知
分类: 台湾频道, 名称: 靖天戏剧台, 有效: 0, IPv4: 2, IPv6: 0, 最小延迟: -1 ms, 最高速率: 0.00 M/s, 平均速率: 0.00 M/s, 最高分辨率: None, 平均帧率: 未知, 视频编解码器: 未知, 音频编解码器: 未知
分类: 台湾频道, 名称: 靖天欢乐台, 有效: 1, IPv4: 2, IPv6: 0, 最小延迟: 1122 ms, 最高速率: 0.18 M/s, 平均速率: 0.18 M/s, 最高分辨率: 1280x720, 平均帧率: 未知, 视频编解码器: 未知, 音频编解码器: 未知
分类: 台湾频道, 名称: 三立戏剧台, 有效: 1, IPv4: 2, IPv6: 0, 最小延迟: 7069 ms, 最高速率: 0.26 M/s, 平均速率: 0.26 M/s, 最高分辨率: 1280x720, 平均帧率: 未知, 视频编解码器: 未知, 音频编解码器: 未知
分类: 台湾频道, 名称: 靖天卡通台, 有效: 0, IPv4: 2, IPv6: 0, 最小延迟: -1 ms, 最高速率: 0.00 M/s, 平均速率: 0.00 M/s, 最高分辨率: None, 平均帧率: 未知, 视频编解码器: 未知, 音频编解码器: 未知
分类: 台湾频道, 名称: 靖洋戏剧, 有效: 0, IPv4: 1, IPv6: 0, 最小延迟: -1 ms, 最高速率: 0.00 M/s, 平均速率: 0.00 M/s, 最高分辨率: None, 平均帧率: 未知, 视频编解码器: 未知, 音频编解码器: 未知
分类: 台湾频道, 名称: 靖天国际台, 有效: 1, IPv4: 2, IPv6: 0, 最小延迟: 918 ms, 最高速率: 0.22 M/s, 平均速率: 0.22 M/s, 最高分辨率: 1280x720, 平均帧率: 未知, 视频编解码器: 未知, 音频编解码器: 未知
分类: 台湾频道, 名称: 靖天电影, 有效: 0, IPv4: 1, IPv6: 0, 最小延迟: -1 ms, 最高速率: 0.00 M/s, 平均速率: 0.00 M/s, 最高分辨率: None, 平均帧率: 未知, 视频编解码器: 未知, 音频编解码器: 未知
分类: 台湾频道, 名称: 靖天育乐, 有效: 0, IPv4: 2, IPv6: 0, 最小延迟: -1 ms, 最高速率: 0.00 M/s, 平均速率: 0.00 M/s, 最高分辨率: None, 平均帧率: 未知, 视频编解码器: 未知, 音频编解码器: 未知
分类: 台湾频道, 名称: 东风卫视, 有效: 0, IPv4: 2, IPv6: 0, 最小延迟: -1 ms, 最高速率: 0.00 M/s, 平均速率: 0.00 M/s, 最高分辨率: None, 平均帧率: 未知, 视频编解码器: 未知, 音频编解码器: 未知
分类: 台湾频道, 名称: 超视, 有效: 0, IPv4: 1, IPv6: 0, 最小延迟: -1 ms, 最高速率: 0.00 M/s, 平均速率: 0.00 M/s, 最高分辨率: None, 平均帧率: 未知, 视频编解码器: 未知, 音频编解码器: 未知
分类: 台湾频道, 名称: 高点综合台, 有效: 0, IPv4: 1, IPv6: 0, 最小延迟: -1 ms, 最高速率: 0.00 M/s, 平均速率: 0.00 M/s, 最高分辨率: None, 平均帧率: 未知, 视频编解码器: 未知, 音频编解码器: 未知
分类: 台湾频道, 名称: TVBS精彩台, 有效: 0, IPv4: 2, IPv6: 0, 最小延迟: 1560 ms, 最高速率: 0.05 M/s, 平均速率: 0.00 M/s, 最高分辨率: 1920x1080, 平均帧率: 未知, 视频编解码器: 未知, 音频编解码器: 未知
分类: 台湾频道, 名称: 八大娱乐台, 有效: 1, IPv4: 2, IPv6: 0, 最小延迟: 885 ms, 最高速率: 0.22 M/s, 平均速率: 0.22 M/s, 最高分辨率: 1280x720, 平均帧率: 未知, 视频编解码器: 未知, 音频编解码器: 未知
分类: 台湾频道, 名称: 霹雳台湾台, 有效: 0, IPv4: 1, IPv6: 0, 最小延迟: -1 ms, 最高速率: 0.00 M/s, 平均速率: 0.00 M/s, 最高分辨率: None, 平均帧率: 未知, 视频编解码器: 未知, 音频编解码器: 未知
分类: 台湾频道, 名称: 大爱一台, 有效: 0, IPv4: 2, IPv6: 0, 最小延迟: -1 ms, 最高速率: 0.00 M/s, 平均速率: 0.00 M/s, 最高分辨率: None, 平均帧率: 未知, 视频编解码器: 未知, 音频编解码器: 未知
分类: 台湾频道, 名称: 大爱二台, 有效: 0, IPv4: 2, IPv6: 0, 最小延迟: -1 ms, 最高速率: 0.00 M/s, 平均速率: 0.00 M/s, 最高分辨率: None, 平均帧率: 未知, 视频编解码器: 未知, 音频编解码器: 未知
分类: 台湾频道, 名称: JET综合台, 有效: 0, IPv4: 3, IPv6: 0, 最小延迟: -1 ms, 最高速率: 0.00 M/s, 平均速率: 0.00 M/s, 最高分辨率: None, 平均帧率: 未知, 视频编解码器: 未知, 音频编解码器: 未知
分类: 台湾频道, 名称: 靖天映画, 有效: 0, IPv4: 7, IPv6: 0, 最小延迟: -1 ms, 最高速率: 0.00 M/s, 平均速率: 0.00 M/s, 最高分辨率: 1920x1080, 平均帧率: 未知, 视频编解码器: 未知, 音频编解码器: 未知
分类: 台湾频道, 名称: 好消息卫视, 有效: 1, IPv4: 9, IPv6: 0, 最小延迟: 1817 ms, 最高速率: 1.14 M/s, 平均速率: 1.14 M/s, 最高分辨率: 1280x720, 平均帧率: 未知, 视频编解码器: 未知, 音频编解码器: 未知
分类: 台湾频道, 名称: 靖天日本, 有效: 1, IPv4: 3, IPv6: 0, 最小延迟: 1317 ms, 最高速率: 0.28 M/s, 平均速率: 0.28 M/s, 最高分辨率: 1280x720, 平均帧率: 30.00, 视频编解码器: h264, 音频编解码器: aac
分类: 台湾频道, 名称: 靖天资讯台, 有效: 1, IPv4: 3, IPv6: 0, 最小延迟: 1118 ms, 最高速率: 0.30 M/s, 平均速率: 0.30 M/s, 最高分辨率: 1280x720, 平均帧率: 30.00, 视频编解码器: h264, 音频编解码器: aac
分类: 台湾频道, 名称: 龙祥电影台, 有效: 1, IPv4: 2, IPv6: 0, 最小延迟: 377 ms, 最高速率: 0.58 M/s, 平均速率: 0.58 M/s, 最高分辨率: 1280x720, 平均帧率: 未知, 视频编解码器: 未知, 音频编解码器: 未知
分类: 台湾频道, 名称: 龙华戏剧台, 有效: 0, IPv4: 4, IPv6: 0, 最小延迟: 1253 ms, 最高速率: 1.81 M/s, 平均速率: 0.00 M/s, 最高分辨率: None, 平均帧率: 未知, 视频编解码器: 未知, 音频编解码器: 未知
分类: 台湾频道, 名称: 人间卫视, 有效: 5, IPv4: 8, IPv6: 0, 最小延迟: 6929 ms, 最高速率: 0.25 M/s, 平均速率: 0.20 M/s, 最高分辨率: 1280x720, 平均帧率: 未知, 视频编解码器: 未知, 音频编解码器: 未知
分类: 台湾频道, 名称: 客家电视台, 有效: 1, IPv4: 4, IPv6: 0, 最小延迟: 1523 ms, 最高速率: 0.34 M/s, 平均速率: 0.34 M/s, 最高分辨率: 1280x720, 平均帧率: 30.00, 视频编解码器: h264, 音频编解码器: aac
分类: 台湾频道, 名称: 龙华洋片台, 有效: 0, IPv4: 3, IPv6: 0, 最小延迟: -1 ms, 最高速率: 0.00 M/s, 平均速率: 0.00 M/s, 最高分辨率: None, 平均帧率: 未知, 视频编解码器: 未知, 音频编解码器: 未知
分类: 台湾频道, 名称: 龙华电影台, 有效: 0, IPv4: 5, IPv6: 0, 最小延迟: 851 ms, 最高速率: 4.19 M/s, 平均速率: 0.00 M/s, 最高分辨率: 1920x1080, 平均帧率: 未知, 视频编解码器: 未知, 音频编解码器: 未知
分类: 台湾频道, 名称: 龙华经典台, 有效: 1, IPv4: 4, IPv6: 0, 最小延迟: 312 ms, 最高速率: 18.00 M/s, 平均速率: 0.46 M/s, 最高分辨率: 1920x1080, 平均帧率: 24.42, 视频编解码器: h264, 音频编解码器: aac
分类: 台湾频道, 名称: 龙华偶像台, 有效: 0, IPv4: 6, IPv6: 0, 最小延迟: 303 ms, 最高速率: 18.85 M/s, 平均速率: 0.00 M/s, 最高分辨率: 1920x1080, 平均帧率: 未知, 视频编解码器: 未知, 音频编解码器: 未知
分类: 台湾频道, 名称: 好莱坞电影台, 有效: 0, IPv4: 3, IPv6: 0, 最小延迟: -1 ms, 最高速率: 0.00 M/s, 平均速率: 0.00 M/s, 最高分辨率: None, 平均帧率: 未知, 视频编解码器: 未知, 音频编解码器: 未知
分类: 台湾频道, 名称: HBO家庭台, 有效: 0, IPv4: 1, IPv6: 0, 最小延迟: -1 ms, 最高速率: 0.00 M/s, 平均速率: 0.00 M/s, 最高分辨率: 1920x1080, 平均帧率: 未知, 视频编解码器: 未知, 音频编解码器: 未知
分类: 台湾频道, 名称: HBO强档台, 有效: 0, IPv4: 1, IPv6: 0, 最小延迟: -1 ms, 最高速率: 0.00 M/s, 平均速率: 0.00 M/s, 最高分辨率: None, 平均帧率: 未知, 视频编解码器: 未知, 音频编解码器: 未知
分类: 台湾频道, 名称: HBO原创台, 有效: 0, IPv4: 1, IPv6: 0, 最小延迟: -1 ms, 最高速率: 0.00 M/s, 平均速率: 0.00 M/s, 最高分辨率: None, 平均帧率: 未知, 视频编解码器: 未知, 音频编解码器: 未知
分类: 台湾频道, 名称: HBO, 有效: 3, IPv4: 13, IPv6: 0, 最小延迟: 233 ms, 最高速率: 46.40 M/s, 平均速率: 17.14 M/s, 最高分辨率: 1920x1080, 平均帧率: 未知, 视频编解码器: 未知, 音频编解码器: 未知
分类: 台湾频道, 名称: AXN, 有效: 2, IPv4: 5, IPv6: 0, 最小延迟: 511 ms, 最高速率: 0.80 M/s, 平均速率: 0.49 M/s, 最高分辨率: 1920x1080, 平均帧率: 29.97, 视频编解码器: h264, 音频编解码器: aac
分类: 台湾频道, 名称: CINE MAX, 有效: 5, IPv4: 10, IPv6: 0, 最小延迟: 606 ms, 最高速率: 7.36 M/s, 平均速率: 4.90 M/s, 最高分辨率: 1920x1080, 平均帧率: 未知, 视频编解码器: 未知, 音频编解码器: 未知
分类: 台湾频道, 名称: 爱尔达影剧台, 有效: 0, IPv4: 1, IPv6: 0, 最小延迟: -1 ms, 最高速率: 0.00 M/s, 平均速率: 0.00 M/s, 最高分辨率: None, 平均帧率: 未知, 视频编解码器: 未知, 音频编解码器: 未知
分类: 台湾频道, 名称: 龙华日韩台, 有效: 1, IPv4: 5, IPv6: 0, 最小延迟: 155 ms, 最高速率: 22.16 M/s, 平均速率: 0.29 M/s, 最高分辨率: 1920x1080, 平均帧率: 未知, 视频编解码器: 未知, 音频编解码器: 未知
分类: 台湾频道, 名称: 东森电影台, 有效: 0, IPv4: 3, IPv6: 0, 最小延迟: 1932 ms, 最高速率: 0.20 M/s, 平均速率: 0.00 M/s, 最高分辨率: 800x600, 平均帧率: 24.00, 视频编解码器: h264, 音频编解码器: aac
分类: 台湾频道, 名称: 韩国娱乐台, 有效: 1, IPv4: 2, IPv6: 0, 最小延迟: 1284 ms, 最高速率: 0.13 M/s, 平均速率: 0.13 M/s, 最高分辨率: 1280x720, 平均帧率: 未知, 视频编解码器: 未知, 音频编解码器: 未知
分类: 台湾频道, 名称: 华艺中文台, 有效: 0, IPv4: 3, IPv6: 0, 最小延迟: 1897 ms, 最高速率: 0.07 M/s, 平均速率: 0.00 M/s, 最高分辨率: 1920x1080, 平均帧率: 未知, 视频编解码器: 未知, 音频编解码器: 未知
分类: 台湾频道, 名称: tvN, 有效: 4, IPv4: 12, IPv6: 0, 最小延迟: 93 ms, 最高速率: 30.33 M/s, 平均速率: 12.59 M/s, 最高分辨率: 1920x1080, 平均帧率: 41.96, 视频编解码器: h264, 音频编解码器: mp2
分类: 台湾频道, 名称: 天映经典台, 有效: 0, IPv4: 3, IPv6: 0, 最小延迟: 974 ms, 最高速率: 0.06 M/s, 平均速率: 0.00 M/s, 最高分辨率: 1920x1080, 平均帧率: 未知, 视频编解码器: 未知, 音频编解码器: 未知
分类: 台湾频道, 名称: MoMo亲子台, 有效: 0, IPv4: 2, IPv6: 0, 最小延迟: -1 ms, 最高速率: 0.00 M/s, 平均速率: 0.00 M/s, 最高分辨率: None, 平均帧率: 未知, 视频编解码器: 未知, 音频编解码器: 未知
分类: 台湾频道, 名称: 爱尔达体育台, 有效: 0, IPv4: 14, IPv6: 0, 最小延迟: -1 ms, 最高速率: 0.00 M/s, 平均速率: 0.00 M/s, 最高分辨率: None, 平均帧率: 未知, 视频编解码器: 未知, 音频编解码器: 未知
分类: 台湾频道, 名称: 阿里郎电视台, 有效: 3, IPv4: 5, IPv6: 0, 最小延迟: 1901 ms, 最高速率: 0.58 M/s, 平均速率: 0.39 M/s, 最高分辨率: 1920x1080, 平均帧率: 未知, 视频编解码器: 未知, 音频编解码器: 未知
分类: 台湾频道, 名称: Animax, 有效: 1, IPv4: 2, IPv6: 0, 最小延迟: 509 ms, 最高速率: 14.29 M/s, 平均速率: 14.29 M/s, 最高分辨率: 1920x1080, 平均帧率: 未知, 视频编解码器: 未知, 音频编解码器: 未知
分类: 台湾频道, 名称: 龙华卡通台, 有效: 0, IPv4: 2, IPv6: 0, 最小延迟: -1 ms, 最高速率: 0.00 M/s, 平均速率: 0.00 M/s, 最高分辨率: None, 平均帧率: 未知, 视频编解码器: 未知, 音频编解码器: 未知
分类: 台湾频道, 名称: 天映频道, 有效: 0, IPv4: 5, IPv6: 0, 最小延迟: 1003 ms, 最高速率: 0.07 M/s, 平均速率: 0.00 M/s, 最高分辨率: 1280x720, 平均帧率: 25.00, 视频编解码器: mpeg2video, 音频编解码器: mp2
分类: 台湾频道, 名称: 千禧经典台, 有效: 0, IPv4: 2, IPv6: 0, 最小延迟: 1019 ms, 最高速率: 0.06 M/s, 平均速率: 0.00 M/s, 最高分辨率: 1920x1080, 平均帧率: 30.30, 视频编解码器: h264, 音频编解码器: aac
分类: 台湾频道, 名称: 卡通频道, 有效: 1, IPv4: 2, IPv6: 0, 最小延迟: 689 ms, 最高速率: 4.42 M/s, 平均速率: 4.42 M/s, 最高分辨率: 1920x1080, 平均帧率: 未知, 视频编解码器: 未知, 音频编解码器: 未知
分类: 台湾频道, 名称: 亚洲旅游台, 有效: 0, IPv4: 4, IPv6: 0, 最小延迟: -1 ms, 最高速率: 0.00 M/s, 平均速率: 0.00 M/s, 最高分辨率: 1920x1080, 平均帧率: 未知, 视频编解码器: 未知, 音频编解码器: 未知
分类: 台湾频道, 名称: 美食星球, 有效: 0, IPv4: 2, IPv6: 0, 最小延迟: -1 ms, 最高速率: 0.00 M/s, 平均速率: 0.00 M/s, 最高分辨率: 1280x720, 平均帧率: 未知, 视频编解码器: 未知, 音频编解码器: 未知
分类: 台湾频道, 名称: astroAod, 有效: 0, IPv4: 1, IPv6: 0, 最小延迟: -1 ms, 最高速率: 0.00 M/s, 平均速率: 0.00 M/s, 最高分辨率: None, 平均帧率: 未知, 视频编解码器: 未知, 音频编解码器: 未知
分类: 台湾频道, 名称: 德国之声, 有效: 1, IPv4: 2, IPv6: 0, 最小延迟: 1980 ms, 最高速率: 1.68 M/s, 平均速率: 1.68 M/s, 最高分辨率: 1280x720, 平均帧率: 未知, 视频编解码器: 未知, 音频编解码器: 未知
分类: 台湾频道, 名称: EYE戏剧台, 有效: 0, IPv4: 1, IPv6: 0, 最小延迟: -1 ms, 最高速率: 0.00 M/s, 平均速率: 0.00 M/s, 最高分辨率: None, 平均帧率: 未知, 视频编解码器: 未知, 音频编解码器: 未知
分类: 台湾频道, 名称: SMArt知识, 有效: 0, IPv4: 3, IPv6: 0, 最小延迟: -1 ms, 最高速率: 0.00 M/s, 平均速率: 0.00 M/s, 最高分辨率: None, 平均帧率: 未知, 视频编解码器: 未知, 音频编解码器: 未知
分类: 台湾频道, 名称: astro爱奇艺, 有效: 0, IPv4: 1, IPv6: 0, 最小延迟: -1 ms, 最高速率: 0.00 M/s, 平均速率: 0.00 M/s, 最高分辨率: None, 平均帧率: 未知, 视频编解码器: 未知, 音频编解码器: 未知
分类: 台湾频道, 名称: 动物星球台, 有效: 2, IPv4: 4, IPv6: 0, 最小延迟: 86 ms, 最高速率: 6.82 M/s, 平均速率: 3.54 M/s, 最高分辨率: 1280x720, 平均帧率: 未知, 视频编解码器: 未知, 音频编解码器: 未知
分类: 台湾频道, 名称: 壹电影, 有效: 0, IPv4: 2, IPv6: 0, 最小延迟: -1 ms, 最高速率: 0.00 M/s, 平均速率: 0.00 M/s, 最高分辨率: 1920x1080, 平均帧率: 未知, 视频编解码器: 未知, 音频编解码器: 未知
分类: 台湾频道, 名称: 国会频壹, 有效: 0, IPv4: 1, IPv6: 0, 最小延迟: -1 ms, 最高速率: 0.00 M/s, 平均速率: 0.00 M/s, 最高分辨率: 1920x1080, 平均帧率: 未知, 视频编解码器: 未知, 音频编解码器: 未知
分类: 台湾频道, 名称: ELta影剧, 有效: 0, IPv4: 1, IPv6: 0, 最小延迟: -1 ms, 最高速率: 0.00 M/s, 平均速率: 0.00 M/s, 最高分辨率: 1920x1080, 平均帧率: 未知, 视频编解码器: 未知, 音频编解码器: 未知
分类: 台湾频道, 名称: 大新闻大爆卦, 有效: 0, IPv4: 1, IPv6: 0, 最小延迟: -1 ms, 最高速率: 0.00 M/s, 平均速率: 0.00 M/s, 最高分辨率: None, 平均帧率: 未知, 视频编解码器: 未知, 音频编解码器: 未知
分类: 台湾频道, 名称: 闽寰宇全视界, 有效: 0, IPv4: 1, IPv6: 0, 最小延迟: -1 ms, 最高速率: 0.00 M/s, 平均速率: 0.00 M/s, 最高分辨率: 1920x1080, 平均帧率: 未知, 视频编解码器: 未知, 音频编解码器: 未知
分类: 台湾频道, 名称: 闽少康战情室, 有效: 0, IPv4: 1, IPv6: 0, 最小延迟: -1 ms, 最高速率: 0.00 M/s, 平均速率: 0.00 M/s, 最高分辨率: 1920x1080, 平均帧率: 未知, 视频编解码器: 未知, 音频编解码器: 未知
分类: 台湾频道, 名称: 闽南国民大会, 有效: 0, IPv4: 1, IPv6: 0, 最小延迟: -1 ms, 最高速率: 0.00 M/s, 平均速率: 0.00 M/s, 最高分辨率: 1920x1080, 平均帧率: 未知, 视频编解码器: 未知, 音频编解码器: 未知
分类: 台湾频道, 名称: 壹综合, 有效: 0, IPv4: 1, IPv6: 0, 最小延迟: -1 ms, 最高速率: 0.00 M/s, 平均速率: 0.00 M/s, 最高分辨率: None, 平均帧率: 未知, 视频编解码器: 未知, 音频编解码器: 未知
分类: 台湾频道, 名称: ELta综合, 有效: 0, IPv4: 1, IPv6: 0, 最小延迟: -1 ms, 最高速率: 0.00 M/s, 平均速率: 0.00 M/s, 最高分辨率: None, 平均帧率: 未知, 视频编解码器: 未知, 音频编解码器: 未知
分类: 综艺频道, 名称: 超级综艺, 有效: 0, IPv4: 2, IPv6: 0, 最小延迟: -1 ms, 最高速率: 0.00 M/s, 平均速率: 0.00 M/s, 最高分辨率: None, 平均帧率: 未知, 视频编解码器: 未知, 音频编解码器: 未知
分类: 综艺频道, 名称: 金牌综艺, 有效: 0, IPv4: 6, IPv6: 0, 最小延迟: -1 ms, 最高速率: 0.00 M/s, 平均速率: 0.00 M/s, 最高分辨率: None, 平均帧率: 未知, 视频编解码器: 未知, 音频编解码器: 未知
分类: 台湾频道, 名称: astroAec, 有效: 0, IPv4: 2, IPv6: 0, 最小延迟: 1004 ms, 最高速率: 0.07 M/s, 平均速率: 0.00 M/s, 最高分辨率: 1920x1080, 平均帧率: 未知, 视频编解码器: 未知, 音频编解码器: 未知
分类: 台湾频道, 名称: astro欢喜, 有效: 0, IPv4: 2, IPv6: 0, 最小延迟: 1019 ms, 最高速率: 0.06 M/s, 平均速率: 0.00 M/s, 最高分辨率: 1920x1080, 平均帧率: 未知, 视频编解码器: 未知, 音频编解码器: 未知
分类: 综艺频道, 名称: 吐槽大会 第1季, 有效: 1, IPv4: 1, IPv6: 0, 最小延迟: 769 ms, 最高速率: 0.34 M/s, 平均速率: 0.34 M/s, 最高分辨率: 1280x720, 平均帧率: 未知, 视频编解码器: 未知, 音频编解码器: 未知
分类: 综艺频道, 名称: 吐槽大会 第5季, 有效: 1, IPv4: 1, IPv6: 0, 最小延迟: 939 ms, 最高速率: 0.42 M/s, 平均速率: 0.42 M/s, 最高分辨率: 1280x720, 平均帧率: 未知, 视频编解码器: 未知, 音频编解码器: 未知
分类: 综艺频道, 名称: 欢乐集结号, 有效: 2, IPv4: 3, IPv6: 0, 最小延迟: 86 ms, 最高速率: 6.47 M/s, 平均速率: 0.29 M/s, 最高分辨率: 1280x720, 平均帧率: 未知, 视频编解码器: 未知, 音频编解码器: 未知
分类: 综艺频道, 名称: 吐槽大会 第2季, 有效: 1, IPv4: 1, IPv6: 0, 最小延迟: 1064 ms, 最高速率: 0.27 M/s, 平均速率: 0.27 M/s, 最高分辨率: 1280x720, 平均帧率: 未知, 视频编解码器: 未知, 音频编解码器: 未知
分类: 综艺频道, 名称: 笑傲江湖 第1季, 有效: 1, IPv4: 1, IPv6: 0, 最小延迟: 1097 ms, 最高速率: 0.46 M/s, 平均速率: 0.46 M/s, 最高分辨率: 1280x720, 平均帧率: 未知, 视频编解码器: 未知, 音频编解码器: 未知
分类: 电影频道, 名称: 周星驰, 有效: 3, IPv4: 9, IPv6: 0, 最小延迟: 473 ms, 最高速率: 9.01 M/s, 平均速率: 6.73 M/s, 最高分辨率: 1920x1080, 平均帧率: 未知, 视频编解码器: 未知, 音频编解码器: 未知
分类: 电影频道, 名称: 李连杰, 有效: 0, IPv4: 2, IPv6: 0, 最小延迟: -1 ms, 最高速率: 0.00 M/s, 平均速率: 0.00 M/s, 最高分辨率: None, 平均帧率: 未知, 视频编解码器: 未知, 音频编解码器: 未知
分类: 电影频道, 名称: 刘德华, 有效: 0, IPv4: 3, IPv6: 0, 最小延迟: -1 ms, 最高速率: 0.00 M/s, 平均速率: 0.00 M/s, 最高分辨率: 1920x988, 平均帧率: 未知, 视频编解码器: 未知, 音频编解码器: 未知
分类: 电影频道, 名称: 成龙, 有效: 0, IPv4: 3, IPv6: 0, 最小延迟: -1 ms, 最高速率: 0.00 M/s, 平均速率: 0.00 M/s, 最高分辨率: 1920x816, 平均帧率: 未知, 视频编解码器: 未知, 音频编解码器: 未知
分类: 电影频道, 名称: 甄子丹, 有效: 0, IPv4: 1, IPv6: 0, 最小延迟: -1 ms, 最高速率: 0.00 M/s, 平均速率: 0.00 M/s, 最高分辨率: None, 平均帧率: 未知, 视频编解码器: 未知, 音频编解码器: 未知
分类: 电影频道, 名称: 林正英, 有效: 0, IPv4: 3, IPv6: 0, 最小延迟: -1 ms, 最高速率: 0.00 M/s, 平均速率: 0.00 M/s, 最高分辨率: 1920x1080, 平均帧率: 未知, 视频编解码器: 未知, 音频编解码器: 未知
分类: 电影频道, 名称: 周润发, 有效: 0, IPv4: 2, IPv6: 0, 最小延迟: -1 ms, 最高速率: 0.00 M/s, 平均速率: 0.00 M/s, 最高分辨率: 1920x1080, 平均帧率: 未知, 视频编解码器: 未知, 音频编解码器: 未知
分类: 电影频道, 名称: 沈腾, 有效: 0, IPv4: 1, IPv6: 0, 最小延迟: -1 ms, 最高速率: 0.00 M/s, 平均速率: 0.00 M/s, 最高分辨率: None, 平均帧率: 未知, 视频编解码器: 未知, 音频编解码器: 未知
分类: 综艺频道, 名称: 笑傲江湖 第2季, 有效: 1, IPv4: 1, IPv6: 0, 最小延迟: 2382 ms, 最高速率: 0.33 M/s, 平均速率: 0.33 M/s, 最高分辨率: 1280x720, 平均帧率: 未知, 视频编解码器: 未知, 音频编解码器: 未知
分类: 电影频道, 名称: 古天乐, 有效: 0, IPv4: 2, IPv6: 0, 最小延迟: -1 ms, 最高速率: 0.00 M/s, 平均速率: 0.00 M/s, 最高分辨率: None, 平均帧率: 未知, 视频编解码器: 未知, 音频编解码器: 未知
分类: 电影频道, 名称: 黄渤, 有效: 0, IPv4: 1, IPv6: 0, 最小延迟: -1 ms, 最高速率: 0.00 M/s, 平均速率: 0.00 M/s, 最高分辨率: None, 平均帧率: 未知, 视频编解码器: 未知, 音频编解码器: 未知
分类: 电影频道, 名称: 王晶, 有效: 0, IPv4: 2, IPv6: 0, 最小延迟: -1 ms, 最高速率: 0.00 M/s, 平均速率: 0.00 M/s, 最高分辨率: None, 平均帧率: 未知, 视频编解码器: 未知, 音频编解码器: 未知
分类: 电影频道, 名称: 女神系列, 有效: 0, IPv4: 1, IPv6: 0, 最小延迟: -1 ms, 最高速率: 0.00 M/s, 平均速率: 0.00 M/s, 最高分辨率: None, 平均帧率: 未知, 视频编解码器: 未知, 音频编解码器: 未知
分类: 电影频道, 名称: 海盗, 有效: 0, IPv4: 1, IPv6: 0, 最小延迟: -1 ms, 最高速率: 0.00 M/s, 平均速率: 0.00 M/s, 最高分辨率: 1920x960, 平均帧率: 未知, 视频编解码器: 未知, 音频编解码器: 未知
分类: 电影频道, 名称: 喜剧专场, 有效: 0, IPv4: 2, IPv6: 0, 最小延迟: -1 ms, 最高速率: 0.00 M/s, 平均速率: 0.00 M/s, 最高分辨率: 1280x720, 平均帧率: 未知, 视频编解码器: 未知, 音频编解码器: 未知
分类: 电影频道, 名称: 港片, 有效: 0, IPv4: 1, IPv6: 0, 最小延迟: 569 ms, 最高速率: 0.81 M/s, 平均速率: 0.00 M/s, 最高分辨率: None, 平均帧率: 未知, 视频编解码器: 未知, 音频编解码器: 未知
分类: 电影频道, 名称: 许氏三杰, 有效: 0, IPv4: 2, IPv6: 0, 最小延迟: -1 ms, 最高速率: 0.00 M/s, 平均速率: 0.00 M/s, 最高分辨率: 1920x1080, 平均帧率: 未知, 视频编解码器: 未知, 音频编解码器: 未知
分类: 电影频道, 名称: 动作电影, 有效: 0, IPv4: 7, IPv6: 0, 最小延迟: 433 ms, 最高速率: 0.00 M/s, 平均速率: 0.00 M/s, 最高分辨率: None, 平均帧率: 未知, 视频编解码器: 未知, 音频编解码器: 未知
分类: 电影频道, 名称: 国产悬疑, 有效: 0, IPv4: 2, IPv6: 0, 最小延迟: -1 ms, 最高速率: 0.00 M/s, 平均速率: 0.00 M/s, 最高分辨率: None, 平均帧率: 未知, 视频编解码器: 未知, 音频编解码器: 未知
分类: 电影频道, 名称: 洪金宝, 有效: 0, IPv4: 3, IPv6: 0, 最小延迟: 1229 ms, 最高速率: 0.07 M/s, 平均速率: 0.00 M/s, 最高分辨率: 1920x984, 平均帧率: 未知, 视频编解码器: 未知, 音频编解码器: 未知
分类: 电影频道, 名称: 超级电影, 有效: 0, IPv4: 6, IPv6: 0, 最小延迟: -1 ms, 最高速率: 0.00 M/s, 平均速率: 0.00 M/s, 最高分辨率: None, 平均帧率: 未知, 视频编解码器: 未知, 音频编解码器: 未知
分类: 电影频道, 名称: 超级电视剧, 有效: 0, IPv4: 2, IPv6: 0, 最小延迟: -1 ms, 最高速率: 0.00 M/s, 平均速率: 0.00 M/s, 最高分辨率: None, 平均帧率: 未知, 视频编解码器: 未知, 音频编解码器: 未知
分类: 电影频道, 名称: 惊悚悬疑, 有效: 0, IPv4: 6, IPv6: 0, 最小延迟: -1 ms, 最高速率: 0.00 M/s, 平均速率: 0.00 M/s, 最高分辨率: None, 平均帧率: 未知, 视频编解码器: 未知, 音频编解码器: 未知
分类: 电影频道, 名称: 精品大剧, 有效: 0, IPv4: 6, IPv6: 0, 最小延迟: -1 ms, 最高速率: 0.00 M/s, 平均速率: 0.00 M/s, 最高分辨率: None, 平均帧率: 未知, 视频编解码器: 未知, 音频编解码器: 未知
分类: 电影频道, 名称: 东北热剧, 有效: 0, IPv4: 2, IPv6: 0, 最小延迟: -1 ms, 最高速率: 0.00 M/s, 平均速率: 0.00 M/s, 最高分辨率: None, 平均帧率: 未知, 视频编解码器: 未知, 音频编解码器: 未知
分类: 电影频道, 名称: 国产喜剧, 有效: 2, IPv4: 2, IPv6: 0, 最小延迟: 923 ms, 最高速率: 0.60 M/s, 平均速率: 0.45 M/s, 最高分辨率: 1920x1080, 平均帧率: 未知, 视频编解码器: 未知, 音频编解码器: 未知
分类: 电影频道, 名称: 欢乐剧场, 有效: 0, IPv4: 2, IPv6: 0, 最小延迟: -1 ms, 最高速率: 0.00 M/s, 平均速率: 0.00 M/s, 最高分辨率: None, 平均帧率: 未知, 视频编解码器: 未知, 音频编解码器: 未知
分类: 电影频道, 名称: 军旅剧场, 有效: 0, IPv4: 7, IPv6: 0, 最小延迟: 1564 ms, 最高速率: 0.00 M/s, 平均速率: 0.00 M/s, 最高分辨率: 1920x1080, 平均帧率: 未知, 视频编解码器: 未知, 音频编解码器: 未知
分类: 电影频道, 名称: 黑莓电影, 有效: 0, IPv4: 9, IPv6: 0, 最小延迟: -1 ms, 最高速率: 0.00 M/s, 平均速率: 0.00 M/s, 最高分辨率: None, 平均帧率: 未知, 视频编解码器: 未知, 音频编解码器: 未知
分类: 电影频道, 名称: 爱情喜剧, 有效: 0, IPv4: 5, IPv6: 0, 最小延迟: -1 ms, 最高速率: 0.00 M/s, 平均速率: 0.00 M/s, 最高分辨率: None, 平均帧率: 未知, 视频编解码器: 未知, 音频编解码器: 未知
分类: 电影频道, 名称: 家庭剧场, 有效: 0, IPv4: 7, IPv6: 0, 最小延迟: -1 ms, 最高速率: 0.00 M/s, 平均速率: 0.00 M/s, 最高分辨率: None, 平均帧率: 未知, 视频编解码器: 未知, 音频编解码器: 未知
分类: 电影频道, 名称: 古装剧场, 有效: 5, IPv4: 13, IPv6: 0, 最小延迟: 525 ms, 最高速率: 0.28 M/s, 平均速率: 0.27 M/s, 最高分辨率: 1920x1080, 平均帧率: 未知, 视频编解码器: 未知, 音频编解码器: 未知
分类: 电影频道, 名称: 中国功夫, 有效: 0, IPv4: 5, IPv6: 0, 最小延迟: -1 ms, 最高速率: 0.00 M/s, 平均速率: 0.00 M/s, 最高分辨率: None, 平均帧率: 未知, 视频编解码器: 未知, 音频编解码器: 未知
分类: 电影频道, 名称: 哒啵赛事, 有效: 0, IPv4: 5, IPv6: 0, 最小延迟: -1 ms, 最高速率: 0.00 M/s, 平均速率: 0.00 M/s, 最高分辨率: None, 平均帧率: 未知, 视频编解码器: 未知, 音频编解码器: 未知
分类: 电影频道, 名称: 武搏世界, 有效: 2, IPv4: 18, IPv6: 0, 最小延迟: 550 ms, 最高速率: 0.75 M/s, 平均速率: 0.70 M/s, 最高分辨率: 1920x1080, 平均帧率: 未知, 视频编解码器: 未知, 音频编解码器: 未知
分类: 电影频道, 名称: 精彩影视, 有效: 8, IPv4: 16, IPv6: 0, 最小延迟: 105 ms, 最高速率: 0.79 M/s, 平均速率: 0.69 M/s, 最高分辨率: 1920x1080, 平均帧率: 未知, 视频编解码器: 未知, 音频编解码器: 未知
分类: 游戏赛事, 名称: 王者荣耀, 有效: 0, IPv4: 2, IPv6: 0, 最小延迟: -1 ms, 最高速率: 0.00 M/s, 平均速率: 0.00 M/s, 最高分辨率: None, 平均帧率: 未知, 视频编解码器: 未知, 音频编解码器: 未知
分类: 游戏赛事, 名称: 英雄联盟, 有效: 0, IPv4: 2, IPv6: 0, 最小延迟: -1 ms, 最高速率: 0.00 M/s, 平均速率: 0.00 M/s, 最高分辨率: None, 平均帧率: 未知, 视频编解码器: 未知, 音频编解码器: 未知
分类: 游戏赛事, 名称: 和平精英, 有效: 0, IPv4: 2, IPv6: 0, 最小延迟: -1 ms, 最高速率: 0.00 M/s, 平均速率: 0.00 M/s, 最高分辨率: None, 平均帧率: 未知, 视频编解码器: 未知, 音频编解码器: 未知
分类: 游戏赛事, 名称: 穿越火线, 有效: 0, IPv4: 3, IPv6: 0, 最小延迟: -1 ms, 最高速率: 0.00 M/s, 平均速率: 0.00 M/s, 最高分辨率: None, 平均帧率: 未知, 视频编解码器: 未知, 音频编解码器: 未知
分类: 游戏赛事, 名称: 绝地求生, 有效: 0, IPv4: 2, IPv6: 0, 最小延迟: -1 ms, 最高速率: 0.00 M/s, 平均速率: 0.00 M/s, 最高分辨率: None, 平均帧率: 未知, 视频编解码器: 未知, 音频编解码器: 未知
分类: 电影频道, 名称: 中华美食, 有效: 0, IPv4: 3, IPv6: 0, 最小延迟: 632 ms, 最高速率: 0.00 M/s, 平均速率: 0.00 M/s, 最高分辨率: None, 平均帧率: 未知, 视频编解码器: 未知, 音频编解码器: 未知
分类: 山东, 名称: 山东齐鲁, 有效: 7, IPv4: 22, IPv6: 0, 最小延迟: 10 ms, 最高速率: 0.82 M/s, 平均速率: 0.68 M/s, 最高分辨率: 1920x1080, 平均帧率: 未知, 视频编解码器: 未知, 音频编解码器: 未知
分类: 山东, 名称: 山东综艺, 有效: 5, IPv4: 20, IPv6: 0, 最小延迟: 9 ms, 最高速率: 0.90 M/s, 平均速率: 0.82 M/s, 最高分辨率: 1920x1080, 平均帧率: 未知, 视频编解码器: 未知, 音频编解码器: 未知
分类: 山东, 名称: 山东生活, 有效: 8, IPv4: 19, IPv6: 0, 最小延迟: 10 ms, 最高速率: 0.84 M/s, 平均速率: 0.68 M/s, 最高分辨率: 1920x1080, 平均帧率: 未知, 视频编解码器: 未知, 音频编解码器: 未知
分类: 山东, 名称: 山东影视, 有效: 0, IPv4: 1, IPv6: 0, 最小延迟: 2157 ms, 最高速率: 0.14 M/s, 平均速率: 0.00 M/s, 最高分辨率: 1920x1080, 平均帧率: 未知, 视频编解码器: 未知, 音频编解码器: 未知
分类: 山东, 名称: 山东新闻, 有效: 6, IPv4: 20, IPv6: 0, 最小延迟: 11 ms, 最高速率: 0.82 M/s, 平均速率: 0.76 M/s, 最高分辨率: 1920x1080, 平均帧率: 未知, 视频编解码器: 未知, 音频编解码器: 未知
分类: 山东, 名称: 山东农科, 有效: 6, IPv4: 18, IPv6: 0, 最小延迟: 521 ms, 最高速率: 0.86 M/s, 平均速率: 0.80 M/s, 最高分辨率: 1920x1080, 平均帧率: 未知, 视频编解码器: 未知, 音频编解码器: 未知
分类: 山东, 名称: 山东教育, 有效: 5, IPv4: 94, IPv6: 0, 最小延迟: 10 ms, 最高速率: 0.90 M/s, 平均速率: 0.69 M/s, 最高分辨率: 1920x1080, 平均帧率: 25.00, 视频编解码器: h264, 音频编解码器: mp2
分类: 山东, 名称: 山东文旅, 有效: 6, IPv4: 16, IPv6: 0, 最小延迟: 11 ms, 最高速率: 0.84 M/s, 平均速率: 0.65 M/s, 最高分辨率: 1920x1080, 平均帧率: 未知, 视频编解码器: 未知, 音频编解码器: 未知
分类: 山东, 名称: 济南都市, 有效: 0, IPv4: 2, IPv6: 0, 最小延迟: 10955 ms, 最高速率: 0.00 M/s, 平均速率: 0.00 M/s, 最高分辨率: None, 平均帧率: 未知, 视频编解码器: 未知, 音频编解码器: 未知
分类: 山东, 名称: 济南生活, 有效: 0, IPv4: 2, IPv6: 0, 最小延迟: 10954 ms, 最高速率: 0.00 M/s, 平均速率: 0.00 M/s, 最高分辨率: None, 平均帧率: 未知, 视频编解码器: 未知, 音频编解码器: 未知
分类: 山东, 名称: 济南新闻综合, 有效: 0, IPv4: 2, IPv6: 0, 最小延迟: 10960 ms, 最高速率: 0.00 M/s, 平均速率: 0.00 M/s, 最高分辨率: None, 平均帧率: 未知, 视频编解码器: 未知, 音频编解码器: 未知
分类: 山东, 名称: 济南娱乐, 有效: 0, IPv4: 1, IPv6: 0, 最小延迟: 10956 ms, 最高速率: 0.00 M/s, 平均速率: 0.00 M/s, 最高分辨率: None, 平均帧率: 未知, 视频编解码器: 未知, 音频编解码器: 未知
分类: 山东, 名称: 济南影视, 有效: 0, IPv4: 1, IPv6: 0, 最小延迟: 10986 ms, 最高速率: 0.00 M/s, 平均速率: 0.00 M/s, 最高分辨率: None, 平均帧率: 未知, 视频编解码器: 未知, 音频编解码器: 未知
分类: 山东, 名称: 济南少儿, 有效: 0, IPv4: 2, IPv6: 0, 最小延迟: 10950 ms, 最高速率: 0.00 M/s, 平均速率: 0.00 M/s, 最高分辨率: None, 平均帧率: 未知, 视频编解码器: 未知, 音频编解码器: 未知
分类: 山东, 名称: 济南鲁中, 有效: 0, IPv4: 2, IPv6: 0, 最小延迟: 10930 ms, 最高速率: 0.00 M/s, 平均速率: 0.00 M/s, 最高分辨率: None, 平均帧率: 未知, 视频编解码器: 未知, 音频编解码器: 未知
分类: 山东, 名称: 济南教育, 有效: 0, IPv4: 1, IPv6: 0, 最小延迟: 10945 ms, 最高速率: 0.00 M/s, 平均速率: 0.00 M/s, 最高分辨率: None, 平均帧率: 未知, 视频编解码器: 未知, 音频编解码器: 未知
分类: 山东, 名称: 青岛QTV1, 有效: 8, IPv4: 18, IPv6: 0, 最小延迟: 21 ms, 最高速率: 0.83 M/s, 平均速率: 0.63 M/s, 最高分辨率: 1280x720, 平均帧率: 未知, 视频编解码器: 未知, 音频编解码器: 未知
分类: 山东, 名称: 青岛QTV2, 有效: 8, IPv4: 18, IPv6: 0, 最小延迟: 11 ms, 最高速率: 0.49 M/s, 平均速率: 0.45 M/s, 最高分辨率: 1280x720, 平均帧率: 未知, 视频编解码器: 未知, 音频编解码器: 未知
分类: 山东, 名称: 青岛QTV3, 有效: 6, IPv4: 15, IPv6: 0, 最小延迟: 15 ms, 最高速率: 0.48 M/s, 平均速率: 0.48 M/s, 最高分辨率: 1280x720, 平均帧率: 未知, 视频编解码器: 未知, 音频编解码器: 未知
分类: 山东, 名称: 青岛QTV4, 有效: 7, IPv4: 18, IPv6: 0, 最小延迟: 9 ms, 最高速率: 0.49 M/s, 平均速率: 0.45 M/s, 最高分辨率: 1280x720, 平均帧率: 未知, 视频编解码器: 未知, 音频编解码器: 未知
分类: 山东, 名称: 青岛综合, 有效: 6, IPv4: 16, IPv6: 0, 最小延迟: 14 ms, 最高速率: 0.80 M/s, 平均速率: 0.73 M/s, 最高分辨率: 1920x1080, 平均帧率: 未知, 视频编解码器: 未知, 音频编解码器: 未知
分类: 山东, 名称: 青岛生活, 有效: 6, IPv4: 18, IPv6: 0, 最小延迟: 10 ms, 最高速率: 0.87 M/s, 平均速率: 0.75 M/s, 最高分辨率: 1920x1080, 平均帧率: 未知, 视频编解码器: 未知, 音频编解码器: 未知
分类: 山东, 名称: 黄岛生活, 有效: 1, IPv4: 1, IPv6: 0, 最小延迟: 53 ms, 最高速率: 13.48 M/s, 平均速率: 13.48 M/s, 最高分辨率: 1920x1080, 平均帧率: 未知, 视频编解码器: 未知, 音频编解码器: 未知
分类: 山东, 名称: 崂山电视台, 有效: 6, IPv4: 15, IPv6: 0, 最小延迟: 11 ms, 最高速率: 0.87 M/s, 平均速率: 0.75 M/s, 最高分辨率: 1920x1080, 平均帧率: 未知, 视频编解码器: 未知, 音频编解码器: 未知
分类: 山东, 名称: 莱西综合频道, 有效: 6, IPv4: 18, IPv6: 0, 最小延迟: 9 ms, 最高速率: 13.56 M/s, 平均速率: 2.94 M/s, 最高分辨率: 1920x1080, 平均帧率: 未知, 视频编解码器: 未知, 音频编解码器: 未知
分类: 山东, 名称: 烟台新闻综合, 有效: 0, IPv4: 2, IPv6: 0, 最小延迟: -1 ms, 最高速率: 0.00 M/s, 平均速率: 0.00 M/s, 最高分辨率: None, 平均帧率: 未知, 视频编解码器: 未知, 音频编解码器: 未知
分类: 山东, 名称: 烟台公共, 有效: 0, IPv4: 2, IPv6: 0, 最小延迟: -1 ms, 最高速率: 0.00 M/s, 平均速率: 0.00 M/s, 最高分辨率: None, 平均帧率: 未知, 视频编解码器: 未知, 音频编解码器: 未知
分类: 山东, 名称: 烟台经济科技, 有效: 0, IPv4: 2, IPv6: 0, 最小延迟: -1 ms, 最高速率: 0.00 M/s, 平均速率: 0.00 M/s, 最高分辨率: None, 平均帧率: 未知, 视频编解码器: 未知, 音频编解码器: 未知
分类: 山东, 名称: 潍坊高新区, 有效: 1, IPv4: 1, IPv6: 0, 最小延迟: 58 ms, 最高速率: 16.77 M/s, 平均速率: 16.77 M/s, 最高分辨率: 1920x1080, 平均帧率: 未知, 视频编解码器: 未知, 音频编解码器: 未知
分类: 山东, 名称: 潍坊新闻综合, 有效: 1, IPv4: 1, IPv6: 0, 最小延迟: 52 ms, 最高速率: 15.99 M/s, 平均速率: 15.99 M/s, 最高分辨率: 1920x1080, 平均帧率: 未知, 视频编解码器: 未知, 音频编解码器: 未知
分类: 山东, 名称: 烟台影视, 有效: 0, IPv4: 1, IPv6: 0, 最小延迟: -1 ms, 最高速率: 0.00 M/s, 平均速率: 0.00 M/s, 最高分辨率: None, 平均帧率: 未知, 视频编解码器: 未知, 音频编解码器: 未知
分类: 山东, 名称: 枣庄新闻综合, 有效: 0, IPv4: 2, IPv6: 0, 最小延迟: -1 ms, 最高速率: 0.00 M/s, 平均速率: 0.00 M/s, 最高分辨率: None, 平均帧率: 未知, 视频编解码器: 未知, 音频编解码器: 未知
分类: 山东, 名称: 潍坊影视, 有效: 1, IPv4: 1, IPv6: 0, 最小延迟: 197 ms, 最高速率: 3.85 M/s, 平均速率: 3.85 M/s, 最高分辨率: 1920x1080, 平均帧率: 未知, 视频编解码器: 未知, 音频编解码器: 未知
分类: 山东, 名称: 济宁公共, 有效: 0, IPv4: 1, IPv6: 0, 最小延迟: -1 ms, 最高速率: 0.00 M/s, 平均速率: 0.00 M/s, 最高分辨率: None, 平均帧率: 未知, 视频编解码器: 未知, 音频编解码器: 未知
分类: 山东, 名称: 济宁综合, 有效: 0, IPv4: 1, IPv6: 0, 最小延迟: -1 ms, 最高速率: 0.00 M/s, 平均速率: 0.00 M/s, 最高分辨率: None, 平均帧率: 未知, 视频编解码器: 未知, 音频编解码器: 未知
分类: 山东, 名称: 威海公共, 有效: 0, IPv4: 1, IPv6: 0, 最小延迟: -1 ms, 最高速率: 0.00 M/s, 平均速率: 0.00 M/s, 最高分辨率: 1920x1080, 平均帧率: 未知, 视频编解码器: 未知, 音频编解码器: 未知
分类: 山东, 名称: 枣庄教育, 有效: 0, IPv4: 2, IPv6: 0, 最小延迟: -1 ms, 最高速率: 0.00 M/s, 平均速率: 0.00 M/s, 最高分辨率: None, 平均帧率: 未知, 视频编解码器: 未知, 音频编解码器: 未知
分类: 山东, 名称: 临沂综合, 有效: 0, IPv4: 1, IPv6: 0, 最小延迟: -1 ms, 最高速率: 0.00 M/s, 平均速率: 0.00 M/s, 最高分辨率: 1920x1080, 平均帧率: 未知, 视频编解码器: 未知, 音频编解码器: 未知
分类: 山东, 名称: 枣庄公共, 有效: 0, IPv4: 1, IPv6: 0, 最小延迟: -1 ms, 最高速率: 0.00 M/s, 平均速率: 0.00 M/s, 最高分辨率: None, 平均帧率: 未知, 视频编解码器: 未知, 音频编解码器: 未知
分类: 山东, 名称: 德州新闻综合, 有效: 1, IPv4: 1, IPv6: 0, 最小延迟: 40 ms, 最高速率: 12.66 M/s, 平均速率: 12.66 M/s, 最高分辨率: 1920x1080, 平均帧率: 未知, 视频编解码器: 未知, 音频编解码器: 未知
分类: 山东, 名称: 莘县综合, 有效: 1, IPv4: 1, IPv6: 0, 最小延迟: 29 ms, 最高速率: 6.22 M/s, 平均速率: 6.22 M/s, 最高分辨率: 1280x720, 平均帧率: 未知, 视频编解码器: 未知, 音频编解码器: 未知
分类: 山东, 名称: 巨野新闻, 有效: 1, IPv4: 1, IPv6: 0, 最小延迟: 343 ms, 最高速率: 1.13 M/s, 平均速率: 1.13 M/s, 最高分辨率: 1280x720, 平均帧率: 未知, 视频编解码器: 未知, 音频编解码器: 未知
分类: 山东, 名称: 单县综合, 有效: 0, IPv4: 1, IPv6: 0, 最小延迟: -1 ms, 最高速率: 0.00 M/s, 平均速率: 0.00 M/s, 最高分辨率: None, 平均帧率: 未知, 视频编解码器: 未知, 音频编解码器: 未知
分类: 山东, 名称: 德州经济生活, 有效: 1, IPv4: 1, IPv6: 0, 最小延迟: 797 ms, 最高速率: 1.36 M/s, 平均速率: 1.36 M/s, 最高分辨率: 1920x1080, 平均帧率: 未知, 视频编解码器: 未知, 音频编解码器: 未知
分类: 山东, 名称: 商河综合, 有效: 1, IPv4: 1, IPv6: 0, 最小延迟: 48 ms, 最高速率: 14.33 M/s, 平均速率: 14.33 M/s, 最高分辨率: 1280x720, 平均帧率: 未知, 视频编解码器: 未知, 音频编解码器: 未知
分类: 山东, 名称: 长清新闻, 有效: 1, IPv4: 1, IPv6: 0, 最小延迟: 296 ms, 最高速率: 8.56 M/s, 平均速率: 8.56 M/s, 最高分辨率: 1920x1080, 平均帧率: 未知, 视频编解码器: 未知, 音频编解码器: 未知
分类: 山东, 名称: 桓台综合, 有效: 0, IPv4: 1, IPv6: 0, 最小延迟: 36 ms, 最高速率: 10.97 M/s, 平均速率: 0.00 M/s, 最高分辨率: 800x600, 平均帧率: 25.00, 视频编解码器: h264, 音频编解码器: aac
分类: 山东, 名称: 无棣综合, 有效: 1, IPv4: 1, IPv6: 0, 最小延迟: 275 ms, 最高速率: 5.98 M/s, 平均速率: 5.98 M/s, 最高分辨率: 1920x1080, 平均帧率: 未知, 视频编解码器: 未知, 音频编解码器: 未知
分类: 山东, 名称: 新泰新闻, 有效: 0, IPv4: 1, IPv6: 0, 最小延迟: -1 ms, 最高速率: 0.00 M/s, 平均速率: 0.00 M/s, 最高分辨率: 1920x1080, 平均帧率: 未知, 视频编解码器: 未知, 音频编解码器: 未知
分类: 山东, 名称: 郓城新闻, 有效: 1, IPv4: 1, IPv6: 0, 最小延迟: 101 ms, 最高速率: 18.33 M/s, 平均速率: 18.33 M/s, 最高分辨率: 1920x1080, 平均帧率: 未知, 视频编解码器: 未知, 音频编解码器: 未知
分类: 山东, 名称: 济阳综合, 有效: 1, IPv4: 1, IPv6: 0, 最小延迟: 200 ms, 最高速率: 1.78 M/s, 平均速率: 1.78 M/s, 最高分辨率: 1920x1080, 平均帧率: 未知, 视频编解码器: 未知, 音频编解码器: 未知
分类: 山东, 名称: 东平综合, 有效: 1, IPv4: 2, IPv6: 0, 最小延迟: 62 ms, 最高速率: 15.71 M/s, 平均速率: 15.71 M/s, 最高分辨率: 1920x1080, 平均帧率: 未知, 视频编解码器: 未知, 音频编解码器: 未知
分类: 山东, 名称: 蒙阴综合, 有效: 1, IPv4: 1, IPv6: 0, 最小延迟: 619 ms, 最高速率: 1.52 M/s, 平均速率: 1.52 M/s, 最高分辨率: 1920x1080, 平均帧率: 未知, 视频编解码器: 未知, 音频编解码器: 未知
分类: 山东, 名称: 阳信新闻, 有效: 1, IPv4: 1, IPv6: 0, 最小延迟: 46 ms, 最高速率: 12.86 M/s, 平均速率: 12.86 M/s, 最高分辨率: 1280x720, 平均帧率: 未知, 视频编解码器: 未知, 音频编解码器: 未知
分类: 山东, 名称: 诸城新闻, 有效: 0, IPv4: 1, IPv6: 0, 最小延迟: 10284 ms, 最高速率: 0.00 M/s, 平均速率: 0.00 M/s, 最高分辨率: None, 平均帧率: 未知, 视频编解码器: 未知, 音频编解码器: 未知
分类: 山东, 名称: 冠县综合, 有效: 1, IPv4: 1, IPv6: 0, 最小延迟: 36 ms, 最高速率: 12.72 M/s, 平均速率: 12.72 M/s, 最高分辨率: 1920x1080, 平均帧率: 未知, 视频编解码器: 未知, 音频编解码器: 未知
分类: 山东, 名称: 惠民综合, 有效: 0, IPv4: 1, IPv6: 0, 最小延迟: 10090 ms, 最高速率: 0.00 M/s, 平均速率: 0.00 M/s, 最高分辨率: None, 平均帧率: 未知, 视频编解码器: 未知, 音频编解码器: 未知
分类: 山东, 名称: 乳山综合, 有效: 1, IPv4: 1, IPv6: 0, 最小延迟: 876 ms, 最高速率: 2.63 M/s, 平均速率: 2.63 M/s, 最高分辨率: 1920x1080, 平均帧率: 未知, 视频编解码器: 未知, 音频编解码器: 未知
分类: 山东, 名称: 青州综合, 有效: 1, IPv4: 1, IPv6: 0, 最小延迟: 74 ms, 最高速率: 16.12 M/s, 平均速率: 16.12 M/s, 最高分辨率: 1920x1080, 平均帧率: 未知, 视频编解码器: 未知, 音频编解码器: 未知
分类: 山东, 名称: 曲阜新闻, 有效: 1, IPv4: 1, IPv6: 0, 最小延迟: 53 ms, 最高速率: 15.88 M/s, 平均速率: 15.88 M/s, 最高分辨率: 1280x720, 平均帧率: 未知, 视频编解码器: 未知, 音频编解码器: 未知
分类: 山东, 名称: 栖霞综合, 有效: 1, IPv4: 1, IPv6: 0, 最小延迟: 268 ms, 最高速率: 1.90 M/s, 平均速率: 1.90 M/s, 最高分辨率: 1280x720, 平均帧率: 未知, 视频编解码器: 未知, 音频编解码器: 未知
分类: 山东, 名称: 兖州新闻, 有效: 0, IPv4: 1, IPv6: 0, 最小延迟: 44 ms, 最高速率: 9.43 M/s, 平均速率: 0.00 M/s, 最高分辨率: 640x360, 平均帧率: 25.00, 视频编解码器: h264, 音频编解码器: aac
分类: 山东, 名称: 荣成综合, 有效: 0, IPv4: 1, IPv6: 0, 最小延迟: 236 ms, 最高速率: 1.60 M/s, 平均速率: 0.00 M/s, 最高分辨率: 848x480, 平均帧率: 25.00, 视频编解码器: h264, 音频编解码器: aac
分类: 山东, 名称: 平原新闻, 有效: 0, IPv4: 1, IPv6: 0, 最小延迟: -1 ms, 最高速率: 0.00 M/s, 平均速率: 0.00 M/s, 最高分辨率: 1920x1080, 平均帧率: 未知, 视频编解码器: 未知, 音频编解码器: 未知
分类: 山东, 名称: 禹城综艺, 有效: 0, IPv4: 1, IPv6: 0, 最小延迟: 117 ms, 最高速率: 0.69 M/s, 平均速率: 0.00 M/s, 最高分辨率: 720x576, 平均帧率: 25.00, 视频编解码器: h264, 音频编解码器: aac
分类: 山东, 名称: 禹城综合, 有效: 0, IPv4: 1, IPv6: 0, 最小延迟: 192 ms, 最高速率: 0.60 M/s, 平均速率: 0.00 M/s, 最高分辨率: 800x600, 平均帧率: 25.00, 视频编解码器: h264, 音频编解码器: aac
分类: 山东, 名称: 新泰乡村, 有效: 1, IPv4: 2, IPv6: 0, 最小延迟: 61 ms, 最高速率: 16.21 M/s, 平均速率: 16.21 M/s, 最高分辨率: 1920x1080, 平均帧率: 未知, 视频编解码器: 未知, 音频编解码器: 未知
分类: 山东, 名称: 陵城新闻, 有效: 0, IPv4: 1, IPv6: 0, 最小延迟: -1 ms, 最高速率: 0.00 M/s, 平均速率: 0.00 M/s, 最高分辨率: 1920x1080, 平均帧率: 未知, 视频编解码器: 未知, 音频编解码器: 未知
分类: 山东, 名称: 蓬莱新闻, 有效: 0, IPv4: 1, IPv6: 0, 最小延迟: -1 ms, 最高速率: 0.00 M/s, 平均速率: 0.00 M/s, 最高分辨率: 1920x1080, 平均帧率: 未知, 视频编解码器: 未知, 音频编解码器: 未知
分类: 山东, 名称: 夏津公共, 有效: 0, IPv4: 1, IPv6: 0, 最小延迟: 47 ms, 最高速率: 14.87 M/s, 平均速率: 0.00 M/s, 最高分辨率: 800x600, 平均帧率: 25.00, 视频编解码器: h264, 音频编解码器: aac
分类: 山东, 名称: 安丘综合, 有效: 1, IPv4: 1, IPv6: 0, 最小延迟: 38 ms, 最高速率: 9.77 M/s, 平均速率: 9.77 M/s, 最高分辨率: 1920x1080, 平均帧率: 未知, 视频编解码器: 未知, 音频编解码器: 未知
分类: 山东, 名称: 淄川新闻, 有效: 1, IPv4: 1, IPv6: 0, 最小延迟: 411 ms, 最高速率: 1.12 M/s, 平均速率: 1.12 M/s, 最高分辨率: 1280x720, 平均帧率: 未知, 视频编解码器: 未知, 音频编解码器: 未知
分类: 山东, 名称: 沂水综合, 有效: 1, IPv4: 1, IPv6: 0, 最小延迟: 66 ms, 最高速率: 15.77 M/s, 平均速率: 15.77 M/s, 最高分辨率: 1920x1080, 平均帧率: 未知, 视频编解码器: 未知, 音频编解码器: 未知
分类: 山东, 名称: 夏津综合, 有效: 0, IPv4: 1, IPv6: 0, 最小延迟: 47 ms, 最高速率: 14.91 M/s, 平均速率: 0.00 M/s, 最高分辨率: 800x600, 平均帧率: 25.00, 视频编解码器: h264, 音频编解码器: aac
分类: 山东, 名称: 鱼台生活, 有效: 1, IPv4: 1, IPv6: 0, 最小延迟: 47 ms, 最高速率: 13.96 M/s, 平均速率: 13.96 M/s, 最高分辨率: 1920x1080, 平均帧率: 未知, 视频编解码器: 未知, 音频编解码器: 未知
分类: 山东, 名称: 平阴综合, 有效: 1, IPv4: 2, IPv6: 0, 最小延迟: 45 ms, 最高速率: 13.92 M/s, 平均速率: 13.92 M/s, 最高分辨率: 1920x1080, 平均帧率: 未知, 视频编解码器: 未知, 音频编解码器: 未知
分类: 山东, 名称: 河东综合, 有效: 1, IPv4: 2, IPv6: 0, 最小延迟: 48 ms, 最高速率: 15.58 M/s, 平均速率: 15.58 M/s, 最高分辨率: 1920x1080, 平均帧率: 未知, 视频编解码器: 未知, 音频编解码器: 未知
分类: 山东, 名称: 东阿综合, 有效: 0, IPv4: 1, IPv6: 0, 最小延迟: -1 ms, 最高速率: 0.00 M/s, 平均速率: 0.00 M/s, 最高分辨率: 1920x1080, 平均帧率: 未知, 视频编解码器: 未知, 音频编解码器: 未知
分类: 山东, 名称: 海洋频道, 有效: 6, IPv4: 19, IPv6: 0, 最小延迟: 10 ms, 最高速率: 0.80 M/s, 平均速率: 0.66 M/s, 最高分辨率: 1920x1080, 平均帧率: 未知, 视频编解码器: 未知, 音频编解码器: 未知
分类: 北京, 名称: 北京新闻, 有效: 1, IPv4: 3, IPv6: 0, 最小延迟: 4902 ms, 最高速率: 0.42 M/s, 平均速率: 0.42 M/s, 最高分辨率: 1920x1080, 平均帧率: 未知, 视频编解码器: 未知, 音频编解码器: 未知
分类: 北京, 名称: 北京文艺, 有效: 1, IPv4: 3, IPv6: 0, 最小延迟: 3814 ms, 最高速率: 0.53 M/s, 平均速率: 0.53 M/s, 最高分辨率: 1920x1080, 平均帧率: 未知, 视频编解码器: 未知, 音频编解码器: 未知
分类: 北京, 名称: 北京影视, 有效: 1, IPv4: 3, IPv6: 0, 最小延迟: 1455 ms, 最高速率: 0.75 M/s, 平均速率: 0.75 M/s, 最高分辨率: 1920x1080, 平均帧率: 未知, 视频编解码器: 未知, 音频编解码器: 未知
分类: 北京, 名称: 北京体育休闲, 有效: 6, IPv4: 14, IPv6: 0, 最小延迟: 522 ms, 最高速率: 0.88 M/s, 平均速率: 0.72 M/s, 最高分辨率: 1920x1080, 平均帧率: 未知, 视频编解码器: 未知, 音频编解码器: 未知
分类: 北京, 名称: 北京财经, 有效: 1, IPv4: 2, IPv6: 0, 最小延迟: 3549 ms, 最高速率: 0.54 M/s, 平均速率: 0.54 M/s, 最高分辨率: 1920x1080, 平均帧率: 未知, 视频编解码器: 未知, 音频编解码器: 未知
分类: 北京, 名称: 北京生活, 有效: 1, IPv4: 3, IPv6: 0, 最小延迟: 1302 ms, 最高速率: 0.74 M/s, 平均速率: 0.74 M/s, 最高分辨率: 1920x1080, 平均帧率: 未知, 视频编解码器: 未知, 音频编解码器: 未知
分类: 北京, 名称: 北京纪实科教, 有效: 6, IPv4: 73, IPv6: 0, 最小延迟: 66 ms, 最高速率: 6.39 M/s, 平均速率: 2.22 M/s, 最高分辨率: 1920x1080, 平均帧率: 未知, 视频编解码器: 未知, 音频编解码器: 未知
分类: 北京, 名称: 北京冬奥纪实, 有效: 0, IPv4: 2, IPv6: 0, 最小延迟: -1 ms, 最高速率: 0.00 M/s, 平均速率: 0.00 M/s, 最高分辨率: None, 平均帧率: 未知, 视频编解码器: 未知, 音频编解码器: 未知
分类: 北京, 名称: 朝阳融媒, 有效: 5, IPv4: 10, IPv6: 0, 最小延迟: 533 ms, 最高速率: 1.02 M/s, 平均速率: 0.73 M/s, 最高分辨率: 1920x1080, 平均帧率: 未知, 视频编解码器: 未知, 音频编解码器: 未知
分类: 北京, 名称: 密云电视台, 有效: 6, IPv4: 10, IPv6: 0, 最小延迟: 520 ms, 最高速率: 1.01 M/s, 平均速率: 0.82 M/s, 最高分辨率: 1920x1080, 平均帧率: 未知, 视频编解码器: 未知, 音频编解码器: 未知
分类: 北京, 名称: 房山电视台, 有效: 5, IPv4: 10, IPv6: 0, 最小延迟: 542 ms, 最高速率: 0.96 M/s, 平均速率: 0.75 M/s, 最高分辨率: 1920x1080, 平均帧率: 未知, 视频编解码器: 未知, 音频编解码器: 未知
分类: 北京, 名称: 通州融媒, 有效: 5, IPv4: 8, IPv6: 0, 最小延迟: 541 ms, 最高速率: 0.87 M/s, 平均速率: 0.77 M/s, 最高分辨率: 1920x1080, 平均帧率: 未知, 视频编解码器: 未知, 音频编解码器: 未知
分类: 北京, 名称: 睛彩竞技, 有效: 4, IPv4: 12, IPv6: 0, 最小延迟: 554 ms, 最高速率: 0.95 M/s, 平均速率: 0.80 M/s, 最高分辨率: 1920x1080, 平均帧率: 未知, 视频编解码器: 未知, 音频编解码器: 未知
分类: 上海, 名称: 上海卫视, 有效: 2, IPv4: 6, IPv6: 0, 最小延迟: 339 ms, 最高速率: 0.36 M/s, 平均速率: 0.35 M/s, 最高分辨率: 1920x1080, 平均帧率: 未知, 视频编解码器: 未知, 音频编解码器: 未知
分类: 上海, 名称: 上海都市, 有效: 0, IPv4: 1, IPv6: 0, 最小延迟: -1 ms, 最高速率: 0.00 M/s, 平均速率: 0.00 M/s, 最高分辨率: None, 平均帧率: 未知, 视频编解码器: 未知, 音频编解码器: 未知
分类: 上海, 名称: 全纪实, 有效: 0, IPv4: 2, IPv6: 0, 最小延迟: -1 ms, 最高速率: 0.00 M/s, 平均速率: 0.00 M/s, 最高分辨率: 1920x1080, 平均帧率: 未知, 视频编解码器: 未知, 音频编解码器: 未知
分类: 上海, 名称: 上海第一财经, 有效: 0, IPv4: 6, IPv6: 0, 最小延迟: -1 ms, 最高速率: 0.00 M/s, 平均速率: 0.00 M/s, 最高分辨率: None, 平均帧率: 未知, 视频编解码器: 未知, 音频编解码器: 未知
分类: 上海, 名称: 上海纪实, 有效: 0, IPv4: 1, IPv6: 0, 最小延迟: 613 ms, 最高速率: 0.00 M/s, 平均速率: 0.00 M/s, 最高分辨率: None, 平均帧率: 未知, 视频编解码器: 未知, 音频编解码器: 未知
分类: 上海, 名称: 上海新闻综合, 有效: 1, IPv4: 13, IPv6: 0, 最小延迟: 565 ms, 最高速率: 0.33 M/s, 平均速率: 0.33 M/s, 最高分辨率: 1920x1080, 平均帧率: 25.00, 视频编解码器: h264, 音频编解码器: aac
分类: 广东, 名称: 广东珠江, 有效: 5, IPv4: 37, IPv6: 0, 最小延迟: 535 ms, 最高速率: 6.03 M/s, 平均速率: 4.61 M/s, 最高分辨率: 1920x1080, 平均帧率: 未知, 视频编解码器: 未知, 音频编解码器: 未知
分类: 上海, 名称: 法治天地, 有效: 1, IPv4: 8, IPv6: 0, 最小延迟: 524 ms, 最高速率: 0.72 M/s, 平均速率: 0.72 M/s, 最高分辨率: 1920x1080, 平均帧率: 未知, 视频编解码器: 未知, 音频编解码器: 未知
分类: 广东, 名称: 广东新闻, 有效: 5, IPv4: 28, IPv6: 0, 最小延迟: 58 ms, 最高速率: 3.61 M/s, 平均速率: 3.48 M/s, 最高分辨率: 1920x1080, 平均帧率: 未知, 视频编解码器: 未知, 音频编解码器: 未知
分类: 上海, 名称: 金色频道, 有效: 0, IPv4: 1, IPv6: 0, 最小延迟: 523 ms, 最高速率: 0.00 M/s, 平均速率: 0.00 M/s, 最高分辨率: None, 平均帧率: 未知, 视频编解码器: 未知, 音频编解码器: 未知
分类: 广东, 名称: 广东民生, 有效: 5, IPv4: 17, IPv6: 0, 最小延迟: 10 ms, 最高速率: 1.73 M/s, 平均速率: 1.04 M/s, 最高分辨率: 1920x1080, 平均帧率: 未知, 视频编解码器: 未知, 音频编解码器: 未知
分类: 广东, 名称: 广东影视, 有效: 7, IPv4: 14, IPv6: 0, 最小延迟: 9 ms, 最高速率: 2.04 M/s, 平均速率: 0.93 M/s, 最高分辨率: 1920x1080, 平均帧率: 未知, 视频编解码器: 未知, 音频编解码器: 未知
分类: 广东, 名称: 广州综合, 有效: 5, IPv4: 13, IPv6: 0, 最小延迟: 1699 ms, 最高速率: 0.34 M/s, 平均速率: 0.29 M/s, 最高分辨率: 1280x720, 平均帧率: 未知, 视频编解码器: 未知, 音频编解码器: 未知
分类: 广东, 名称: 广州影视, 有效: 0, IPv4: 2, IPv6: 0, 最小延迟: -1 ms, 最高速率: 0.00 M/s, 平均速率: 0.00 M/s, 最高分辨率: None, 平均帧率: 未知, 视频编解码器: 未知, 音频编解码器: 未知
分类: 广东, 名称: 广东公共, 有效: 1, IPv4: 3, IPv6: 0, 最小延迟: 10131 ms, 最高速率: 0.40 M/s, 平均速率: 0.40 M/s, 最高分辨率: 1920x1080, 平均帧率: 未知, 视频编解码器: 未知, 音频编解码器: 未知
分类: 广东, 名称: 广州法治, 有效: 0, IPv4: 2, IPv6: 0, 最小延迟: -1 ms, 最高速率: 0.00 M/s, 平均速率: 0.00 M/s, 最高分辨率: None, 平均帧率: 未知, 视频编解码器: 未知, 音频编解码器: 未知
分类: 广东, 名称: 深圳都市, 有效: 0, IPv4: 1, IPv6: 0, 最小延迟: -1 ms, 最高速率: 0.00 M/s, 平均速率: 0.00 M/s, 最高分辨率: 1920x1080, 平均帧率: 未知, 视频编解码器: 未知, 音频编解码器: 未知
分类: 广东, 名称: 东莞综合, 有效: 0, IPv4: 1, IPv6: 0, 最小延迟: -1 ms, 最高速率: 0.00 M/s, 平均速率: 0.00 M/s, 最高分辨率: 1280x720, 平均帧率: 未知, 视频编解码器: 未知, 音频编解码器: 未知
分类: 广东, 名称: 广州新闻, 有效: 5, IPv4: 12, IPv6: 0, 最小延迟: 9 ms, 最高速率: 0.39 M/s, 平均速率: 0.31 M/s, 最高分辨率: 1920x1080, 平均帧率: 未知, 视频编解码器: 未知, 音频编解码器: aac
分类: 广东, 名称: 惠州综合, 有效: 0, IPv4: 1, IPv6: 0, 最小延迟: 10148 ms, 最高速率: 0.09 M/s, 平均速率: 0.00 M/s, 最高分辨率: 1920x1080, 平均帧率: 未知, 视频编解码器: 未知, 音频编解码器: 未知
分类: 广东, 名称: 佛山综合, 有效: 1, IPv4: 2, IPv6: 0, 最小延迟: 202 ms, 最高速率: 0.79 M/s, 平均速率: 0.79 M/s, 最高分辨率: 1920x1080, 平均帧率: 未知, 视频编解码器: 未知, 音频编解码器: 未知
分类: 广东, 名称: 肇庆综合, 有效: 2, IPv4: 2, IPv6: 0, 最小延迟: 512 ms, 最高速率: 0.88 M/s, 平均速率: 0.59 M/s, 最高分辨率: 1920x1080, 平均帧率: 未知, 视频编解码器: 未知, 音频编解码器: 未知
分类: 广东, 名称: 江门综合, 有效: 0, IPv4: 3, IPv6: 0, 最小延迟: 516 ms, 最高速率: 0.03 M/s, 平均速率: 0.00 M/s, 最高分辨率: None, 平均帧率: 未知, 视频编解码器: 未知, 音频编解码器: 未知
分类: 广东, 名称: 汕头综合, 有效: 6, IPv4: 10, IPv6: 0, 最小延迟: 507 ms, 最高速率: 0.88 M/s, 平均速率: 0.75 M/s, 最高分辨率: 1920x1080, 平均帧率: 未知, 视频编解码器: 未知, 音频编解码器: 未知
分类: 广东, 名称: 潮州综合, 有效: 5, IPv4: 9, IPv6: 0, 最小延迟: 302 ms, 最高速率: 0.84 M/s, 平均速率: 0.68 M/s, 最高分辨率: 1920x1080, 平均帧率: 未知, 视频编解码器: 未知, 音频编解码器: 未知
分类: 广东, 名称: 揭阳综合, 有效: 5, IPv4: 9, IPv6: 0, 最小延迟: 481 ms, 最高速率: 0.90 M/s, 平均速率: 0.60 M/s, 最高分辨率: 1920x1080, 平均帧率: 未知, 视频编解码器: 未知, 音频编解码器: 未知
分类: 广东, 名称: 梅州综合, 有效: 0, IPv4: 1, IPv6: 0, 最小延迟: 1386 ms, 最高速率: 0.05 M/s, 平均速率: 0.00 M/s, 最高分辨率: 1920x1080, 平均帧率: 未知, 视频编解码器: 未知, 音频编解码器: 未知
分类: 广东, 名称: 江门侨乡生活, 有效: 0, IPv4: 1, IPv6: 0, 最小延迟: -1 ms, 最高速率: 0.00 M/s, 平均速率: 0.00 M/s, 最高分辨率: None, 平均帧率: 未知, 视频编解码器: 未知, 音频编解码器: 未知
分类: 广东, 名称: 河源综合, 有效: 0, IPv4: 4, IPv6: 0, 最小延迟: 3552 ms, 最高速率: 0.18 M/s, 平均速率: 0.00 M/s, 最高分辨率: 960x540, 平均帧率: 25.00, 视频编解码器: h264, 音频编解码器: aac
分类: 广东, 名称: 惠州公共, 有效: 0, IPv4: 1, IPv6: 0, 最小延迟: 10379 ms, 最高速率: 0.03 M/s, 平均速率: 0.00 M/s, 最高分辨率: 1920x1080, 平均帧率: 未知, 视频编解码器: 未知, 音频编解码器: 未知
分类: 广东, 名称: 云浮文旅, 有效: 0, IPv4: 1, IPv6: 0, 最小延迟: -1 ms, 最高速率: 0.00 M/s, 平均速率: 0.00 M/s, 最高分辨率: None, 平均帧率: 未知, 视频编解码器: 未知, 音频编解码器: 未知
分类: 广东, 名称: 佛山公共, 有效: 0, IPv4: 1, IPv6: 0, 最小延迟: 202 ms, 最高速率: 0.28 M/s, 平均速率: 0.00 M/s, 最高分辨率: None, 平均帧率: 未知, 视频编解码器: 未知, 音频编解码器: 未知
分类: 广东, 名称: 云浮综合, 有效: 1, IPv4: 3, IPv6: 0, 最小延迟: 521 ms, 最高速率: 0.85 M/s, 平均速率: 0.85 M/s, 最高分辨率: 1920x1080, 平均帧率: 未知, 视频编解码器: 未知, 音频编解码器: 未知
分类: 广东, 名称: 佛山南海, 有效: 0, IPv4: 1, IPv6: 0, 最小延迟: 197 ms, 最高速率: 0.29 M/s, 平均速率: 0.00 M/s, 最高分辨率: None, 平均帧率: 未知, 视频编解码器: 未知, 音频编解码器: 未知
分类: 广东, 名称: 佛山顺德, 有效: 0, IPv4: 1, IPv6: 0, 最小延迟: 202 ms, 最高速率: 0.28 M/s, 平均速率: 0.00 M/s, 最高分辨率: None, 平均帧率: 未知, 视频编解码器: 未知, 音频编解码器: 未知
分类: 广东, 名称: 佛山影视, 有效: 0, IPv4: 1, IPv6: 0, 最小延迟: 201 ms, 最高速率: 0.28 M/s, 平均速率: 0.00 M/s, 最高分辨率: None, 平均帧率: 未知, 视频编解码器: 未知, 音频编解码器: 未知
分类: 广东, 名称: 河源公共, 有效: 0, IPv4: 4, IPv6: 0, 最小延迟: 6285 ms, 最高速率: 0.14 M/s, 平均速率: 0.00 M/s, 最高分辨率: 1920x1080, 平均帧率: 25.00, 视频编解码器: h264, 音频编解码器: aac
分类: 广东, 名称: 汕头经济, 有效: 0, IPv4: 1, IPv6: 0, 最小延迟: 1236 ms, 最高速率: 0.03 M/s, 平均速率: 0.00 M/s, 最高分辨率: 1920x1080, 平均帧率: 未知, 视频编解码器: 未知, 音频编解码器: 未知
分类: 广东, 名称: 潮州民生, 有效: 5, IPv4: 9, IPv6: 0, 最小延迟: 478 ms, 最高速率: 0.85 M/s, 平均速率: 0.81 M/s, 最高分辨率: 1920x1080, 平均帧率: 未知, 视频编解码器: 未知, 音频编解码器: 未知
分类: 湖南, 名称: 湖南经视, 有效: 0, IPv4: 7, IPv6: 0, 最小延迟: 964 ms, 最高速率: 0.64 M/s, 平均速率: 0.00 M/s, 最高分辨率: 640x360, 平均帧率: 25.00, 视频编解码器: h264, 音频编解码器: aac
分类: 湖南, 名称: 湖南都市, 有效: 0, IPv4: 7, IPv6: 0, 最小延迟: 1640 ms, 最高速率: 0.44 M/s, 平均速率: 0.00 M/s, 最高分辨率: 640x360, 平均帧率: 25.00, 视频编解码器: h264, 音频编解码器: aac
分类: 湖南, 名称: 湖南娱乐, 有效: 2, IPv4: 8, IPv6: 0, 最小延迟: 506 ms, 最高速率: 5.09 M/s, 平均速率: 4.19 M/s, 最高分辨率: 1280x720, 平均帧率: 未知, 视频编解码器: 未知, 音频编解码器: 未知
分类: 湖南, 名称: 湖南爱晚, 有效: 0, IPv4: 7, IPv6: 0, 最小延迟: 794 ms, 最高速率: 0.57 M/s, 平均速率: 0.00 M/s, 最高分辨率: 640x360, 平均帧率: 25.00, 视频编解码器: h264, 音频编解码器: aac
分类: 湖南, 名称: 湖南电影, 有效: 1, IPv4: 5, IPv6: 0, 最小延迟: 4523 ms, 最高速率: 0.78 M/s, 平均速率: 0.78 M/s, 最高分辨率: 1920x1080, 平均帧率: 未知, 视频编解码器: 未知, 音频编解码器: 未知
分类: 湖南, 名称: 湖南电视剧, 有效: 0, IPv4: 7, IPv6: 0, 最小延迟: 716 ms, 最高速率: 0.79 M/s, 平均速率: 0.00 M/s, 最高分辨率: 640x360, 平均帧率: 25.00, 视频编解码器: h264, 音频编解码器: aac
分类: 湖南, 名称: 湖南教育, 有效: 2, IPv4: 6, IPv6: 0, 最小延迟: 538 ms, 最高速率: 4.90 M/s, 平均速率: 2.95 M/s, 最高分辨率: 1280x720, 平均帧率: 未知, 视频编解码器: 未知, 音频编解码器: 未知
分类: 湖南, 名称: 湖南国际, 有效: 1, IPv4: 15, IPv6: 0, 最小延迟: 505 ms, 最高速率: 0.72 M/s, 平均速率: 0.72 M/s, 最高分辨率: 1920x1080, 平均帧率: 未知, 视频编解码器: 未知, 音频编解码器: 未知
分类: 湖南, 名称: 湖南金鹰纪实, 有效: 6, IPv4: 188, IPv6: 0, 最小延迟: 15 ms, 最高速率: 0.87 M/s, 平均速率: 0.79 M/s, 最高分辨率: 1920x1080, 平均帧率: 未知, 视频编解码器: 未知, 音频编解码器: 未知
分类: 湖南, 名称: 长沙女性, 有效: 0, IPv4: 1, IPv6: 0, 最小延迟: -1 ms, 最高速率: 0.00 M/s, 平均速率: 0.00 M/s, 最高分辨率: None, 平均帧率: 未知, 视频编解码器: 未知, 音频编解码器: 未知
分类: 湖南, 名称: 长沙新闻综合, 有效: 0, IPv4: 5, IPv6: 0, 最小延迟: 518 ms, 最高速率: 0.00 M/s, 平均速率: 0.00 M/s, 最高分辨率: None, 平均帧率: 未知, 视频编解码器: 未知, 音频编解码器: 未知
分类: 湖南, 名称: 长沙政法, 有效: 1, IPv4: 7, IPv6: 0, 最小延迟: 520 ms, 最高速率: 0.72 M/s, 平均速率: 0.72 M/s, 最高分辨率: 1920x1080, 平均帧率: 未知, 视频编解码器: 未知, 音频编解码器: 未知
分类: 湖南, 名称: 株洲新闻综合, 有效: 0, IPv4: 3, IPv6: 0, 最小延迟: 499 ms, 最高速率: 0.00 M/s, 平均速率: 0.00 M/s, 最高分辨率: None, 平均帧率: 未知, 视频编解码器: 未知, 音频编解码器: 未知
分类: 湖南, 名称: 湘潭新闻综合, 有效: 0, IPv4: 12, IPv6: 0, 最小延迟: 496 ms, 最高速率: 0.00 M/s, 平均速率: 0.00 M/s, 最高分辨率: 1920x1080, 平均帧率: 未知, 视频编解码器: 未知, 音频编解码器: 未知
分类: 湖南, 名称: 衡阳新闻综合, 有效: 0, IPv4: 4, IPv6: 0, 最小延迟: 508 ms, 最高速率: 0.73 M/s, 平均速率: 0.00 M/s, 最高分辨率: None, 平均帧率: 未知, 视频编解码器: 未知, 音频编解码器: 未知
分类: 湖南, 名称: 岳阳新闻综合, 有效: 1, IPv4: 6, IPv6: 0, 最小延迟: 519 ms, 最高速率: 0.48 M/s, 平均速率: 0.48 M/s, 最高分辨率: 1920x1080, 平均帧率: 未知, 视频编解码器: 未知, 音频编解码器: 未知
分类: 湖南, 名称: 常德新闻综合, 有效: 0, IPv4: 12, IPv6: 0, 最小延迟: 537 ms, 最高速率: 0.17 M/s, 平均速率: 0.00 M/s, 最高分辨率: 1920x1080, 平均帧率: 未知, 视频编解码器: 未知, 音频编解码器: 未知
分类: 湖南, 名称: 张家界新闻综合, 有效: 0, IPv4: 8, IPv6: 0, 最小延迟: 495 ms, 最高速率: 0.06 M/s, 平均速率: 0.00 M/s, 最高分辨率: 1920x1080, 平均帧率: 未知, 视频编解码器: 未知, 音频编解码器: 未知
分类: 湖南, 名称: 益阳新闻综合, 有效: 1, IPv4: 7, IPv6: 0, 最小延迟: 514 ms, 最高速率: 0.76 M/s, 平均速率: 0.76 M/s, 最高分辨率: 1920x1080, 平均帧率: 未知, 视频编解码器: 未知, 音频编解码器: 未知
分类: 湖南, 名称: 郴州新闻综合, 有效: 0, IPv4: 12, IPv6: 0, 最小延迟: 497 ms, 最高速率: 0.79 M/s, 平均速率: 0.00 M/s, 最高分辨率: 1920x1080, 平均帧率: 未知, 视频编解码器: 未知, 音频编解码器: 未知
分类: 湖南, 名称: 永州新闻综合, 有效: 0, IPv4: 6, IPv6: 0, 最小延迟: 521 ms, 最高速率: 0.16 M/s, 平均速率: 0.00 M/s, 最高分辨率: 1920x1080, 平均帧率: 未知, 视频编解码器: 未知, 音频编解码器: 未知
分类: 湖南, 名称: 怀化新闻综合, 有效: 0, IPv4: 9, IPv6: 0, 最小延迟: 510 ms, 最高速率: 0.17 M/s, 平均速率: 0.00 M/s, 最高分辨率: 1920x1080, 平均帧率: 未知, 视频编解码器: 未知, 音频编解码器: 未知
分类: 湖南, 名称: 娄底新闻综合, 有效: 0, IPv4: 12, IPv6: 0, 最小延迟: 497 ms, 最高速率: 0.00 M/s, 平均速率: 0.00 M/s, 最高分辨率: None, 平均帧率: 未知, 视频编解码器: 未知, 音频编解码器: 未知
分类: 湖南, 名称: 南县综合, 有效: 0, IPv4: 1, IPv6: 0, 最小延迟: -1 ms, 最高速率: 0.00 M/s, 平均速率: 0.00 M/s, 最高分辨率: None, 平均帧率: 未知, 视频编解码器: 未知, 音频编解码器: 未知
分类: 湖南, 名称: 靖州综合, 有效: 0, IPv4: 1, IPv6: 0, 最小延迟: -1 ms, 最高速率: 0.00 M/s, 平均速率: 0.00 M/s, 最高分辨率: None, 平均帧率: 未知, 视频编解码器: 未知, 音频编解码器: 未知
分类: 浙江, 名称: 浙江钱江都市, 有效: 0, IPv4: 1, IPv6: 0, 最小延迟: -1 ms, 最高速率: 0.00 M/s, 平均速率: 0.00 M/s, 最高分辨率: 1920x1080, 平均帧率: 未知, 视频编解码器: 未知, 音频编解码器: 未知
分类: 湖南, 名称: 湘西新闻综合, 有效: 1, IPv4: 12, IPv6: 0, 最小延迟: 514 ms, 最高速率: 0.70 M/s, 平均速率: 0.70 M/s, 最高分辨率: 1920x1080, 平均帧率: 未知, 视频编解码器: 未知, 音频编解码器: 未知
分类: 浙江, 名称: 浙江经济生活, 有效: 0, IPv4: 3, IPv6: 0, 最小延迟: 1209 ms, 最高速率: 0.13 M/s, 平均速率: 0.00 M/s, 最高分辨率: 1920x1080, 平均帧率: 25.00, 视频编解码器: h264, 音频编解码器: aac
分类: 湖南, 名称: 临武综合, 有效: 0, IPv4: 2, IPv6: 0, 最小延迟: 835 ms, 最高速率: 0.04 M/s, 平均速率: 0.00 M/s, 最高分辨率: 1920x1080, 平均帧率: 未知, 视频编解码器: 未知, 音频编解码器: 未知
分类: 浙江, 名称: 浙江民生休闲, 有效: 0, IPv4: 2, IPv6: 0, 最小延迟: 1533 ms, 最高速率: 0.17 M/s, 平均速率: 0.00 M/s, 最高分辨率: 1920x1080, 平均帧率: 25.00, 视频编解码器: h264, 音频编解码器: aac
分类: 浙江, 名称: 浙江新闻, 有效: 2, IPv4: 5, IPv6: 0, 最小延迟: 1696 ms, 最高速率: 0.30 M/s, 平均速率: 0.21 M/s, 最高分辨率: 1920x1080, 平均帧率: 25.00, 视频编解码器: h264, 音频编解码器: aac
分类: 浙江, 名称: 浙江国际, 有效: 2, IPv4: 5, IPv6: 0, 最小延迟: 1006 ms, 最高速率: 0.38 M/s, 平均速率: 0.37 M/s, 最高分辨率: 1920x1080, 平均帧率: 25.00, 视频编解码器: h264, 音频编解码器: aac
分类: 浙江, 名称: 杭州明珠, 有效: 1, IPv4: 2, IPv6: 0, 最小延迟: 244 ms, 最高速率: 0.75 M/s, 平均速率: 0.75 M/s, 最高分辨率: 1920x1080, 平均帧率: 未知, 视频编解码器: 未知, 音频编解码器: 未知
分类: 浙江, 名称: 杭州导视, 有效: 0, IPv4: 1, IPv6: 0, 最小延迟: 251 ms, 最高速率: 0.00 M/s, 平均速率: 0.00 M/s, 最高分辨率: None, 平均帧率: 未知, 视频编解码器: 未知, 音频编解码器: 未知
分类: 浙江, 名称: 杭州生活, 有效: 0, IPv4: 5, IPv6: 0, 最小延迟: 259 ms, 最高速率: 0.12 M/s, 平均速率: 0.00 M/s, 最高分辨率: 1920x1080, 平均帧率: 50.00, 视频编解码器: h264, 音频编解码器: mp2
分类: 浙江, 名称: 杭州综合, 有效: 1, IPv4: 6, IPv6: 0, 最小延迟: 264 ms, 最高速率: 0.71 M/s, 平均速率: 0.71 M/s, 最高分辨率: 1920x1080, 平均帧率: 未知, 视频编解码器: 未知, 音频编解码器: 未知
分类: 浙江, 名称: 湖州新闻, 有效: 2, IPv4: 3, IPv6: 0, 最小延迟: 265 ms, 最高速率: 0.25 M/s, 平均速率: 0.22 M/s, 最高分辨率: 1280x720, 平均帧率: 未知, 视频编解码器: 未知, 音频编解码器: 未知
分类: 浙江, 名称: 杭州影视, 有效: 1, IPv4: 4, IPv6: 0, 最小延迟: 264 ms, 最高速率: 0.77 M/s, 平均速率: 0.77 M/s, 最高分辨率: 1920x1080, 平均帧率: 50.00, 视频编解码器: h264, 音频编解码器: mp2
分类: 浙江, 名称: 湖州文化, 有效: 1, IPv4: 1, IPv6: 0, 最小延迟: 2564 ms, 最高速率: 0.44 M/s, 平均速率: 0.44 M/s, 最高分辨率: 1280x720, 平均帧率: 未知, 视频编解码器: 未知, 音频编解码器: 未知
分类: 浙江, 名称: 嘉兴新闻, 有效: 1, IPv4: 3, IPv6: 0, 最小延迟: 244 ms, 最高速率: 0.45 M/s, 平均速率: 0.45 M/s, 最高分辨率: 1920x1080, 平均帧率: 未知, 视频编解码器: 未知, 音频编解码器: 未知
分类: 浙江, 名称: 湖州公共, 有效: 2, IPv4: 3, IPv6: 0, 最小延迟: 788 ms, 最高速率: 0.28 M/s, 平均速率: 0.15 M/s, 最高分辨率: 1280x720, 平均帧率: 未知, 视频编解码器: 未知, 音频编解码器: 未知
分类: 浙江, 名称: 衢州新闻, 有效: 0, IPv4: 1, IPv6: 0, 最小延迟: 240 ms, 最高速率: 0.00 M/s, 平均速率: 0.00 M/s, 最高分辨率: None, 平均帧率: 未知, 视频编解码器: 未知, 音频编解码器: 未知
分类: 浙江, 名称: 舟山新闻, 有效: 0, IPv4: 1, IPv6: 0, 最小延迟: -1 ms, 最高速率: 0.00 M/s, 平均速率: 0.00 M/s, 最高分辨率: None, 平均帧率: 未知, 视频编解码器: 未知, 音频编解码器: 未知
分类: 浙江, 名称: 绍兴新闻, 有效: 4, IPv4: 7, IPv6: 0, 最小延迟: 270 ms, 最高速率: 0.72 M/s, 平均速率: 0.44 M/s, 最高分辨率: 1920x1080, 平均帧率: 25.00, 视频编解码器: h264, 音频编解码器: aac
分类: 浙江, 名称: 绍兴公共, 有效: 3, IPv4: 4, IPv6: 0, 最小延迟: 6019 ms, 最高速率: 0.17 M/s, 平均速率: 0.15 M/s, 最高分辨率: 1280x720, 平均帧率: 未知, 视频编解码器: 未知, 音频编解码器: 未知
分类: 浙江, 名称: 丽水新闻, 有效: 0, IPv4: 1, IPv6: 0, 最小延迟: 265 ms, 最高速率: 0.00 M/s, 平均速率: 0.00 M/s, 最高分辨率: None, 平均帧率: 未知, 视频编解码器: 未知, 音频编解码器: 未知
分类: 浙江, 名称: 绍兴文化, 有效: 1, IPv4: 1, IPv6: 0, 最小延迟: 4939 ms, 最高速率: 0.17 M/s, 平均速率: 0.17 M/s, 最高分辨率: 1280x720, 平均帧率: 未知, 视频编解码器: 未知, 音频编解码器: 未知
分类: 浙江, 名称: 桐乡新闻, 有效: 0, IPv4: 1, IPv6: 0, 最小延迟: 241 ms, 最高速率: 0.00 M/s, 平均速率: 0.00 M/s, 最高分辨率: None, 平均帧率: 未知, 视频编解码器: 未知, 音频编解码器: 未知
分类: 浙江, 名称: 诸暨新闻, 有效: 0, IPv4: 3, IPv6: 0, 最小延迟: -1 ms, 最高速率: 0.00 M/s, 平均速率: 0.00 M/s, 最高分辨率: None, 平均帧率: 未知, 视频编解码器: 未知, 音频编解码器: 未知
分类: 浙江, 名称: 海宁新闻, 有效: 1, IPv4: 1, IPv6: 0, 最小延迟: 2202 ms, 最高速率: 0.21 M/s, 平均速率: 0.21 M/s, 最高分辨率: 1280x720, 平均帧率: 未知, 视频编解码器: 未知, 音频编解码器: 未知
分类: 浙江, 名称: 温州新闻, 有效: 2, IPv4: 3, IPv6: 0, 最小延迟: 263 ms, 最高速率: 0.78 M/s, 平均速率: 0.70 M/s, 最高分辨率: 1920x1080, 平均帧率: 未知, 视频编解码器: 未知, 音频编解码器: 未知
分类: 江苏, 名称: 江苏综艺, 有效: 0, IPv4: 1, IPv6: 0, 最小延迟: -1 ms, 最高速率: 0.00 M/s, 平均速率: 0.00 M/s, 最高分辨率: None, 平均帧率: 未知, 视频编解码器: 未知, 音频编解码器: 未知
分类: 浙江, 名称: 衢州公共, 有效: 1, IPv4: 2, IPv6: 0, 最小延迟: 796 ms, 最高速率: 0.74 M/s, 平均速率: 0.74 M/s, 最高分辨率: 1920x1080, 平均帧率: 未知, 视频编解码器: 未知, 音频编解码器: 未知
分类: 江苏, 名称: 江苏新闻, 有效: 0, IPv4: 1, IPv6: 0, 最小延迟: -1 ms, 最高速率: 0.00 M/s, 平均速率: 0.00 M/s, 最高分辨率: None, 平均帧率: 未知, 视频编解码器: 未知, 音频编解码器: 未知
分类: 江苏, 名称: 江苏教育, 有效: 0, IPv4: 4, IPv6: 0, 最小延迟: -1 ms, 最高速率: 0.00 M/s, 平均速率: 0.00 M/s, 最高分辨率: None, 平均帧率: 未知, 视频编解码器: 未知, 音频编解码器: 未知
分类: 江苏, 名称: 江苏国际, 有效: 0, IPv4: 4, IPv6: 0, 最小延迟: -1 ms, 最高速率: 0.00 M/s, 平均速率: 0.00 M/s, 最高分辨率: None, 平均帧率: 未知, 视频编解码器: 未知, 音频编解码器: 未知
分类: 江苏, 名称: 江苏城市, 有效: 0, IPv4: 2, IPv6: 0, 最小延迟: 10169 ms, 最高速率: 0.06 M/s, 平均速率: 0.00 M/s, 最高分辨率: 1920x1080, 平均帧率: 未知, 视频编解码器: 未知, 音频编解码器: 未知
分类: 江苏, 名称: 江苏影视, 有效: 0, IPv4: 2, IPv6: 0, 最小延迟: 10835 ms, 最高速率: 0.09 M/s, 平均速率: 0.00 M/s, 最高分辨率: 1920x1080, 平均帧率: 未知, 视频编解码器: 未知, 音频编解码器: 未知
分类: 江苏, 名称: 南京教科, 有效: 0, IPv4: 3, IPv6: 0, 最小延迟: -1 ms, 最高速率: 0.00 M/s, 平均速率: 0.00 M/s, 最高分辨率: None, 平均帧率: 未知, 视频编解码器: 未知, 音频编解码器: 未知
分类: 江苏, 名称: 苏州文化生活, 有效: 1, IPv4: 1, IPv6: 0, 最小延迟: 763 ms, 最高速率: 0.50 M/s, 平均速率: 0.50 M/s, 最高分辨率: 1280x720, 平均帧率: 未知, 视频编解码器: 未知, 音频编解码器: 未知
分类: 江苏, 名称: 苏州新闻, 有效: 1, IPv4: 1, IPv6: 0, 最小延迟: 815 ms, 最高速率: 1.13 M/s, 平均速率: 1.13 M/s, 最高分辨率: 1280x720, 平均帧率: 未知, 视频编解码器: 未知, 音频编解码器: 未知
分类: 江苏, 名称: 苏州社会经济, 有效: 1, IPv4: 1, IPv6: 0, 最小延迟: 1391 ms, 最高速率: 1.44 M/s, 平均速率: 1.44 M/s, 最高分辨率: 1280x720, 平均帧率: 未知, 视频编解码器: 未知, 音频编解码器: 未知
分类: 江苏, 名称: 南京十八, 有效: 0, IPv4: 6, IPv6: 0, 最小延迟: -1 ms, 最高速率: 0.00 M/s, 平均速率: 0.00 M/s, 最高分辨率: None, 平均帧率: 未知, 视频编解码器: 未知, 音频编解码器: 未知
分类: 江苏, 名称: 苏州生活资讯, 有效: 1, IPv4: 1, IPv6: 0, 最小延迟: 953 ms, 最高速率: 0.37 M/s, 平均速率: 0.37 M/s, 最高分辨率: 1280x720, 平均帧率: 未知, 视频编解码器: 未知, 音频编解码器: 未知
分类: 江苏, 名称: 苏州电影娱乐, 有效: 1, IPv4: 1, IPv6: 0, 最小延迟: 854 ms, 最高速率: 0.40 M/s, 平均速率: 0.40 M/s, 最高分辨率: 1280x720, 平均帧率: 未知, 视频编解码器: 未知, 音频编解码器: 未知
分类: 江苏, 名称: 镇江新闻, 有效: 1, IPv4: 7, IPv6: 0, 最小延迟: 2463 ms, 最高速率: 0.29 M/s, 平均速率: 0.29 M/s, 最高分辨率: 1920x1080, 平均帧率: 未知, 视频编解码器: 未知, 音频编解码器: 未知
分类: 江苏, 名称: 镇江民生, 有效: 0, IPv4: 2, IPv6: 0, 最小延迟: -1 ms, 最高速率: 0.00 M/s, 平均速率: 0.00 M/s, 最高分辨率: 1920x1080, 平均帧率: 未知, 视频编解码器: 未知, 音频编解码器: 未知
分类: 江苏, 名称: 南京新闻, 有效: 0, IPv4: 5, IPv6: 0, 最小延迟: 499 ms, 最高速率: 0.23 M/s, 平均速率: 0.00 M/s, 最高分辨率: 720x576, 平均帧率: 未知, 视频编解码器: 未知, 音频编解码器: 未知
分类: 江苏, 名称: 南通新闻, 有效: 0, IPv4: 4, IPv6: 0, 最小延迟: -1 ms, 最高速率: 0.00 M/s, 平均速率: 0.00 M/s, 最高分辨率: None, 平均帧率: 未知, 视频编解码器: 未知, 音频编解码器: 未知
分类: 江苏, 名称: 盐城新闻, 有效: 0, IPv4: 5, IPv6: 0, 最小延迟: -1 ms, 最高速率: 0.00 M/s, 平均速率: 0.00 M/s, 最高分辨率: None, 平均帧率: 未知, 视频编解码器: 未知, 音频编解码器: 未知
分类: 江苏, 名称: 淮安新闻, 有效: 0, IPv4: 3, IPv6: 0, 最小延迟: -1 ms, 最高速率: 0.00 M/s, 平均速率: 0.00 M/s, 最高分辨率: None, 平均帧率: 未知, 视频编解码器: 未知, 音频编解码器: 未知
分类: 江苏, 名称: 淮安公共, 有效: 0, IPv4: 1, IPv6: 0, 最小延迟: -1 ms, 最高速率: 0.00 M/s, 平均速率: 0.00 M/s, 最高分辨率: None, 平均帧率: 未知, 视频编解码器: 未知, 音频编解码器: 未知
分类: 江苏, 名称: 连云港新闻, 有效: 0, IPv4: 5, IPv6: 0, 最小延迟: -1 ms, 最高速率: 0.00 M/s, 平均速率: 0.00 M/s, 最高分辨率: None, 平均帧率: 未知, 视频编解码器: 未知, 音频编解码器: 未知
分类: 江苏, 名称: 连云港公共, 有效: 0, IPv4: 1, IPv6: 0, 最小延迟: -1 ms, 最高速率: 0.00 M/s, 平均速率: 0.00 M/s, 最高分辨率: None, 平均帧率: 未知, 视频编解码器: 未知, 音频编解码器: 未知
分类: 江苏, 名称: 徐州新闻, 有效: 0, IPv4: 3, IPv6: 0, 最小延迟: -1 ms, 最高速率: 0.00 M/s, 平均速率: 0.00 M/s, 最高分辨率: None, 平均帧率: 未知, 视频编解码器: 未知, 音频编解码器: 未知
分类: 江苏, 名称: 江阴新闻, 有效: 0, IPv4: 1, IPv6: 0, 最小延迟: -1 ms, 最高速率: 0.00 M/s, 平均速率: 0.00 M/s, 最高分辨率: 1920x1080, 平均帧率: 未知, 视频编解码器: 未知, 音频编解码器: 未知
分类: 江苏, 名称: 宿迁新闻, 有效: 0, IPv4: 3, IPv6: 0, 最小延迟: -1 ms, 最高速率: 0.00 M/s, 平均速率: 0.00 M/s, 最高分辨率: None, 平均帧率: 未知, 视频编解码器: 未知, 音频编解码器: 未知
分类: 江苏, 名称: 宜兴新闻, 有效: 0, IPv4: 2, IPv6: 0, 最小延迟: -1 ms, 最高速率: 0.00 M/s, 平均速率: 0.00 M/s, 最高分辨率: 1920x1080, 平均帧率: 未知, 视频编解码器: 未知, 音频编解码器: 未知
分类: 福建, 名称: 福建卫视, 有效: 0, IPv4: 1, IPv6: 0, 最小延迟: -1 ms, 最高速率: 0.00 M/s, 平均速率: 0.00 M/s, 最高分辨率: None, 平均帧率: 未知, 视频编解码器: 未知, 音频编解码器: 未知
分类: 江苏, 名称: 赣榆新闻, 有效: 0, IPv4: 1, IPv6: 0, 最小延迟: -1 ms, 最高速率: 0.00 M/s, 平均速率: 0.00 M/s, 最高分辨率: None, 平均帧率: 未知, 视频编解码器: 未知, 音频编解码器: 未知
分类: 江苏, 名称: 张家港新闻, 有效: 0, IPv4: 1, IPv6: 0, 最小延迟: -1 ms, 最高速率: 0.00 M/s, 平均速率: 0.00 M/s, 最高分辨率: None, 平均帧率: 未知, 视频编解码器: 未知, 音频编解码器: 未知
分类: 江苏, 名称: 滨海新闻, 有效: 0, IPv4: 2, IPv6: 0, 最小延迟: 6685 ms, 最高速率: 0.07 M/s, 平均速率: 0.00 M/s, 最高分辨率: 1920x1080, 平均帧率: 未知, 视频编解码器: 未知, 音频编解码器: 未知
分类: 福建, 名称: 福建综合, 有效: 3, IPv4: 4, IPv6: 0, 最小延迟: 803 ms, 最高速率: 0.83 M/s, 平均速率: 0.79 M/s, 最高分辨率: 1920x1080, 平均帧率: 未知, 视频编解码器: 未知, 音频编解码器: 未知
分类: 福建, 名称: 漳州新闻, 有效: 0, IPv4: 1, IPv6: 0, 最小延迟: -1 ms, 最高速率: 0.00 M/s, 平均速率: 0.00 M/s, 最高分辨率: None, 平均帧率: 未知, 视频编解码器: 未知, 音频编解码器: 未知
分类: 福建, 名称: 厦门一套, 有效: 1, IPv4: 1, IPv6: 0, 最小延迟: 523 ms, 最高速率: 0.88 M/s, 平均速率: 0.88 M/s, 最高分辨率: 1920x1080, 平均帧率: 未知, 视频编解码器: 未知, 音频编解码器: 未知
分类: 福建, 名称: 泉州综合, 有效: 2, IPv4: 2, IPv6: 0, 最小延迟: 575 ms, 最高速率: 0.84 M/s, 平均速率: 0.81 M/s, 最高分辨率: 1920x1080, 平均帧率: 未知, 视频编解码器: 未知, 音频编解码器: 未知
分类: 福建, 名称: 三明新闻, 有效: 0, IPv4: 5, IPv6: 0, 最小延迟: -1 ms, 最高速率: 0.00 M/s, 平均速率: 0.00 M/s, 最高分辨率: None, 平均帧率: 未知, 视频编解码器: 未知, 音频编解码器: 未知
分类: 福建, 名称: 宁德新闻, 有效: 0, IPv4: 2, IPv6: 0, 最小延迟: -1 ms, 最高速率: 0.00 M/s, 平均速率: 0.00 M/s, 最高分辨率: None, 平均帧率: 未知, 视频编解码器: 未知, 音频编解码器: 未知
分类: 福建, 名称: 龙岩新闻, 有效: 1, IPv4: 2, IPv6: 0, 最小延迟: 518 ms, 最高速率: 0.88 M/s, 平均速率: 0.88 M/s, 最高分辨率: 1920x1080, 平均帧率: 未知, 视频编解码器: 未知, 音频编解码器: 未知
分类: 福建, 名称: 福建少儿, 有效: 1, IPv4: 2, IPv6: 0, 最小延迟: 800 ms, 最高速率: 0.78 M/s, 平均速率: 0.78 M/s, 最高分辨率: 1920x1080, 平均帧率: 未知, 视频编解码器: 未知, 音频编解码器: 未知
分类: 福建, 名称: 宁化综合, 有效: 0, IPv4: 1, IPv6: 0, 最小延迟: -1 ms, 最高速率: 0.00 M/s, 平均速率: 0.00 M/s, 最高分辨率: None, 平均帧率: 未知, 视频编解码器: 未知, 音频编解码器: 未知
分类: 福建, 名称: 漳浦综合, 有效: 0, IPv4: 1, IPv6: 0, 最小延迟: -1 ms, 最高速率: 0.00 M/s, 平均速率: 0.00 M/s, 最高分辨率: None, 平均帧率: 未知, 视频编解码器: 未知, 音频编解码器: 未知
分类: 福建, 名称: 武夷山综合, 有效: 0, IPv4: 1, IPv6: 0, 最小延迟: -1 ms, 最高速率: 0.00 M/s, 平均速率: 0.00 M/s, 最高分辨率: None, 平均帧率: 未知, 视频编解码器: 未知, 音频编解码器: 未知
分类: 福建, 名称: 晋江电视台, 有效: 1, IPv4: 2, IPv6: 0, 最小延迟: 4738 ms, 最高速率: 0.29 M/s, 平均速率: 0.29 M/s, 最高分辨率: 1280x720, 平均帧率: 未知, 视频编解码器: 未知, 音频编解码器: 未知
分类: 福建, 名称: 莆田新闻, 有效: 1, IPv4: 1, IPv6: 0, 最小延迟: 571 ms, 最高速率: 0.88 M/s, 平均速率: 0.88 M/s, 最高分辨率: 1920x1080, 平均帧率: 未知, 视频编解码器: 未知, 音频编解码器: 未知
分类: 福建, 名称: 福建新闻, 有效: 2, IPv4: 3, IPv6: 0, 最小延迟: 511 ms, 最高速率: 0.85 M/s, 平均速率: 0.84 M/s, 最高分辨率: 1920x1080, 平均帧率: 未知, 视频编解码器: 未知, 音频编解码器: 未知
分类: 湖北, 名称: 湖北公共, 有效: 0, IPv4: 1, IPv6: 0, 最小延迟: -1 ms, 最高速率: 0.00 M/s, 平均速率: 0.00 M/s, 最高分辨率: None, 平均帧率: 未知, 视频编解码器: 未知, 音频编解码器: 未知
分类: 湖北, 名称: 湖北综合, 有效: 0, IPv4: 6, IPv6: 0, 最小延迟: 914 ms, 最高速率: 0.11 M/s, 平均速率: 0.00 M/s, 最高分辨率: 1920x1080, 平均帧率: 未知, 视频编解码器: 未知, 音频编解码器: 未知
分类: 湖北, 名称: 湖北经视, 有效: 1, IPv4: 5, IPv6: 0, 最小延迟: 943 ms, 最高速率: 0.40 M/s, 平均速率: 0.40 M/s, 最高分辨率: 1920x1080, 平均帧率: 未知, 视频编解码器: 未知, 音频编解码器: 未知
分类: 湖北, 名称: 湖北生活, 有效: 0, IPv4: 6, IPv6: 0, 最小延迟: 4075 ms, 最高速率: 0.00 M/s, 平均速率: 0.00 M/s, 最高分辨率: None, 平均帧率: 未知, 视频编解码器: 未知, 音频编解码器: 未知
分类: 湖北, 名称: 湖北影视, 有效: 0, IPv4: 6, IPv6: 0, 最小延迟: 821 ms, 最高速率: 0.11 M/s, 平均速率: 0.00 M/s, 最高分辨率: 1920x1080, 平均帧率: 未知, 视频编解码器: 未知, 音频编解码器: 未知
分类: 湖北, 名称: 湖北教育, 有效: 0, IPv4: 6, IPv6: 0, 最小延迟: 927 ms, 最高速率: 0.05 M/s, 平均速率: 0.00 M/s, 最高分辨率: 1920x1080, 平均帧率: 未知, 视频编解码器: 未知, 音频编解码器: 未知
分类: 湖北, 名称: 武汉经济, 有效: 0, IPv4: 1, IPv6: 0, 最小延迟: -1 ms, 最高速率: 0.00 M/s, 平均速率: 0.00 M/s, 最高分辨率: None, 平均帧率: 未知, 视频编解码器: 未知, 音频编解码器: 未知
分类: 湖北, 名称: 武汉生活, 有效: 0, IPv4: 2, IPv6: 0, 最小延迟: -1 ms, 最高速率: 0.00 M/s, 平均速率: 0.00 M/s, 最高分辨率: 1920x1080, 平均帧率: 未知, 视频编解码器: 未知, 音频编解码器: 未知
分类: 湖北, 名称: 武汉文体, 有效: 0, IPv4: 2, IPv6: 0, 最小延迟: 303 ms, 最高速率: 0.00 M/s, 平均速率: 0.00 M/s, 最高分辨率: None, 平均帧率: 未知, 视频编解码器: 未知, 音频编解码器: 未知
分类: 湖北, 名称: 武汉少儿, 有效: 0, IPv4: 1, IPv6: 0, 最小延迟: -1 ms, 最高速率: 0.00 M/s, 平均速率: 0.00 M/s, 最高分辨率: None, 平均帧率: 未知, 视频编解码器: 未知, 音频编解码器: 未知
分类: 湖北, 名称: 黄石新闻, 有效: 0, IPv4: 2, IPv6: 0, 最小延迟: 1490 ms, 最高速率: 0.07 M/s, 平均速率: 0.00 M/s, 最高分辨率: 1280x720, 平均帧率: 未知, 视频编解码器: 未知, 音频编解码器: 未知
分类: 湖北, 名称: 湖北垄上, 有效: 0, IPv4: 4, IPv6: 0, 最小延迟: 964 ms, 最高速率: 0.14 M/s, 平均速率: 0.00 M/s, 最高分辨率: 1920x1080, 平均帧率: 未知, 视频编解码器: 未知, 音频编解码器: 未知
分类: 湖北, 名称: 武汉新闻, 有效: 0, IPv4: 5, IPv6: 0, 最小延迟: 862 ms, 最高速率: 0.08 M/s, 平均速率: 0.00 M/s, 最高分辨率: 1920x1080, 平均帧率: 未知, 视频编解码器: 未知, 音频编解码器: 未知
分类: 湖北, 名称: 十堰新闻, 有效: 3, IPv4: 6, IPv6: 0, 最小延迟: 1944 ms, 最高速率: 0.54 M/s, 平均速率: 0.35 M/s, 最高分辨率: 1280x720, 平均帧率: 未知, 视频编解码器: 未知, 音频编解码器: 未知
分类: 湖北, 名称: 宜昌新闻, 有效: 1, IPv4: 5, IPv6: 0, 最小延迟: 2945 ms, 最高速率: 0.44 M/s, 平均速率: 0.44 M/s, 最高分辨率: 1920x1080, 平均帧率: 未知, 视频编解码器: 未知, 音频编解码器: 未知
分类: 湖北, 名称: 襄阳新闻, 有效: 0, IPv4: 3, IPv6: 0, 最小延迟: -1 ms, 最高速率: 0.00 M/s, 平均速率: 0.00 M/s, 最高分辨率: None, 平均帧率: 未知, 视频编解码器: 未知, 音频编解码器: 未知
分类: 湖北, 名称: 鄂州新闻, 有效: 0, IPv4: 6, IPv6: 0, 最小延迟: -1 ms, 最高速率: 0.00 M/s, 平均速率: 0.00 M/s, 最高分辨率: None, 平均帧率: 未知, 视频编解码器: 未知, 音频编解码器: 未知
分类: 湖北, 名称: 武汉教育, 有效: 1, IPv4: 3, IPv6: 0, 最小延迟: 664 ms, 最高速率: 0.22 M/s, 平均速率: 0.22 M/s, 最高分辨率: 1920x1080, 平均帧率: 未知, 视频编解码器: 未知, 音频编解码器: 未知
分类: 湖北, 名称: 孝感新闻, 有效: 0, IPv4: 2, IPv6: 0, 最小延迟: -1 ms, 最高速率: 0.00 M/s, 平均速率: 0.00 M/s, 最高分辨率: None, 平均帧率: 未知, 视频编解码器: 未知, 音频编解码器: 未知
分类: 湖北, 名称: 荆州新闻, 有效: 0, IPv4: 3, IPv6: 0, 最小延迟: -1 ms, 最高速率: 0.00 M/s, 平均速率: 0.00 M/s, 最高分辨率: None, 平均帧率: 未知, 视频编解码器: 未知, 音频编解码器: 未知
分类: 湖北, 名称: 黄冈新闻, 有效: 0, IPv4: 3, IPv6: 0, 最小延迟: -1 ms, 最高速率: 0.00 M/s, 平均速率: 0.00 M/s, 最高分辨率: None, 平均帧率: 未知, 视频编解码器: 未知, 音频编解码器: 未知
分类: 湖北, 名称: 咸宁新闻, 有效: 0, IPv4: 4, IPv6: 0, 最小延迟: -1 ms, 最高速率: 0.00 M/s, 平均速率: 0.00 M/s, 最高分辨率: None, 平均帧率: 未知, 视频编解码器: 未知, 音频编解码器: 未知
分类: 湖北, 名称: 随州新闻, 有效: 0, IPv4: 2, IPv6: 0, 最小延迟: 1130 ms, 最高速率: 0.17 M/s, 平均速率: 0.00 M/s, 最高分辨率: 1920x1080, 平均帧率: 未知, 视频编解码器: 未知, 音频编解码器: 未知
分类: 湖北, 名称: 谷城综合, 有效: 0, IPv4: 1, IPv6: 0, 最小延迟: -1 ms, 最高速率: 0.00 M/s, 平均速率: 0.00 M/s, 最高分辨率: None, 平均帧率: 未知, 视频编解码器: 未知, 音频编解码器: 未知
分类: 湖北, 名称: 长阳综合, 有效: 0, IPv4: 1, IPv6: 0, 最小延迟: -1 ms, 最高速率: 0.00 M/s, 平均速率: 0.00 M/s, 最高分辨率: None, 平均帧率: 未知, 视频编解码器: 未知, 音频编解码器: 未知
分类: 湖北, 名称: 枝江综合, 有效: 0, IPv4: 1, IPv6: 0, 最小延迟: -1 ms, 最高速率: 0.00 M/s, 平均速率: 0.00 M/s, 最高分辨率: None, 平均帧率: 未知, 视频编解码器: 未知, 音频编解码器: 未知
分类: 湖北, 名称: 房县综合, 有效: 0, IPv4: 2, IPv6: 0, 最小延迟: 251 ms, 最高速率: 0.15 M/s, 平均速率: 0.00 M/s, 最高分辨率: 1920x1080, 平均帧率: 未知, 视频编解码器: 未知, 音频编解码器: 未知
分类: 湖北, 名称: 钟祥综合, 有效: 0, IPv4: 1, IPv6: 0, 最小延迟: -1 ms, 最高速率: 0.00 M/s, 平均速率: 0.00 M/s, 最高分辨率: None, 平均帧率: 未知, 视频编解码器: 未知, 音频编解码器: 未知
分类: 湖北, 名称: 松滋综合, 有效: 0, IPv4: 1, IPv6: 0, 最小延迟: -1 ms, 最高速率: 0.00 M/s, 平均速率: 0.00 M/s, 最高分辨率: None, 平均帧率: 未知, 视频编解码器: 未知, 音频编解码器: 未知
分类: 湖北, 名称: 潜江综合, 有效: 1, IPv4: 1, IPv6: 0, 最小延迟: 2091 ms, 最高速率: 0.45 M/s, 平均速率: 0.45 M/s, 最高分辨率: 1920x1080, 平均帧率: 未知, 视频编解码器: 未知, 音频编解码器: 未知
分类: 湖北, 名称: 应城综合, 有效: 0, IPv4: 1, IPv6: 0, 最小延迟: -1 ms, 最高速率: 0.00 M/s, 平均速率: 0.00 M/s, 最高分辨率: None, 平均帧率: 未知, 视频编解码器: 未知, 音频编解码器: 未知
分类: 湖北, 名称: 大悟综合, 有效: 0, IPv4: 1, IPv6: 0, 最小延迟: -1 ms, 最高速率: 0.00 M/s, 平均速率: 0.00 M/s, 最高分辨率: None, 平均帧率: 未知, 视频编解码器: 未知, 音频编解码器: 未知
分类: 湖北, 名称: 恩施新闻, 有效: 1, IPv4: 1, IPv6: 0, 最小延迟: 6711 ms, 最高速率: 0.14 M/s, 平均速率: 0.14 M/s, 最高分辨率: 1280x720, 平均帧率: 未知, 视频编解码器: 未知, 音频编解码器: 未知
分类: 湖北, 名称: 赤壁综合, 有效: 0, IPv4: 1, IPv6: 0, 最小延迟: -1 ms, 最高速率: 0.00 M/s, 平均速率: 0.00 M/s, 最高分辨率: 1920x1080, 平均帧率: 未知, 视频编解码器: 未知, 音频编解码器: 未知
分类: 湖北, 名称: 通山综合, 有效: 0, IPv4: 2, IPv6: 0, 最小延迟: -1 ms, 最高速率: 0.00 M/s, 平均速率: 0.00 M/s, 最高分辨率: None, 平均帧率: 未知, 视频编解码器: 未知, 音频编解码器: 未知
分类: 湖北, 名称: 崇阳综合, 有效: 0, IPv4: 1, IPv6: 0, 最小延迟: -1 ms, 最高速率: 0.00 M/s, 平均速率: 0.00 M/s, 最高分辨率: 1920x1080, 平均帧率: 未知, 视频编解码器: 未知, 音频编解码器: 未知
分类: 湖北, 名称: 巴东综合, 有效: 0, IPv4: 1, IPv6: 0, 最小延迟: 2665 ms, 最高速率: 0.15 M/s, 平均速率: 0.00 M/s, 最高分辨率: 1920x1080, 平均帧率: 未知, 视频编解码器: 未知, 音频编解码器: 未知
分类: 湖北, 名称: 咸丰综合, 有效: 1, IPv4: 1, IPv6: 0, 最小延迟: 1786 ms, 最高速率: 0.22 M/s, 平均速率: 0.22 M/s, 最高分辨率: 1920x1080, 平均帧率: 未知, 视频编解码器: 未知, 音频编解码器: 未知
分类: 湖北, 名称: 来凤综合, 有效: 0, IPv4: 1, IPv6: 0, 最小延迟: -1 ms, 最高速率: 0.00 M/s, 平均速率: 0.00 M/s, 最高分辨率: None, 平均帧率: 未知, 视频编解码器: 未知, 音频编解码器: 未知
分类: 天津, 名称: 天津文艺, 有效: 2, IPv4: 2, IPv6: 0, 最小延迟: 931 ms, 最高速率: 2.39 M/s, 平均速率: 2.28 M/s, 最高分辨率: 1280x720, 平均帧率: 未知, 视频编解码器: 未知, 音频编解码器: 未知
分类: 天津, 名称: 天津科教, 有效: 0, IPv4: 1, IPv6: 0, 最小延迟: -1 ms, 最高速率: 0.00 M/s, 平均速率: 0.00 M/s, 最高分辨率: None, 平均帧率: 未知, 视频编解码器: 未知, 音频编解码器: 未知
分类: 天津, 名称: 天津新闻, 有效: 3, IPv4: 4, IPv6: 0, 最小延迟: 829 ms, 最高速率: 1.83 M/s, 平均速率: 1.52 M/s, 最高分辨率: 1920x1080, 平均帧率: 未知, 视频编解码器: 未知, 音频编解码器: 未知
分类: 天津, 名称: 天津影视, 有效: 2, IPv4: 4, IPv6: 0, 最小延迟: 892 ms, 最高速率: 1.89 M/s, 平均速率: 1.86 M/s, 最高分辨率: 1280x720, 平均帧率: 未知, 视频编解码器: 未知, 音频编解码器: 未知
分类: 天津, 名称: 天津都市, 有效: 4, IPv4: 5, IPv6: 0, 最小延迟: 851 ms, 最高速率: 1.44 M/s, 平均速率: 1.22 M/s, 最高分辨率: 1920x1080, 平均帧率: 未知, 视频编解码器: 未知, 音频编解码器: 未知
分类: 天津, 名称: 宝坻综合, 有效: 0, IPv4: 1, IPv6: 0, 最小延迟: -1 ms, 最高速率: 0.00 M/s, 平均速率: 0.00 M/s, 最高分辨率: None, 平均帧率: 未知, 视频编解码器: 未知, 音频编解码器: 未知
分类: 安徽, 名称: 安徽经济生活, 有效: 0, IPv4: 1, IPv6: 0, 最小延迟: -1 ms, 最高速率: 0.00 M/s, 平均速率: 0.00 M/s, 最高分辨率: None, 平均帧率: 未知, 视频编解码器: 未知, 音频编解码器: 未知
分类: 天津, 名称: 津南一套, 有效: 0, IPv4: 1, IPv6: 0, 最小延迟: 33 ms, 最高速率: 8.30 M/s, 平均速率: 0.00 M/s, 最高分辨率: 720x576, 平均帧率: 25.00, 视频编解码器: h264, 音频编解码器: aac
分类: 天津, 名称: 天津滨海, 有效: 2, IPv4: 10, IPv6: 0, 最小延迟: 41 ms, 最高速率: 13.89 M/s, 平均速率: 7.08 M/s, 最高分辨率: 1920x1080, 平均帧率: 25.00, 视频编解码器: h264, 音频编解码器: aac
分类: 安徽, 名称: 安徽影视, 有效: 1, IPv4: 3, IPv6: 0, 最小延迟: 497 ms, 最高速率: 0.85 M/s, 平均速率: 0.85 M/s, 最高分辨率: 1920x1080, 平均帧率: 未知, 视频编解码器: 未知, 音频编解码器: 未知
分类: 天津, 名称: 静海综合, 有效: 0, IPv4: 1, IPv6: 0, 最小延迟: 10945 ms, 最高速率: 0.00 M/s, 平均速率: 0.00 M/s, 最高分辨率: None, 平均帧率: 未知, 视频编解码器: 未知, 音频编解码器: 未知
分类: 安徽, 名称: 安徽公共, 有效: 0, IPv4: 2, IPv6: 0, 最小延迟: 4029 ms, 最高速率: 0.03 M/s, 平均速率: 0.00 M/s, 最高分辨率: 1920x1080, 平均帧率: 未知, 视频编解码器: 未知, 音频编解码器: 未知
分类: 安徽, 名称: 合肥生活, 有效: 0, IPv4: 2, IPv6: 0, 最小延迟: -1 ms, 最高速率: 0.00 M/s, 平均速率: 0.00 M/s, 最高分辨率: None, 平均帧率: 未知, 视频编解码器: 未知, 音频编解码器: 未知
分类: 安徽, 名称: 安徽国际, 有效: 1, IPv4: 2, IPv6: 0, 最小延迟: 520 ms, 最高速率: 0.78 M/s, 平均速率: 0.78 M/s, 最高分辨率: 1920x1080, 平均帧率: 未知, 视频编解码器: 未知, 音频编解码器: 未知
分类: 安徽, 名称: 合肥新闻, 有效: 0, IPv4: 3, IPv6: 0, 最小延迟: 842 ms, 最高速率: 0.10 M/s, 平均速率: 0.00 M/s, 最高分辨率: 1920x1080, 平均帧率: 未知, 视频编解码器: 未知, 音频编解码器: 未知
分类: 安徽, 名称: 芜湖新闻, 有效: 0, IPv4: 5, IPv6: 0, 最小延迟: 774 ms, 最高速率: 0.06 M/s, 平均速率: 0.00 M/s, 最高分辨率: None, 平均帧率: 未知, 视频编解码器: 未知, 音频编解码器: 未知
分类: 安徽, 名称: 淮南新闻, 有效: 0, IPv4: 4, IPv6: 0, 最小延迟: 1496 ms, 最高速率: 0.05 M/s, 平均速率: 0.00 M/s, 最高分辨率: 1920x1080, 平均帧率: 未知, 视频编解码器: 未知, 音频编解码器: 未知
分类: 安徽, 名称: 马鞍山新闻, 有效: 2, IPv4: 4, IPv6: 0, 最小延迟: 2511 ms, 最高速率: 0.48 M/s, 平均速率: 0.41 M/s, 最高分辨率: 1920x1080, 平均帧率: 未知, 视频编解码器: 未知, 音频编解码器: 未知
分类: 安徽, 名称: 淮北新闻, 有效: 1, IPv4: 6, IPv6: 0, 最小延迟: 724 ms, 最高速率: 0.15 M/s, 平均速率: 0.15 M/s, 最高分辨率: 3840x2160, 平均帧率: 未知, 视频编解码器: 未知, 音频编解码器: 未知
分类: 安徽, 名称: 安庆新闻, 有效: 1, IPv4: 3, IPv6: 0, 最小延迟: 1876 ms, 最高速率: 0.24 M/s, 平均速率: 0.24 M/s, 最高分辨率: 1920x1080, 平均帧率: 未知, 视频编解码器: 未知, 音频编解码器: 未知
分类: 安徽, 名称: 黄山新闻, 有效: 5, IPv4: 8, IPv6: 0, 最小延迟: 9 ms, 最高速率: 0.32 M/s, 平均速率: 0.25 M/s, 最高分辨率: 1920x1080, 平均帧率: 未知, 视频编解码器: 未知, 音频编解码器: 未知
分类: 安徽, 名称: 铜陵新闻, 有效: 0, IPv4: 2, IPv6: 0, 最小延迟: 511 ms, 最高速率: 0.02 M/s, 平均速率: 0.00 M/s, 最高分辨率: None, 平均帧率: 未知, 视频编解码器: 未知, 音频编解码器: 未知
分类: 安徽, 名称: 滁州新闻, 有效: 0, IPv4: 2, IPv6: 0, 最小延迟: 990 ms, 最高速率: 0.01 M/s, 平均速率: 0.00 M/s, 最高分辨率: 1920x1080, 平均帧率: 未知, 视频编解码器: 未知, 音频编解码器: 未知
分类: 安徽, 名称: 阜阳新闻, 有效: 0, IPv4: 5, IPv6: 0, 最小延迟: 515 ms, 最高速率: 0.00 M/s, 平均速率: 0.00 M/s, 最高分辨率: 1920x1080, 平均帧率: 未知, 视频编解码器: 未知, 音频编解码器: 未知
分类: 安徽, 名称: 宿州新闻, 有效: 0, IPv4: 4, IPv6: 0, 最小延迟: 1697 ms, 最高速率: 0.02 M/s, 平均速率: 0.00 M/s, 最高分辨率: None, 平均帧率: 未知, 视频编解码器: 未知, 音频编解码器: 未知
分类: 江西, 名称: 江西都市, 有效: 0, IPv4: 1, IPv6: 0, 最小延迟: -1 ms, 最高速率: 0.00 M/s, 平均速率: 0.00 M/s, 最高分辨率: None, 平均帧率: 未知, 视频编解码器: 未知, 音频编解码器: 未知
分类: 安徽, 名称: 六安新闻, 有效: 0, IPv4: 2, IPv6: 0, 最小延迟: 555 ms, 最高速率: 0.01 M/s, 平均速率: 0.00 M/s, 最高分辨率: 1920x1080, 平均帧率: 未知, 视频编解码器: 未知, 音频编解码器: 未知
分类: 江西, 名称: 江西经济生活, 有效: 1, IPv4: 2, IPv6: 0, 最小延迟: 450 ms, 最高速率: 2.85 M/s, 平均速率: 2.85 M/s, 最高分辨率: 1280x720, 平均帧率: 未知, 视频编解码器: 未知, 音频编解码器: 未知
分类: 江西, 名称: 江西公共农业, 有效: 1, IPv4: 2, IPv6: 0, 最小延迟: 500 ms, 最高速率: 4.02 M/s, 平均速率: 4.02 M/s, 最高分辨率: 1280x720, 平均帧率: 未知, 视频编解码器: 未知, 音频编解码器: 未知
分类: 江西, 名称: 江西影视旅游, 有效: 0, IPv4: 1, IPv6: 0, 最小延迟: -1 ms, 最高速率: 0.00 M/s, 平均速率: 0.00 M/s, 最高分辨率: None, 平均帧率: 未知, 视频编解码器: 未知, 音频编解码器: 未知
分类: 江西, 名称: 江西少儿, 有效: 0, IPv4: 1, IPv6: 0, 最小延迟: -1 ms, 最高速率: 0.00 M/s, 平均速率: 0.00 M/s, 最高分辨率: None, 平均帧率: 未知, 视频编解码器: 未知, 音频编解码器: 未知
分类: 江西, 名称: 江西新闻, 有效: 0, IPv4: 1, IPv6: 0, 最小延迟: -1 ms, 最高速率: 0.00 M/s, 平均速率: 0.00 M/s, 最高分辨率: None, 平均帧率: 未知, 视频编解码器: 未知, 音频编解码器: 未知
分类: 安徽, 名称: 池州新闻, 有效: 0, IPv4: 4, IPv6: 0, 最小延迟: 504 ms, 最高速率: 0.01 M/s, 平均速率: 0.00 M/s, 最高分辨率: 1920x1080, 平均帧率: 未知, 视频编解码器: 未知, 音频编解码器: 未知
分类: 江西, 名称: 景德镇新闻综合, 有效: 0, IPv4: 1, IPv6: 0, 最小延迟: -1 ms, 最高速率: 0.00 M/s, 平均速率: 0.00 M/s, 最高分辨率: None, 平均帧率: 未知, 视频编解码器: 未知, 音频编解码器: 未知
分类: 安徽, 名称: 亳州新闻, 有效: 0, IPv4: 4, IPv6: 0, 最小延迟: 544 ms, 最高速率: 0.00 M/s, 平均速率: 0.00 M/s, 最高分辨率: 1920x1080, 平均帧率: 未知, 视频编解码器: 未知, 音频编解码器: 未知
分类: 江西, 名称: 赣州新闻综合, 有效: 0, IPv4: 2, IPv6: 0, 最小延迟: -1 ms, 最高速率: 0.00 M/s, 平均速率: 0.00 M/s, 最高分辨率: 1920x1080, 平均帧率: 未知, 视频编解码器: 未知, 音频编解码器: 未知
分类: 江西, 名称: 吉安综合, 有效: 0, IPv4: 2, IPv6: 0, 最小延迟: -1 ms, 最高速率: 0.00 M/s, 平均速率: 0.00 M/s, 最高分辨率: None, 平均帧率: 未知, 视频编解码器: 未知, 音频编解码器: 未知
分类: 江西, 名称: 章贡综合, 有效: 0, IPv4: 1, IPv6: 0, 最小延迟: 2792 ms, 最高速率: 0.06 M/s, 平均速率: 0.00 M/s, 最高分辨率: 1920x1080, 平均帧率: 未知, 视频编解码器: 未知, 音频编解码器: 未知
分类: 江西, 名称: 九江新闻综合, 有效: 0, IPv4: 3, IPv6: 0, 最小延迟: -1 ms, 最高速率: 0.00 M/s, 平均速率: 0.00 M/s, 最高分辨率: None, 平均帧率: 未知, 视频编解码器: 未知, 音频编解码器: 未知
分类: 江西, 名称: 万载综合, 有效: 0, IPv4: 1, IPv6: 0, 最小延迟: -1 ms, 最高速率: 0.00 M/s, 平均速率: 0.00 M/s, 最高分辨率: None, 平均帧率: 未知, 视频编解码器: 未知, 音频编解码器: 未知
分类: 江西, 名称: 潞城新闻, 有效: 0, IPv4: 2, IPv6: 0, 最小延迟: -1 ms, 最高速率: 0.00 M/s, 平均速率: 0.00 M/s, 最高分辨率: None, 平均帧率: 未知, 视频编解码器: 未知, 音频编解码器: 未知
分类: 江西, 名称: 新余综合, 有效: 0, IPv4: 2, IPv6: 0, 最小延迟: 10286 ms, 最高速率: 0.02 M/s, 平均速率: 0.00 M/s, 最高分辨率: 1920x1080, 平均帧率: 未知, 视频编解码器: 未知, 音频编解码器: 未知
分类: 江西, 名称: 上饶综合, 有效: 2, IPv4: 2, IPv6: 0, 最小延迟: 8523 ms, 最高速率: 0.59 M/s, 平均速率: 0.46 M/s, 最高分辨率: 1920x1080, 平均帧率: 未知, 视频编解码器: 未知, 音频编解码器: 未知
分类: 河南, 名称: 河南都市, 有效: 1, IPv4: 4, IPv6: 0, 最小延迟: 38 ms, 最高速率: 13.45 M/s, 平均速率: 13.45 M/s, 最高分辨率: 1920x1080, 平均帧率: 25.00, 视频编解码器: h264, 音频编解码器: aac
分类: 河南, 名称: 河南民生, 有效: 0, IPv4: 3, IPv6: 0, 最小延迟: 10377 ms, 最高速率: 0.01 M/s, 平均速率: 0.00 M/s, 最高分辨率: 1920x1080, 平均帧率: 未知, 视频编解码器: 未知, 音频编解码器: 未知
分类: 河南, 名称: 河南法治, 有效: 1, IPv4: 3, IPv6: 0, 最小延迟: 40 ms, 最高速率: 15.02 M/s, 平均速率: 15.02 M/s, 最高分辨率: 1920x1080, 平均帧率: 未知, 视频编解码器: 未知, 音频编解码器: 未知
分类: 河南, 名称: 河南电视剧, 有效: 1, IPv4: 4, IPv6: 0, 最小延迟: 206 ms, 最高速率: 3.69 M/s, 平均速率: 3.69 M/s, 最高分辨率: 1920x1080, 平均帧率: 未知, 视频编解码器: 未知, 音频编解码器: 未知
分类: 河南, 名称: 河南新闻, 有效: 1, IPv4: 4, IPv6: 0, 最小延迟: 33 ms, 最高速率: 13.65 M/s, 平均速率: 13.65 M/s, 最高分辨率: 1920x1080, 平均帧率: 未知, 视频编解码器: 未知, 音频编解码器: 未知
分类: 河南, 名称: 河南公共, 有效: 1, IPv4: 6, IPv6: 0, 最小延迟: 61 ms, 最高速率: 18.79 M/s, 平均速率: 18.79 M/s, 最高分辨率: 1920x1080, 平均帧率: 37.50, 视频编解码器: h264, 音频编解码器: aac
分类: 河南, 名称: 河南乡村, 有效: 1, IPv4: 3, IPv6: 0, 最小延迟: 19 ms, 最高速率: 4.66 M/s, 平均速率: 4.66 M/s, 最高分辨率: 1920x1080, 平均帧率: 25.00, 视频编解码器: mpeg2video, 音频编解码器: mp2
分类: 河南, 名称: 郑州新闻, 有效: 0, IPv4: 4, IPv6: 0, 最小延迟: 526 ms, 最高速率: 0.09 M/s, 平均速率: 0.00 M/s, 最高分辨率: 1920x1080, 平均帧率: 未知, 视频编解码器: 未知, 音频编解码器: 未知
分类: 河南, 名称: 开封新闻, 有效: 5, IPv4: 19, IPv6: 0, 最小延迟: 273 ms, 最高速率: 0.87 M/s, 平均速率: 0.67 M/s, 最高分辨率: 1920x1080, 平均帧率: 未知, 视频编解码器: 未知, 音频编解码器: 未知
分类: 河南, 名称: 洛阳综合, 有效: 7, IPv4: 33, IPv6: 0, 最小延迟: 13 ms, 最高速率: 0.48 M/s, 平均速率: 0.42 M/s, 最高分辨率: 1920x1080, 平均帧率: 未知, 视频编解码器: 未知, 音频编解码器: 未知
分类: 河南, 名称: 平顶山综合, 有效: 7, IPv4: 50, IPv6: 0, 最小延迟: 9 ms, 最高速率: 0.76 M/s, 平均速率: 0.62 M/s, 最高分辨率: 1920x1080, 平均帧率: 未知, 视频编解码器: 未知, 音频编解码器: 未知
分类: 河南, 名称: 安阳综合, 有效: 5, IPv4: 16, IPv6: 0, 最小延迟: 266 ms, 最高速率: 0.81 M/s, 平均速率: 0.71 M/s, 最高分辨率: 1920x1080, 平均帧率: 未知, 视频编解码器: 未知, 音频编解码器: 未知
分类: 河南, 名称: 鹤壁综合, 有效: 3, IPv4: 7, IPv6: 0, 最小延迟: 281 ms, 最高速率: 0.47 M/s, 平均速率: 0.45 M/s, 最高分辨率: 1920x1080, 平均帧率: 未知, 视频编解码器: 未知, 音频编解码器: 未知
分类: 河南, 名称: 新乡综合, 有效: 6, IPv4: 32, IPv6: 0, 最小延迟: 278 ms, 最高速率: 0.84 M/s, 平均速率: 0.56 M/s, 最高分辨率: 1920x1080, 平均帧率: 未知, 视频编解码器: 未知, 音频编解码器: 未知
分类: 河南, 名称: 焦作综合, 有效: 6, IPv4: 24, IPv6: 0, 最小延迟: 273 ms, 最高速率: 0.84 M/s, 平均速率: 0.57 M/s, 最高分辨率: 1920x1080, 平均帧率: 未知, 视频编解码器: 未知, 音频编解码器: 未知
分类: 河南, 名称: 濮阳公共, 有效: 5, IPv4: 13, IPv6: 0, 最小延迟: 274 ms, 最高速率: 0.83 M/s, 平均速率: 0.72 M/s, 最高分辨率: 1920x1080, 平均帧率: 未知, 视频编解码器: 未知, 音频编解码器: 未知
分类: 河南, 名称: 许昌公共, 有效: 7, IPv4: 20, IPv6: 0, 最小延迟: 8 ms, 最高速率: 0.73 M/s, 平均速率: 0.47 M/s, 最高分辨率: 1920x1080, 平均帧率: 未知, 视频编解码器: 未知, 音频编解码器: 未知
分类: 河南, 名称: 漯河综合, 有效: 4, IPv4: 11, IPv6: 0, 最小延迟: 268 ms, 最高速率: 0.75 M/s, 平均速率: 0.60 M/s, 最高分辨率: 1920x1080, 平均帧率: 未知, 视频编解码器: 未知, 音频编解码器: 未知
分类: 河南, 名称: 三门峡综合, 有效: 5, IPv4: 11, IPv6: 0, 最小延迟: 274 ms, 最高速率: 0.84 M/s, 平均速率: 0.60 M/s, 最高分辨率: 1920x1080, 平均帧率: 未知, 视频编解码器: 未知, 音频编解码器: 未知
分类: 河南, 名称: 南阳综合, 有效: 5, IPv4: 23, IPv6: 0, 最小延迟: 10 ms, 最高速率: 0.80 M/s, 平均速率: 0.71 M/s, 最高分辨率: 1920x1080, 平均帧率: 未知, 视频编解码器: 未知, 音频编解码器: 未知
分类: 河南, 名称: 商丘综合, 有效: 0, IPv4: 12, IPv6: 0, 最小延迟: 526 ms, 最高速率: 0.47 M/s, 平均速率: 0.00 M/s, 最高分辨率: 720x576, 平均帧率: 未知, 视频编解码器: 未知, 音频编解码器: 未知
分类: 河南, 名称: 信阳综合, 有效: 5, IPv4: 29, IPv6: 0, 最小延迟: 9 ms, 最高速率: 0.81 M/s, 平均速率: 0.56 M/s, 最高分辨率: 1920x1080, 平均帧率: 未知, 视频编解码器: 未知, 音频编解码器: 未知
分类: 河南, 名称: 周口新闻, 有效: 6, IPv4: 40, IPv6: 0, 最小延迟: 15 ms, 最高速率: 0.79 M/s, 平均速率: 0.73 M/s, 最高分辨率: 1920x1080, 平均帧率: 未知, 视频编解码器: 未知, 音频编解码器: 未知
分类: 河南, 名称: 荥阳综合, 有效: 0, IPv4: 3, IPv6: 0, 最小延迟: -1 ms, 最高速率: 0.00 M/s, 平均速率: 0.00 M/s, 最高分辨率: None, 平均帧率: 未知, 视频编解码器: 未知, 音频编解码器: 未知
分类: 河南, 名称: 新密新闻, 有效: 0, IPv4: 1, IPv6: 0, 最小延迟: -1 ms, 最高速率: 0.00 M/s, 平均速率: 0.00 M/s, 最高分辨率: None, 平均帧率: 未知, 视频编解码器: 未知, 音频编解码器: 未知
分类: 河南, 名称: 驻马店综合, 有效: 6, IPv4: 14, IPv6: 0, 最小延迟: 528 ms, 最高速率: 0.59 M/s, 平均速率: 0.50 M/s, 最高分辨率: 1920x1080, 平均帧率: 25.00, 视频编解码器: h264, 音频编解码器: aac
分类: 河南, 名称: 新郑综合, 有效: 0, IPv4: 3, IPv6: 0, 最小延迟: 547 ms, 最高速率: 0.05 M/s, 平均速率: 0.00 M/s, 最高分辨率: 1920x1080, 平均帧率: 未知, 视频编解码器: 未知, 音频编解码器: 未知
分类: 河南, 名称: 尉氏综合, 有效: 0, IPv4: 1, IPv6: 0, 最小延迟: -1 ms, 最高速率: 0.00 M/s, 平均速率: 0.00 M/s, 最高分辨率: None, 平均帧率: 未知, 视频编解码器: 未知, 音频编解码器: 未知
分类: 河南, 名称: 兰考新闻, 有效: 0, IPv4: 1, IPv6: 0, 最小延迟: -1 ms, 最高速率: 0.00 M/s, 平均速率: 0.00 M/s, 最高分辨率: None, 平均帧率: 未知, 视频编解码器: 未知, 音频编解码器: 未知
分类: 河南, 名称: 孟津新闻, 有效: 0, IPv4: 1, IPv6: 0, 最小延迟: -1 ms, 最高速率: 0.00 M/s, 平均速率: 0.00 M/s, 最高分辨率: None, 平均帧率: 未知, 视频编解码器: 未知, 音频编解码器: 未知
分类: 河南, 名称: 登封综合, 有效: 1, IPv4: 4, IPv6: 0, 最小延迟: 516 ms, 最高速率: 0.43 M/s, 平均速率: 0.43 M/s, 最高分辨率: 1920x1080, 平均帧率: 未知, 视频编解码器: 未知, 音频编解码器: 未知
分类: 河南, 名称: 通许综合, 有效: 1, IPv4: 2, IPv6: 0, 最小延迟: 2582 ms, 最高速率: 0.66 M/s, 平均速率: 0.66 M/s, 最高分辨率: 1920x1080, 平均帧率: 未知, 视频编解码器: 未知, 音频编解码器: 未知
分类: 河南, 名称: 宝丰综合, 有效: 0, IPv4: 1, IPv6: 0, 最小延迟: -1 ms, 最高速率: 0.00 M/s, 平均速率: 0.00 M/s, 最高分辨率: None, 平均帧率: 未知, 视频编解码器: 未知, 音频编解码器: 未知
分类: 河南, 名称: 鲁山综合, 有效: 0, IPv4: 1, IPv6: 0, 最小延迟: -1 ms, 最高速率: 0.00 M/s, 平均速率: 0.00 M/s, 最高分辨率: None, 平均帧率: 未知, 视频编解码器: 未知, 音频编解码器: 未知
分类: 河南, 名称: 中牟综合, 有效: 0, IPv4: 3, IPv6: 0, 最小延迟: 528 ms, 最高速率: 0.85 M/s, 平均速率: 0.00 M/s, 最高分辨率: 1920x1080, 平均帧率: 未知, 视频编解码器: 未知, 音频编解码器: 未知
分类: 河南, 名称: 汤阴综合, 有效: 0, IPv4: 1, IPv6: 0, 最小延迟: -1 ms, 最高速率: 0.00 M/s, 平均速率: 0.00 M/s, 最高分辨率: None, 平均帧率: 未知, 视频编解码器: 未知, 音频编解码器: 未知
分类: 河南, 名称: 滑县新闻, 有效: 0, IPv4: 2, IPv6: 0, 最小延迟: -1 ms, 最高速率: 0.00 M/s, 平均速率: 0.00 M/s, 最高分辨率: None, 平均帧率: 未知, 视频编解码器: 未知, 音频编解码器: 未知
分类: 河南, 名称: 林州综合, 有效: 0, IPv4: 1, IPv6: 0, 最小延迟: -1 ms, 最高速率: 0.00 M/s, 平均速率: 0.00 M/s, 最高分辨率: None, 平均帧率: 未知, 视频编解码器: 未知, 音频编解码器: 未知
分类: 河南, 名称: 宜阳综合, 有效: 3, IPv4: 5, IPv6: 0, 最小延迟: 266 ms, 最高速率: 0.85 M/s, 平均速率: 0.78 M/s, 最高分辨率: 1920x1080, 平均帧率: 未知, 视频编解码器: 未知, 音频编解码器: 未知
分类: 河南, 名称: 延津综合, 有效: 0, IPv4: 1, IPv6: 0, 最小延迟: -1 ms, 最高速率: 0.00 M/s, 平均速率: 0.00 M/s, 最高分辨率: None, 平均帧率: 未知, 视频编解码器: 未知, 音频编解码器: 未知
分类: 河南, 名称: 孟州综合, 有效: 0, IPv4: 1, IPv6: 0, 最小延迟: -1 ms, 最高速率: 0.00 M/s, 平均速率: 0.00 M/s, 最高分辨率: None, 平均帧率: 未知, 视频编解码器: 未知, 音频编解码器: 未知
分类: 河南, 名称: 温县综合, 有效: 0, IPv4: 2, IPv6: 0, 最小延迟: -1 ms, 最高速率: 0.00 M/s, 平均速率: 0.00 M/s, 最高分辨率: None, 平均帧率: 未知, 视频编解码器: 未知, 音频编解码器: 未知
分类: 河南, 名称: 禹州综合, 有效: 0, IPv4: 2, IPv6: 0, 最小延迟: -1 ms, 最高速率: 0.00 M/s, 平均速率: 0.00 M/s, 最高分辨率: None, 平均帧率: 未知, 视频编解码器: 未知, 音频编解码器: 未知
分类: 河南, 名称: 襄城综合, 有效: 0, IPv4: 1, IPv6: 0, 最小延迟: -1 ms, 最高速率: 0.00 M/s, 平均速率: 0.00 M/s, 最高分辨率: None, 平均帧率: 未知, 视频编解码器: 未知, 音频编解码器: 未知
分类: 河南, 名称: 鄢陵综合, 有效: 0, IPv4: 1, IPv6: 0, 最小延迟: -1 ms, 最高速率: 0.00 M/s, 平均速率: 0.00 M/s, 最高分辨率: None, 平均帧率: 未知, 视频编解码器: 未知, 音频编解码器: 未知
分类: 河南, 名称: 内黄综合, 有效: 2, IPv4: 3, IPv6: 0, 最小延迟: 296 ms, 最高速率: 0.46 M/s, 平均速率: 0.44 M/s, 最高分辨率: 1920x1080, 平均帧率: 未知, 视频编解码器: 未知, 音频编解码器: 未知
分类: 河南, 名称: 郏县综合, 有效: 3, IPv4: 7, IPv6: 0, 最小延迟: 266 ms, 最高速率: 0.47 M/s, 平均速率: 0.42 M/s, 最高分辨率: 1920x1080, 平均帧率: 未知, 视频编解码器: 未知, 音频编解码器: 未知
分类: 河南, 名称: 卫辉综合, 有效: 1, IPv4: 3, IPv6: 0, 最小延迟: 550 ms, 最高速率: 0.47 M/s, 平均速率: 0.47 M/s, 最高分辨率: 1920x1080, 平均帧率: 未知, 视频编解码器: 未知, 音频编解码器: 未知
分类: 河南, 名称: 内乡综合, 有效: 0, IPv4: 1, IPv6: 0, 最小延迟: -1 ms, 最高速率: 0.00 M/s, 平均速率: 0.00 M/s, 最高分辨率: None, 平均帧率: 未知, 视频编解码器: 未知, 音频编解码器: 未知
分类: 河南, 名称: 新野综合, 有效: 0, IPv4: 3, IPv6: 0, 最小延迟: -1 ms, 最高速率: 0.00 M/s, 平均速率: 0.00 M/s, 最高分辨率: None, 平均帧率: 未知, 视频编解码器: 未知, 音频编解码器: 未知
分类: 河南, 名称: 唐河一套, 有效: 0, IPv4: 1, IPv6: 0, 最小延迟: -1 ms, 最高速率: 0.00 M/s, 平均速率: 0.00 M/s, 最高分辨率: None, 平均帧率: 未知, 视频编解码器: 未知, 音频编解码器: 未知
分类: 河南, 名称: 方城一套, 有效: 0, IPv4: 2, IPv6: 0, 最小延迟: -1 ms, 最高速率: 0.00 M/s, 平均速率: 0.00 M/s, 最高分辨率: None, 平均帧率: 未知, 视频编解码器: 未知, 音频编解码器: 未知
分类: 河南, 名称: 邓州新闻, 有效: 0, IPv4: 1, IPv6: 0, 最小延迟: -1 ms, 最高速率: 0.00 M/s, 平均速率: 0.00 M/s, 最高分辨率: None, 平均帧率: 未知, 视频编解码器: 未知, 音频编解码器: 未知
分类: 河南, 名称: 固始综合, 有效: 0, IPv4: 1, IPv6: 0, 最小延迟: -1 ms, 最高速率: 0.00 M/s, 平均速率: 0.00 M/s, 最高分辨率: None, 平均帧率: 未知, 视频编解码器: 未知, 音频编解码器: 未知
分类: 河南, 名称: 光山综合, 有效: 0, IPv4: 1, IPv6: 0, 最小延迟: -1 ms, 最高速率: 0.00 M/s, 平均速率: 0.00 M/s, 最高分辨率: None, 平均帧率: 未知, 视频编解码器: 未知, 音频编解码器: 未知
分类: 河南, 名称: 潢川综合, 有效: 0, IPv4: 1, IPv6: 0, 最小延迟: -1 ms, 最高速率: 0.00 M/s, 平均速率: 0.00 M/s, 最高分辨率: None, 平均帧率: 未知, 视频编解码器: 未知, 音频编解码器: 未知
分类: 河南, 名称: 淮滨综合, 有效: 0, IPv4: 1, IPv6: 0, 最小延迟: -1 ms, 最高速率: 0.00 M/s, 平均速率: 0.00 M/s, 最高分辨率: None, 平均帧率: 未知, 视频编解码器: 未知, 音频编解码器: 未知
分类: 河南, 名称: 罗山综合, 有效: 0, IPv4: 1, IPv6: 0, 最小延迟: -1 ms, 最高速率: 0.00 M/s, 平均速率: 0.00 M/s, 最高分辨率: None, 平均帧率: 未知, 视频编解码器: 未知, 音频编解码器: 未知
分类: 河南, 名称: 西平综合, 有效: 0, IPv4: 1, IPv6: 0, 最小延迟: -1 ms, 最高速率: 0.00 M/s, 平均速率: 0.00 M/s, 最高分辨率: None, 平均帧率: 未知, 视频编解码器: 未知, 音频编解码器: 未知
分类: 河南, 名称: 上蔡综合, 有效: 0, IPv4: 1, IPv6: 0, 最小延迟: -1 ms, 最高速率: 0.00 M/s, 平均速率: 0.00 M/s, 最高分辨率: None, 平均帧率: 未知, 视频编解码器: 未知, 音频编解码器: 未知
分类: 河南, 名称: 获嘉综合, 有效: 2, IPv4: 4, IPv6: 0, 最小延迟: 265 ms, 最高速率: 0.70 M/s, 平均速率: 0.68 M/s, 最高分辨率: 1920x1080, 平均帧率: 未知, 视频编解码器: 未知, 音频编解码器: 未知
分类: 河南, 名称: 平舆综合, 有效: 0, IPv4: 1, IPv6: 0, 最小延迟: -1 ms, 最高速率: 0.00 M/s, 平均速率: 0.00 M/s, 最高分辨率: None, 平均帧率: 未知, 视频编解码器: 未知, 音频编解码器: 未知
分类: 河南, 名称: 确山综合, 有效: 0, IPv4: 1, IPv6: 0, 最小延迟: -1 ms, 最高速率: 0.00 M/s, 平均速率: 0.00 M/s, 最高分辨率: None, 平均帧率: 未知, 视频编解码器: 未知, 音频编解码器: 未知
分类: 河南, 名称: 遂平一套, 有效: 0, IPv4: 1, IPv6: 0, 最小延迟: -1 ms, 最高速率: 0.00 M/s, 平均速率: 0.00 M/s, 最高分辨率: None, 平均帧率: 未知, 视频编解码器: 未知, 音频编解码器: 未知
分类: 河南, 名称: 鹿邑新闻, 有效: 0, IPv4: 1, IPv6: 0, 最小延迟: -1 ms, 最高速率: 0.00 M/s, 平均速率: 0.00 M/s, 最高分辨率: None, 平均帧率: 未知, 视频编解码器: 未知, 音频编解码器: 未知
分类: 河南, 名称: 项城新闻, 有效: 0, IPv4: 1, IPv6: 0, 最小延迟: -1 ms, 最高速率: 0.00 M/s, 平均速率: 0.00 M/s, 最高分辨率: None, 平均帧率: 未知, 视频编解码器: 未知, 音频编解码器: 未知
分类: 河南, 名称: 扶沟综合, 有效: 0, IPv4: 2, IPv6: 0, 最小延迟: -1 ms, 最高速率: 0.00 M/s, 平均速率: 0.00 M/s, 最高分辨率: None, 平均帧率: 未知, 视频编解码器: 未知, 音频编解码器: 未知
分类: 河南, 名称: 太康综合, 有效: 0, IPv4: 1, IPv6: 0, 最小延迟: -1 ms, 最高速率: 0.00 M/s, 平均速率: 0.00 M/s, 最高分辨率: None, 平均帧率: 未知, 视频编解码器: 未知, 音频编解码器: 未知
分类: 河北, 名称: 河北经济, 有效: 0, IPv4: 2, IPv6: 0, 最小延迟: -1 ms, 最高速率: 0.00 M/s, 平均速率: 0.00 M/s, 最高分辨率: None, 平均帧率: 未知, 视频编解码器: 未知, 音频编解码器: 未知
分类: 河南, 名称: 卢氏综合, 有效: 2, IPv4: 3, IPv6: 0, 最小延迟: 534 ms, 最高速率: 0.48 M/s, 平均速率: 0.44 M/s, 最高分辨率: 1920x1080, 平均帧率: 未知, 视频编解码器: 未知, 音频编解码器: 未知
分类: 河南, 名称: 新县综合, 有效: 0, IPv4: 2, IPv6: 0, 最小延迟: 1112 ms, 最高速率: 0.44 M/s, 平均速率: 0.00 M/s, 最高分辨率: 720x576, 平均帧率: 未知, 视频编解码器: 未知, 音频编解码器: 未知
分类: 河北, 名称: 河北农民, 有效: 1, IPv4: 5, IPv6: 0, 最小延迟: 558 ms, 最高速率: 0.74 M/s, 平均速率: 0.74 M/s, 最高分辨率: 1920x1080, 平均帧率: 未知, 视频编解码器: 未知, 音频编解码器: 未知
分类: 河北, 名称: 河北影视, 有效: 0, IPv4: 5, IPv6: 0, 最小延迟: 1904 ms, 最高速率: 0.32 M/s, 平均速率: 0.00 M/s, 最高分辨率: 1920x1080, 平均帧率: 50.00, 视频编解码器: h264, 音频编解码器: aac
分类: 河北, 名称: 河北公共, 有效: 0, IPv4: 1, IPv6: 0, 最小延迟: 550 ms, 最高速率: 0.00 M/s, 平均速率: 0.00 M/s, 最高分辨率: None, 平均帧率: 未知, 视频编解码器: 未知, 音频编解码器: 未知
分类: 河北, 名称: 河北都市, 有效: 1, IPv4: 9, IPv6: 0, 最小延迟: 565 ms, 最高速率: 0.40 M/s, 平均速率: 0.40 M/s, 最高分辨率: 1920x1080, 平均帧率: 25.00, 视频编解码器: h264, 音频编解码器: aac
分类: 河北, 名称: 石家庄都市, 有效: 0, IPv4: 2, IPv6: 0, 最小延迟: 562 ms, 最高速率: 0.00 M/s, 平均速率: 0.00 M/s, 最高分辨率: None, 平均帧率: 未知, 视频编解码器: 未知, 音频编解码器: 未知
分类: 河北, 名称: 石家庄新闻, 有效: 2, IPv4: 3, IPv6: 0, 最小延迟: 548 ms, 最高速率: 0.86 M/s, 平均速率: 0.78 M/s, 最高分辨率: 1920x1080, 平均帧率: 未知, 视频编解码器: 未知, 音频编解码器: 未知
分类: 河北, 名称: 石家庄娱乐, 有效: 1, IPv4: 1, IPv6: 0, 最小延迟: 549 ms, 最高速率: 0.78 M/s, 平均速率: 0.78 M/s, 最高分辨率: 1920x1080, 平均帧率: 未知, 视频编解码器: 未知, 音频编解码器: 未知
分类: 河北, 名称: 石家庄生活, 有效: 1, IPv4: 1, IPv6: 0, 最小延迟: 562 ms, 最高速率: 0.76 M/s, 平均速率: 0.76 M/s, 最高分辨率: 1920x1080, 平均帧率: 未知, 视频编解码器: 未知, 音频编解码器: 未知
分类: 河北, 名称: 唐山新闻, 有效: 5, IPv4: 12, IPv6: 0, 最小延迟: 547 ms, 最高速率: 0.82 M/s, 平均速率: 0.77 M/s, 最高分辨率: 1920x1080, 平均帧率: 未知, 视频编解码器: 未知, 音频编解码器: 未知
分类: 河北, 名称: 秦皇岛新闻, 有效: 3, IPv4: 8, IPv6: 0, 最小延迟: 562 ms, 最高速率: 0.82 M/s, 平均速率: 0.77 M/s, 最高分辨率: 1920x1080, 平均帧率: 未知, 视频编解码器: 未知, 音频编解码器: 未知
分类: 河北, 名称: 邯郸新闻, 有效: 5, IPv4: 9, IPv6: 0, 最小延迟: 541 ms, 最高速率: 0.79 M/s, 平均速率: 0.76 M/s, 最高分辨率: 1920x1080, 平均帧率: 未知, 视频编解码器: 未知, 音频编解码器: 未知
分类: 河北, 名称: 邢台综合, 有效: 4, IPv4: 7, IPv6: 0, 最小延迟: 547 ms, 最高速率: 0.77 M/s, 平均速率: 0.73 M/s, 最高分辨率: 1920x1080, 平均帧率: 未知, 视频编解码器: 未知, 音频编解码器: 未知
分类: 河北, 名称: 保定新闻, 有效: 4, IPv4: 10, IPv6: 0, 最小延迟: 544 ms, 最高速率: 0.84 M/s, 平均速率: 0.81 M/s, 最高分辨率: 1920x1080, 平均帧率: 未知, 视频编解码器: 未知, 音频编解码器: 未知
分类: 河北, 名称: 张家口新闻, 有效: 2, IPv4: 5, IPv6: 0, 最小延迟: 537 ms, 最高速率: 0.79 M/s, 平均速率: 0.79 M/s, 最高分辨率: 1920x1080, 平均帧率: 未知, 视频编解码器: 未知, 音频编解码器: 未知
分类: 河北, 名称: 承德新闻, 有效: 5, IPv4: 8, IPv6: 0, 最小延迟: 535 ms, 最高速率: 0.85 M/s, 平均速率: 0.76 M/s, 最高分辨率: 1920x1080, 平均帧率: 未知, 视频编解码器: 未知, 音频编解码器: 未知
分类: 河北, 名称: 沧州新闻, 有效: 0, IPv4: 6, IPv6: 0, 最小延迟: 548 ms, 最高速率: 0.26 M/s, 平均速率: 0.00 M/s, 最高分辨率: 720x576, 平均帧率: 未知, 视频编解码器: 未知, 音频编解码器: 未知
分类: 河北, 名称: 廊坊新闻, 有效: 3, IPv4: 9, IPv6: 0, 最小延迟: 564 ms, 最高速率: 0.85 M/s, 平均速率: 0.76 M/s, 最高分辨率: 1920x1080, 平均帧率: 未知, 视频编解码器: 未知, 音频编解码器: 未知
分类: 河北, 名称: 香河综合, 有效: 0, IPv4: 1, IPv6: 0, 最小延迟: -1 ms, 最高速率: 0.00 M/s, 平均速率: 0.00 M/s, 最高分辨率: None, 平均帧率: 未知, 视频编解码器: 未知, 音频编解码器: 未知
分类: 河北, 名称: 三河综合, 有效: 1, IPv4: 1, IPv6: 0, 最小延迟: 580 ms, 最高速率: 0.85 M/s, 平均速率: 0.85 M/s, 最高分辨率: 1920x1080, 平均帧率: 未知, 视频编解码器: 未知, 音频编解码器: 未知
分类: 河北, 名称: 晋州综合, 有效: 1, IPv4: 1, IPv6: 0, 最小延迟: 550 ms, 最高速率: 0.82 M/s, 平均速率: 0.82 M/s, 最高分辨率: 1920x1080, 平均帧率: 未知, 视频编解码器: 未知, 音频编解码器: 未知
分类: 河北, 名称: 衡水新闻, 有效: 4, IPv4: 10, IPv6: 0, 最小延迟: 534 ms, 最高速率: 0.84 M/s, 平均速率: 0.79 M/s, 最高分辨率: 1920x1080, 平均帧率: 未知, 视频编解码器: 未知, 音频编解码器: 未知
分类: 河北, 名称: 遵化综合, 有效: 1, IPv4: 1, IPv6: 0, 最小延迟: 581 ms, 最高速率: 0.74 M/s, 平均速率: 0.74 M/s, 最高分辨率: 1920x1080, 平均帧率: 未知, 视频编解码器: 未知, 音频编解码器: 未知
分类: 河北, 名称: 成安综合, 有效: 1, IPv4: 1, IPv6: 0, 最小延迟: 563 ms, 最高速率: 0.66 M/s, 平均速率: 0.66 M/s, 最高分辨率: 1920x1080, 平均帧率: 未知, 视频编解码器: 未知, 音频编解码器: 未知
分类: 河北, 名称: 丰宁综合, 有效: 1, IPv4: 1, IPv6: 0, 最小延迟: 578 ms, 最高速率: 0.74 M/s, 平均速率: 0.74 M/s, 最高分辨率: 1920x1080, 平均帧率: 未知, 视频编解码器: 未知, 音频编解码器: 未知
分类: 重庆, 名称: 重庆影视, 有效: 1, IPv4: 1, IPv6: 0, 最小延迟: 645 ms, 最高速率: 0.37 M/s, 平均速率: 0.37 M/s, 最高分辨率: 1920x1080, 平均帧率: 未知, 视频编解码器: 未知, 音频编解码器: 未知
分类: 重庆, 名称: 重庆新闻, 有效: 3, IPv4: 8, IPv6: 0, 最小延迟: 334 ms, 最高速率: 3.33 M/s, 平均速率: 1.47 M/s, 最高分辨率: 1920x1080, 平均帧率: 未知, 视频编解码器: 未知, 音频编解码器: 未知
分类: 重庆, 名称: 万州综合, 有效: 0, IPv4: 9, IPv6: 0, 最小延迟: -1 ms, 最高速率: 0.00 M/s, 平均速率: 0.00 M/s, 最高分辨率: 1920x1080, 平均帧率: 未知, 视频编解码器: 未知, 音频编解码器: 未知
分类: 重庆, 名称: 重庆娱乐, 有效: 2, IPv4: 2, IPv6: 0, 最小延迟: 563 ms, 最高速率: 0.75 M/s, 平均速率: 0.65 M/s, 最高分辨率: 1920x1080, 平均帧率: 未知, 视频编解码器: 未知, 音频编解码器: 未知
分类: 重庆, 名称: 重庆少儿, 有效: 0, IPv4: 1, IPv6: 0, 最小延迟: 1582 ms, 最高速率: 0.00 M/s, 平均速率: 0.00 M/s, 最高分辨率: 1920x1080, 平均帧率: 未知, 视频编解码器: 未知, 音频编解码器: 未知
分类: 重庆, 名称: 合川综合, 有效: 0, IPv4: 2, IPv6: 0, 最小延迟: -1 ms, 最高速率: 0.00 M/s, 平均速率: 0.00 M/s, 最高分辨率: None, 平均帧率: 未知, 视频编解码器: 未知, 音频编解码器: 未知
分类: 重庆, 名称: 璧山综合, 有效: 0, IPv4: 2, IPv6: 0, 最小延迟: -1 ms, 最高速率: 0.00 M/s, 平均速率: 0.00 M/s, 最高分辨率: None, 平均帧率: 未知, 视频编解码器: 未知, 音频编解码器: 未知
分类: 重庆, 名称: 梁平综合, 有效: 0, IPv4: 1, IPv6: 0, 最小延迟: -1 ms, 最高速率: 0.00 M/s, 平均速率: 0.00 M/s, 最高分辨率: 1920x1080, 平均帧率: 未知, 视频编解码器: 未知, 音频编解码器: 未知
分类: 重庆, 名称: 涪陵综合, 有效: 0, IPv4: 1, IPv6: 0, 最小延迟: 10586 ms, 最高速率: 0.07 M/s, 平均速率: 0.00 M/s, 最高分辨率: 1920x1080, 平均帧率: 未知, 视频编解码器: 未知, 音频编解码器: 未知
分类: 重庆, 名称: 武隆综合, 有效: 0, IPv4: 1, IPv6: 0, 最小延迟: -1 ms, 最高速率: 0.00 M/s, 平均速率: 0.00 M/s, 最高分辨率: None, 平均帧率: 未知, 视频编解码器: 未知, 音频编解码器: 未知
分类: 重庆, 名称: 垫江综合, 有效: 0, IPv4: 1, IPv6: 0, 最小延迟: -1 ms, 最高速率: 0.00 M/s, 平均速率: 0.00 M/s, 最高分辨率: None, 平均帧率: 未知, 视频编解码器: 未知, 音频编解码器: 未知
分类: 重庆, 名称: 铜梁综合, 有效: 0, IPv4: 2, IPv6: 0, 最小延迟: 1675 ms, 最高速率: 0.05 M/s, 平均速率: 0.00 M/s, 最高分辨率: 720x576, 平均帧率: 25.00, 视频编解码器: h264, 音频编解码器: aac
分类: 重庆, 名称: 江津新闻, 有效: 0, IPv4: 2, IPv6: 0, 最小延迟: 2299 ms, 最高速率: 0.11 M/s, 平均速率: 0.00 M/s, 最高分辨率: 1920x1080, 平均帧率: 未知, 视频编解码器: 未知, 音频编解码器: 未知
分类: 重庆, 名称: 潼南综合, 有效: 1, IPv4: 1, IPv6: 0, 最小延迟: 6538 ms, 最高速率: 0.24 M/s, 平均速率: 0.24 M/s, 最高分辨率: 1920x1080, 平均帧率: 未知, 视频编解码器: 未知, 音频编解码器: 未知
分类: 重庆, 名称: 忠县综合, 有效: 0, IPv4: 1, IPv6: 0, 最小延迟: -1 ms, 最高速率: 0.00 M/s, 平均速率: 0.00 M/s, 最高分辨率: 1920x1080, 平均帧率: 未知, 视频编解码器: 未知, 音频编解码器: 未知
分类: 重庆, 名称: 永川综合, 有效: 1, IPv4: 1, IPv6: 0, 最小延迟: 7064 ms, 最高速率: 0.58 M/s, 平均速率: 0.58 M/s, 最高分辨率: 1920x1080, 平均帧率: 未知, 视频编解码器: 未知, 音频编解码器: 未知
分类: 四川, 名称: 四川新闻, 有效: 1, IPv4: 2, IPv6: 0, 最小延迟: 770 ms, 最高速率: 0.86 M/s, 平均速率: 0.86 M/s, 最高分辨率: 1920x1080, 平均帧率: 未知, 视频编解码器: 未知, 音频编解码器: 未知
分类: 重庆, 名称: 酉阳综合, 有效: 1, IPv4: 1, IPv6: 0, 最小延迟: 4063 ms, 最高速率: 0.74 M/s, 平均速率: 0.74 M/s, 最高分辨率: 1920x1080, 平均帧率: 未知, 视频编解码器: 未知, 音频编解码器: 未知
分类: 四川, 名称: 四川经济, 有效: 1, IPv4: 3, IPv6: 0, 最小延迟: 481 ms, 最高速率: 0.88 M/s, 平均速率: 0.88 M/s, 最高分辨率: 1920x1080, 平均帧率: 未知, 视频编解码器: 未知, 音频编解码器: 未知
分类: 四川, 名称: 四川文化旅游, 有效: 3, IPv4: 5, IPv6: 0, 最小延迟: 548 ms, 最高速率: 0.85 M/s, 平均速率: 0.76 M/s, 最高分辨率: 1920x1080, 平均帧率: 未知, 视频编解码器: 未知, 音频编解码器: 未知
分类: 四川, 名称: 四川乡村, 有效: 1, IPv4: 2, IPv6: 0, 最小延迟: 826 ms, 最高速率: 0.86 M/s, 平均速率: 0.86 M/s, 最高分辨率: 1920x1080, 平均帧率: 未知, 视频编解码器: 未知, 音频编解码器: 未知
分类: 四川, 名称: 四川影视文艺, 有效: 3, IPv4: 6, IPv6: 0, 最小延迟: 478 ms, 最高速率: 0.90 M/s, 平均速率: 0.81 M/s, 最高分辨率: 1920x1080, 平均帧率: 未知, 视频编解码器: 未知, 音频编解码器: 未知
分类: 四川, 名称: 四川科教, 有效: 3, IPv4: 5, IPv6: 0, 最小延迟: 466 ms, 最高速率: 0.94 M/s, 平均速率: 0.67 M/s, 最高分辨率: 1920x1080, 平均帧率: 未知, 视频编解码器: 未知, 音频编解码器: 未知
分类: 四川, 名称: 成都公共, 有效: 0, IPv4: 2, IPv6: 0, 最小延迟: 564 ms, 最高速率: 0.00 M/s, 平均速率: 0.00 M/s, 最高分辨率: None, 平均帧率: 未知, 视频编解码器: 未知, 音频编解码器: 未知
分类: 四川, 名称: 成都经济资讯, 有效: 0, IPv4: 2, IPv6: 0, 最小延迟: 557 ms, 最高速率: 0.00 M/s, 平均速率: 0.00 M/s, 最高分辨率: None, 平均帧率: 未知, 视频编解码器: 未知, 音频编解码器: 未知
分类: 四川, 名称: 成都少儿, 有效: 0, IPv4: 2, IPv6: 0, 最小延迟: 553 ms, 最高速率: 0.00 M/s, 平均速率: 0.00 M/s, 最高分辨率: None, 平均帧率: 未知, 视频编解码器: 未知, 音频编解码器: 未知
分类: 四川, 名称: 自贡综合, 有效: 4, IPv4: 9, IPv6: 0, 最小延迟: 463 ms, 最高速率: 0.89 M/s, 平均速率: 0.87 M/s, 最高分辨率: 1920x1080, 平均帧率: 未知, 视频编解码器: 未知, 音频编解码器: 未知
分类: 四川, 名称: 攀枝花综合, 有效: 3, IPv4: 5, IPv6: 0, 最小延迟: 490 ms, 最高速率: 0.92 M/s, 平均速率: 0.66 M/s, 最高分辨率: 1920x1080, 平均帧率: 未知, 视频编解码器: 未知, 音频编解码器: 未知
分类: 四川, 名称: 泸州新闻, 有效: 6, IPv4: 6, IPv6: 0, 最小延迟: 464 ms, 最高速率: 0.92 M/s, 平均速率: 0.69 M/s, 最高分辨率: 1920x1080, 平均帧率: 未知, 视频编解码器: 未知, 音频编解码器: 未知
分类: 四川, 名称: 德阳新闻, 有效: 3, IPv4: 15, IPv6: 0, 最小延迟: 84 ms, 最高速率: 0.91 M/s, 平均速率: 0.90 M/s, 最高分辨率: 1920x1080, 平均帧率: 未知, 视频编解码器: 未知, 音频编解码器: 未知
分类: 四川, 名称: 绵阳综合, 有效: 4, IPv4: 5, IPv6: 0, 最小延迟: 33 ms, 最高速率: 13.22 M/s, 平均速率: 3.72 M/s, 最高分辨率: 1920x1080, 平均帧率: 未知, 视频编解码器: 未知, 音频编解码器: 未知
分类: 四川, 名称: 广元综合, 有效: 5, IPv4: 9, IPv6: 0, 最小延迟: 282 ms, 最高速率: 0.99 M/s, 平均速率: 0.86 M/s, 最高分辨率: 1920x1080, 平均帧率: 未知, 视频编解码器: 未知, 音频编解码器: 未知
分类: 四川, 名称: 遂宁综合, 有效: 7, IPv4: 8, IPv6: 0, 最小延迟: 28 ms, 最高速率: 3.64 M/s, 平均速率: 1.08 M/s, 最高分辨率: 1920x1080, 平均帧率: 未知, 视频编解码器: 未知, 音频编解码器: 未知
分类: 四川, 名称: 内江综合, 有效: 5, IPv4: 10, IPv6: 0, 最小延迟: 7 ms, 最高速率: 0.84 M/s, 平均速率: 0.74 M/s, 最高分辨率: 1920x1080, 平均帧率: 25.00, 视频编解码器: h264, 音频编解码器: aac
分类: 四川, 名称: 乐山综合, 有效: 3, IPv4: 4, IPv6: 0, 最小延迟: 462 ms, 最高速率: 0.84 M/s, 平均速率: 0.62 M/s, 最高分辨率: 1920x1080, 平均帧率: 未知, 视频编解码器: 未知, 音频编解码器: 未知
分类: 四川, 名称: 南充综合, 有效: 4, IPv4: 8, IPv6: 0, 最小延迟: 464 ms, 最高速率: 0.90 M/s, 平均速率: 0.80 M/s, 最高分辨率: 1920x1080, 平均帧率: 未知, 视频编解码器: 未知, 音频编解码器: 未知
分类: 四川, 名称: 眉山综合, 有效: 4, IPv4: 5, IPv6: 0, 最小延迟: 217 ms, 最高速率: 0.93 M/s, 平均速率: 0.56 M/s, 最高分辨率: 1920x1080, 平均帧率: 未知, 视频编解码器: 未知, 音频编解码器: 未知
分类: 四川, 名称: 宜宾综合, 有效: 5, IPv4: 9, IPv6: 0, 最小延迟: 17 ms, 最高速率: 0.93 M/s, 平均速率: 0.91 M/s, 最高分辨率: 1920x1080, 平均帧率: 未知, 视频编解码器: 未知, 音频编解码器: 未知
分类: 四川, 名称: 达州新闻, 有效: 2, IPv4: 5, IPv6: 0, 最小延迟: 597 ms, 最高速率: 0.96 M/s, 平均速率: 0.96 M/s, 最高分辨率: 1920x1080, 平均帧率: 未知, 视频编解码器: 未知, 音频编解码器: 未知
分类: 四川, 名称: 广安新闻, 有效: 5, IPv4: 6, IPv6: 0, 最小延迟: 22 ms, 最高速率: 0.65 M/s, 平均速率: 0.60 M/s, 最高分辨率: 1920x1080, 平均帧率: 未知, 视频编解码器: 未知, 音频编解码器: 未知
分类: 四川, 名称: 雅安综合, 有效: 5, IPv4: 12, IPv6: 0, 最小延迟: 80 ms, 最高速率: 0.98 M/s, 平均速率: 0.82 M/s, 最高分辨率: 1920x1080, 平均帧率: 未知, 视频编解码器: 未知, 音频编解码器: 未知
分类: 四川, 名称: 巴中综合, 有效: 4, IPv4: 5, IPv6: 0, 最小延迟: 490 ms, 最高速率: 0.94 M/s, 平均速率: 0.75 M/s, 最高分辨率: 1920x1080, 平均帧率: 未知, 视频编解码器: 未知, 音频编解码器: 未知
分类: 四川, 名称: 资阳综合, 有效: 3, IPv4: 3, IPv6: 0, 最小延迟: 463 ms, 最高速率: 0.84 M/s, 平均速率: 0.62 M/s, 最高分辨率: 1920x1080, 平均帧率: 未知, 视频编解码器: 未知, 音频编解码器: 未知
分类: 四川, 名称: 甘孜综合, 有效: 0, IPv4: 2, IPv6: 0, 最小延迟: -1 ms, 最高速率: 0.00 M/s, 平均速率: 0.00 M/s, 最高分辨率: None, 平均帧率: 未知, 视频编解码器: 未知, 音频编解码器: 未知
分类: 四川, 名称: 马尔康综合, 有效: 0, IPv4: 2, IPv6: 0, 最小延迟: -1 ms, 最高速率: 0.00 M/s, 平均速率: 0.00 M/s, 最高分辨率: None, 平均帧率: 未知, 视频编解码器: 未知, 音频编解码器: 未知
分类: 四川, 名称: 阿坝藏语, 有效: 3, IPv4: 3, IPv6: 0, 最小延迟: 80 ms, 最高速率: 18.48 M/s, 平均速率: 6.53 M/s, 最高分辨率: 1920x1080, 平均帧率: 未知, 视频编解码器: 未知, 音频编解码器: 未知
分类: 四川, 名称: 凉山彝语, 有效: 2, IPv4: 2, IPv6: 0, 最小延迟: 463 ms, 最高速率: 1.03 M/s, 平均速率: 0.69 M/s, 最高分辨率: 1920x1080, 平均帧率: 未知, 视频编解码器: 未知, 音频编解码器: 未知
分类: 陕西, 名称: 陕西体育休闲, 有效: 0, IPv4: 4, IPv6: 0, 最小延迟: -1 ms, 最高速率: 0.00 M/s, 平均速率: 0.00 M/s, 最高分辨率: None, 平均帧率: 未知, 视频编解码器: 未知, 音频编解码器: 未知
分类: 陕西, 名称: 西安新闻综合, 有效: 0, IPv4: 1, IPv6: 0, 最小延迟: -1 ms, 最高速率: 0.00 M/s, 平均速率: 0.00 M/s, 最高分辨率: None, 平均帧率: 未知, 视频编解码器: 未知, 音频编解码器: 未知
分类: 陕西, 名称: 陕西都市青春, 有效: 0, IPv4: 2, IPv6: 0, 最小延迟: 10984 ms, 最高速率: 0.03 M/s, 平均速率: 0.00 M/s, 最高分辨率: 720x576, 平均帧率: 50.00, 视频编解码器: h264, 音频编解码器: mp2
分类: 陕西, 名称: 陕西新闻资讯, 有效: 0, IPv4: 2, IPv6: 0, 最小延迟: 10567 ms, 最高速率: 0.02 M/s, 平均速率: 0.00 M/s, 最高分辨率: 720x576, 平均帧率: 50.00, 视频编解码器: h264, 音频编解码器: mp2
分类: 陕西, 名称: 延安新闻, 有效: 2, IPv4: 5, IPv6: 0, 最小延迟: 173 ms, 最高速率: 0.22 M/s, 平均速率: 0.19 M/s, 最高分辨率: 1280x720, 平均帧率: 未知, 视频编解码器: 未知, 音频编解码器: 未知
分类: 陕西, 名称: 安康新闻, 有效: 0, IPv4: 3, IPv6: 0, 最小延迟: -1 ms, 最高速率: 0.00 M/s, 平均速率: 0.00 M/s, 最高分辨率: None, 平均帧率: 未知, 视频编解码器: 未知, 音频编解码器: 未知
分类: 陕西, 名称: 汉中新闻, 有效: 1, IPv4: 1, IPv6: 0, 最小延迟: 2933 ms, 最高速率: 0.91 M/s, 平均速率: 0.91 M/s, 最高分辨率: 1920x1080, 平均帧率: 未知, 视频编解码器: 未知, 音频编解码器: 未知
分类: 广西, 名称: 广西综艺, 有效: 0, IPv4: 1, IPv6: 0, 最小延迟: -1 ms, 最高速率: 0.00 M/s, 平均速率: 0.00 M/s, 最高分辨率: None, 平均帧率: 未知, 视频编解码器: 未知, 音频编解码器: 未知
分类: 陕西, 名称: 商洛新闻, 有效: 1, IPv4: 1, IPv6: 0, 最小延迟: 2233 ms, 最高速率: 0.25 M/s, 平均速率: 0.25 M/s, 最高分辨率: 1920x1080, 平均帧率: 未知, 视频编解码器: 未知, 音频编解码器: 未知
分类: 广西, 名称: 广西影视, 有效: 3, IPv4: 5, IPv6: 0, 最小延迟: 964 ms, 最高速率: 5.48 M/s, 平均速率: 5.15 M/s, 最高分辨率: 1920x1080, 平均帧率: 未知, 视频编解码器: 未知, 音频编解码器: 未知
分类: 陕西, 名称: 陕西农林卫视, 有效: 1, IPv4: 8, IPv6: 0, 最小延迟: 528 ms, 最高速率: 5.62 M/s, 平均速率: 5.62 M/s, 最高分辨率: 1920x1080, 平均帧率: 未知, 视频编解码器: 未知, 音频编解码器: 未知
分类: 广西, 名称: 广西国际, 有效: 4, IPv4: 4, IPv6: 0, 最小延迟: 597 ms, 最高速率: 8.77 M/s, 平均速率: 6.99 M/s, 最高分辨率: 1920x1080, 平均帧率: 未知, 视频编解码器: 未知, 音频编解码器: 未知
分类: 广西, 名称: 广西新闻, 有效: 3, IPv4: 7, IPv6: 0, 最小延迟: 485 ms, 最高速率: 4.97 M/s, 平均速率: 4.82 M/s, 最高分辨率: 1920x1080, 平均帧率: 50.00, 视频编解码器: h264, 音频编解码器: mp2
分类: 广西, 名称: 南宁影视娱乐, 有效: 1, IPv4: 1, IPv6: 0, 最小延迟: 1926 ms, 最高速率: 0.45 M/s, 平均速率: 0.45 M/s, 最高分辨率: 1280x720, 平均帧率: 未知, 视频编解码器: 未知, 音频编解码器: 未知
分类: 广西, 名称: 南宁都市生活, 有效: 1, IPv4: 1, IPv6: 0, 最小延迟: 2155 ms, 最高速率: 0.40 M/s, 平均速率: 0.40 M/s, 最高分辨率: 1280x720, 平均帧率: 未知, 视频编解码器: 未知, 音频编解码器: 未知
分类: 广西, 名称: 南宁公共, 有效: 0, IPv4: 2, IPv6: 0, 最小延迟: -1 ms, 最高速率: 0.00 M/s, 平均速率: 0.00 M/s, 最高分辨率: None, 平均帧率: 未知, 视频编解码器: 未知, 音频编解码器: 未知
分类: 广西, 名称: 广西都市, 有效: 3, IPv4: 7, IPv6: 0, 最小延迟: 687 ms, 最高速率: 7.53 M/s, 平均速率: 4.54 M/s, 最高分辨率: 1920x1080, 平均帧率: 50.00, 视频编解码器: h264, 音频编解码器: mp2
分类: 广西, 名称: 桂林新闻, 有效: 0, IPv4: 5, IPv6: 0, 最小延迟: -1 ms, 最高速率: 0.00 M/s, 平均速率: 0.00 M/s, 最高分辨率: None, 平均帧率: 未知, 视频编解码器: 未知, 音频编解码器: 未知
分类: 广西, 名称: 南宁新闻综合, 有效: 0, IPv4: 3, IPv6: 0, 最小延迟: 10694 ms, 最高速率: 0.00 M/s, 平均速率: 0.00 M/s, 最高分辨率: 1280x720, 平均帧率: 未知, 视频编解码器: 未知, 音频编解码器: 未知
分类: 广西, 名称: 梧州新闻, 有效: 0, IPv4: 9, IPv6: 0, 最小延迟: -1 ms, 最高速率: 0.00 M/s, 平均速率: 0.00 M/s, 最高分辨率: None, 平均帧率: 未知, 视频编解码器: 未知, 音频编解码器: 未知
分类: 广西, 名称: 北海新闻, 有效: 0, IPv4: 4, IPv6: 0, 最小延迟: -1 ms, 最高速率: 0.00 M/s, 平均速率: 0.00 M/s, 最高分辨率: None, 平均帧率: 未知, 视频编解码器: 未知, 音频编解码器: 未知
分类: 广西, 名称: 贺州新闻, 有效: 0, IPv4: 3, IPv6: 0, 最小延迟: -1 ms, 最高速率: 0.00 M/s, 平均速率: 0.00 M/s, 最高分辨率: None, 平均帧率: 未知, 视频编解码器: 未知, 音频编解码器: 未知
分类: 广西, 名称: 大新综合, 有效: 0, IPv4: 1, IPv6: 0, 最小延迟: -1 ms, 最高速率: 0.00 M/s, 平均速率: 0.00 M/s, 最高分辨率: 1920x1080, 平均帧率: 未知, 视频编解码器: 未知, 音频编解码器: 未知
分类: 广西, 名称: 都安综合, 有效: 0, IPv4: 1, IPv6: 0, 最小延迟: -1 ms, 最高速率: 0.00 M/s, 平均速率: 0.00 M/s, 最高分辨率: None, 平均帧率: 未知, 视频编解码器: 未知, 音频编解码器: 未知
分类: 广西, 名称: 罗城综合, 有效: 0, IPv4: 1, IPv6: 0, 最小延迟: -1 ms, 最高速率: 0.00 M/s, 平均速率: 0.00 M/s, 最高分辨率: None, 平均帧率: 未知, 视频编解码器: 未知, 音频编解码器: 未知
分类: 广西, 名称: 柳州新闻, 有效: 0, IPv4: 1, IPv6: 0, 最小延迟: 10428 ms, 最高速率: 0.00 M/s, 平均速率: 0.00 M/s, 最高分辨率: None, 平均帧率: 未知, 视频编解码器: 未知, 音频编解码器: 未知
分类: 广西, 名称: 来宾新闻, 有效: 2, IPv4: 3, IPv6: 0, 最小延迟: 10954 ms, 最高速率: 0.29 M/s, 平均速率: 0.28 M/s, 最高分辨率: 1920x1080, 平均帧率: 未知, 视频编解码器: 未知, 音频编解码器: 未知
分类: 山西, 名称: 山西经济与科技, 有效: 2, IPv4: 5, IPv6: 0, 最小延迟: 274 ms, 最高速率: 0.74 M/s, 平均速率: 0.51 M/s, 最高分辨率: 1920x1080, 平均帧率: 未知, 视频编解码器: 未知, 音频编解码器: 未知
分类: 山西, 名称: 山西社会与法治, 有效: 2, IPv4: 7, IPv6: 0, 最小延迟: 360 ms, 最高速率: 0.70 M/s, 平均速率: 0.52 M/s, 最高分辨率: 1920x1080, 平均帧率: 未知, 视频编解码器: 未知, 音频编解码器: 未知
分类: 山西, 名称: 山西文体生活, 有效: 3, IPv4: 10, IPv6: 0, 最小延迟: 274 ms, 最高速率: 0.80 M/s, 平均速率: 0.59 M/s, 最高分辨率: 1920x1080, 平均帧率: 未知, 视频编解码器: 未知, 音频编解码器: 未知
分类: 山西, 名称: 山西影视, 有效: 1, IPv4: 4, IPv6: 0, 最小延迟: 274 ms, 最高速率: 0.26 M/s, 平均速率: 0.26 M/s, 最高分辨率: 1920x1080, 平均帧率: 未知, 视频编解码器: 未知, 音频编解码器: 未知
分类: 山西, 名称: 晋城新闻, 有效: 0, IPv4: 5, IPv6: 0, 最小延迟: 5142 ms, 最高速率: 0.19 M/s, 平均速率: 0.00 M/s, 最高分辨率: 1920x1080, 平均帧率: 未知, 视频编解码器: 未知, 音频编解码器: 未知
分类: 山西, 名称: 阳泉新闻综合, 有效: 0, IPv4: 5, IPv6: 0, 最小延迟: 530 ms, 最高速率: 0.20 M/s, 平均速率: 0.00 M/s, 最高分辨率: 720x576, 平均帧率: 未知, 视频编解码器: 未知, 音频编解码器: 未知
分类: 山西, 名称: 晋城公共, 有效: 1, IPv4: 2, IPv6: 0, 最小延迟: 3621 ms, 最高速率: 0.22 M/s, 平均速率: 0.22 M/s, 最高分辨率: 1920x1080, 平均帧率: 未知, 视频编解码器: 未知, 音频编解码器: 未知
分类: 山西, 名称: 晋中公共, 有效: 0, IPv4: 1, IPv6: 0, 最小延迟: -1 ms, 最高速率: 0.00 M/s, 平均速率: 0.00 M/s, 最高分辨率: None, 平均帧率: 未知, 视频编解码器: 未知, 音频编解码器: 未知
分类: 山西, 名称: 朔州新闻综合, 有效: 2, IPv4: 7, IPv6: 0, 最小延迟: 527 ms, 最高速率: 0.78 M/s, 平均速率: 0.76 M/s, 最高分辨率: 1920x1080, 平均帧率: 未知, 视频编解码器: 未知, 音频编解码器: 未知
分类: 山西, 名称: 忻州新闻综合, 有效: 0, IPv4: 2, IPv6: 0, 最小延迟: -1 ms, 最高速率: 0.00 M/s, 平均速率: 0.00 M/s, 最高分辨率: 1280x720, 平均帧率: 未知, 视频编解码器: 未知, 音频编解码器: 未知
分类: 山西, 名称: 临汾新闻综合, 有效: 0, IPv4: 4, IPv6: 0, 最小延迟: -1 ms, 最高速率: 0.00 M/s, 平均速率: 0.00 M/s, 最高分辨率: None, 平均帧率: 未知, 视频编解码器: 未知, 音频编解码器: 未知
分类: 山西, 名称: 晋中新闻, 有效: 0, IPv4: 9, IPv6: 0, 最小延迟: 268 ms, 最高速率: 0.16 M/s, 平均速率: 0.00 M/s, 最高分辨率: 1920x1080, 平均帧率: 未知, 视频编解码器: 未知, 音频编解码器: 未知
分类: 山西, 名称: 高平综合, 有效: 0, IPv4: 1, IPv6: 0, 最小延迟: -1 ms, 最高速率: 0.00 M/s, 平均速率: 0.00 M/s, 最高分辨率: None, 平均帧率: 未知, 视频编解码器: 未知, 音频编解码器: 未知
分类: 山西, 名称: 运城新闻, 有效: 0, IPv4: 8, IPv6: 0, 最小延迟: 261 ms, 最高速率: 0.08 M/s, 平均速率: 0.00 M/s, 最高分辨率: 1920x1080, 平均帧率: 未知, 视频编解码器: 未知, 音频编解码器: 未知
分类: 山西, 名称: 吕梁新闻综合, 有效: 2, IPv4: 3, IPv6: 0, 最小延迟: 5937 ms, 最高速率: 0.85 M/s, 平均速率: 0.57 M/s, 最高分辨率: 1920x1080, 平均帧率: 未知, 视频编解码器: 未知, 音频编解码器: 未知
分类: 山西, 名称: 原平综合, 有效: 0, IPv4: 1, IPv6: 0, 最小延迟: -1 ms, 最高速率: 0.00 M/s, 平均速率: 0.00 M/s, 最高分辨率: None, 平均帧率: 未知, 视频编解码器: 未知, 音频编解码器: 未知
分类: 山西, 名称: 孝义综合, 有效: 0, IPv4: 1, IPv6: 0, 最小延迟: -1 ms, 最高速率: 0.00 M/s, 平均速率: 0.00 M/s, 最高分辨率: None, 平均帧率: 未知, 视频编解码器: 未知, 音频编解码器: 未知
分类: 山西, 名称: 古交综合, 有效: 0, IPv4: 2, IPv6: 0, 最小延迟: 536 ms, 最高速率: 0.07 M/s, 平均速率: 0.00 M/s, 最高分辨率: None, 平均帧率: 未知, 视频编解码器: 未知, 音频编解码器: 未知
分类: 山西, 名称: 屯留综合, 有效: 0, IPv4: 1, IPv6: 0, 最小延迟: -1 ms, 最高速率: 0.00 M/s, 平均速率: 0.00 M/s, 最高分辨率: 1920x1080, 平均帧率: 未知, 视频编解码器: 未知, 音频编解码器: 未知
分类: 山西, 名称: 长子综合, 有效: 0, IPv4: 1, IPv6: 0, 最小延迟: -1 ms, 最高速率: 0.00 M/s, 平均速率: 0.00 M/s, 最高分辨率: None, 平均帧率: 未知, 视频编解码器: 未知, 音频编解码器: 未知
分类: 山西, 名称: 平顺综合, 有效: 0, IPv4: 1, IPv6: 0, 最小延迟: 1152 ms, 最高速率: 0.11 M/s, 平均速率: 0.00 M/s, 最高分辨率: 1920x1080, 平均帧率: 未知, 视频编解码器: 未知, 音频编解码器: 未知
分类: 山西, 名称: 壶关综合, 有效: 0, IPv4: 1, IPv6: 0, 最小延迟: -1 ms, 最高速率: 0.00 M/s, 平均速率: 0.00 M/s, 最高分辨率: 1920x1080, 平均帧率: 未知, 视频编解码器: 未知, 音频编解码器: 未知
分类: 山西, 名称: 黎城综合, 有效: 0, IPv4: 1, IPv6: 0, 最小延迟: -1 ms, 最高速率: 0.00 M/s, 平均速率: 0.00 M/s, 最高分辨率: None, 平均帧率: 未知, 视频编解码器: 未知, 音频编解码器: 未知
分类: 山西, 名称: 山阴综合, 有效: 0, IPv4: 1, IPv6: 0, 最小延迟: -1 ms, 最高速率: 0.00 M/s, 平均速率: 0.00 M/s, 最高分辨率: None, 平均帧率: 未知, 视频编解码器: 未知, 音频编解码器: 未知
分类: 山西, 名称: 清徐综合, 有效: 1, IPv4: 4, IPv6: 0, 最小延迟: 527 ms, 最高速率: 0.76 M/s, 平均速率: 0.76 M/s, 最高分辨率: 1920x1080, 平均帧率: 未知, 视频编解码器: 未知, 音频编解码器: 未知
分类: 山西, 名称: 武乡新闻, 有效: 0, IPv4: 3, IPv6: 0, 最小延迟: -1 ms, 最高速率: 0.00 M/s, 平均速率: 0.00 M/s, 最高分辨率: None, 平均帧率: 未知, 视频编解码器: 未知, 音频编解码器: 未知
分类: 山西, 名称: 怀仁综合, 有效: 2, IPv4: 2, IPv6: 0, 最小延迟: 1464 ms, 最高速率: 0.26 M/s, 平均速率: 0.23 M/s, 最高分辨率: 1920x1080, 平均帧率: 未知, 视频编解码器: 未知, 音频编解码器: 未知
分类: 山西, 名称: 平遥新闻, 有效: 2, IPv4: 2, IPv6: 0, 最小延迟: 2260 ms, 最高速率: 0.29 M/s, 平均速率: 0.25 M/s, 最高分辨率: 1920x1080, 平均帧率: 未知, 视频编解码器: 未知, 音频编解码器: 未知
分类: 山西, 名称: 定襄综合, 有效: 0, IPv4: 1, IPv6: 0, 最小延迟: -1 ms, 最高速率: 0.00 M/s, 平均速率: 0.00 M/s, 最高分辨率: 1280x720, 平均帧率: 未知, 视频编解码器: 未知, 音频编解码器: 未知
分类: 山西, 名称: 河曲综合, 有效: 0, IPv4: 1, IPv6: 0, 最小延迟: -1 ms, 最高速率: 0.00 M/s, 平均速率: 0.00 M/s, 最高分辨率: None, 平均帧率: 未知, 视频编解码器: 未知, 音频编解码器: 未知
分类: 山西, 名称: 吉县新闻, 有效: 0, IPv4: 1, IPv6: 0, 最小延迟: -1 ms, 最高速率: 0.00 M/s, 平均速率: 0.00 M/s, 最高分辨率: None, 平均帧率: 未知, 视频编解码器: 未知, 音频编解码器: 未知
分类: 山西, 名称: 翼城综合, 有效: 0, IPv4: 1, IPv6: 0, 最小延迟: -1 ms, 最高速率: 0.00 M/s, 平均速率: 0.00 M/s, 最高分辨率: None, 平均帧率: 未知, 视频编解码器: 未知, 音频编解码器: 未知
分类: 山西, 名称: 阳曲综合, 有效: 0, IPv4: 3, IPv6: 0, 最小延迟: 537 ms, 最高速率: 0.18 M/s, 平均速率: 0.00 M/s, 最高分辨率: 1920x1080, 平均帧率: 未知, 视频编解码器: 未知, 音频编解码器: 未知
分类: 吉林, 名称: 吉林生活, 有效: 0, IPv4: 1, IPv6: 0, 最小延迟: -1 ms, 最高速率: 0.00 M/s, 平均速率: 0.00 M/s, 最高分辨率: None, 平均帧率: 未知, 视频编解码器: 未知, 音频编解码器: 未知
分类: 吉林, 名称: 吉林都市, 有效: 2, IPv4: 2, IPv6: 0, 最小延迟: 340 ms, 最高速率: 1.54 M/s, 平均速率: 0.84 M/s, 最高分辨率: 1280x720, 平均帧率: 未知, 视频编解码器: 未知, 音频编解码器: 未知
分类: 山西, 名称: 汾西综合, 有效: 1, IPv4: 1, IPv6: 0, 最小延迟: 2347 ms, 最高速率: 0.33 M/s, 平均速率: 0.33 M/s, 最高分辨率: 1920x1080, 平均帧率: 未知, 视频编解码器: 未知, 音频编解码器: 未知
分类: 山西, 名称: 闻喜综合, 有效: 1, IPv4: 1, IPv6: 0, 最小延迟: 10695 ms, 最高速率: 0.53 M/s, 平均速率: 0.53 M/s, 最高分辨率: 1920x1080, 平均帧率: 未知, 视频编解码器: 未知, 音频编解码器: 未知
分类: 吉林, 名称: 长春经济, 有效: 0, IPv4: 1, IPv6: 0, 最小延迟: -1 ms, 最高速率: 0.00 M/s, 平均速率: 0.00 M/s, 最高分辨率: None, 平均帧率: 未知, 视频编解码器: 未知, 音频编解码器: 未知
分类: 吉林, 名称: 延边综合, 有效: 0, IPv4: 4, IPv6: 0, 最小延迟: -1 ms, 最高速率: 0.00 M/s, 平均速率: 0.00 M/s, 最高分辨率: None, 平均帧率: 未知, 视频编解码器: 未知, 音频编解码器: 未知
分类: 吉林, 名称: 长春汽车, 有效: 0, IPv4: 1, IPv6: 0, 最小延迟: -1 ms, 最高速率: 0.00 M/s, 平均速率: 0.00 M/s, 最高分辨率: None, 平均帧率: 未知, 视频编解码器: 未知, 音频编解码器: 未知
分类: 吉林, 名称: 长春市民生活, 有效: 1, IPv4: 2, IPv6: 0, 最小延迟: 2077 ms, 最高速率: 0.68 M/s, 平均速率: 0.68 M/s, 最高分辨率: 1920x1080, 平均帧率: 未知, 视频编解码器: 未知, 音频编解码器: 未知
分类: 山西, 名称: 盐湖综合, 有效: 1, IPv4: 2, IPv6: 0, 最小延迟: 274 ms, 最高速率: 0.34 M/s, 平均速率: 0.34 M/s, 最高分辨率: 1920x1080, 平均帧率: 未知, 视频编解码器: 未知, 音频编解码器: 未知
分类: 山西, 名称: 大宁综合, 有效: 0, IPv4: 1, IPv6: 0, 最小延迟: 2835 ms, 最高速率: 0.03 M/s, 平均速率: 0.00 M/s, 最高分辨率: None, 平均帧率: 未知, 视频编解码器: 未知, 音频编解码器: aac
分类: 吉林, 名称: 长春文旅体育, 有效: 1, IPv4: 2, IPv6: 0, 最小延迟: 2886 ms, 最高速率: 0.62 M/s, 平均速率: 0.62 M/s, 最高分辨率: 1920x1080, 平均帧率: 未知, 视频编解码器: 未知, 音频编解码器: 未知
分类: 吉林, 名称: 辽源新闻, 有效: 2, IPv4: 3, IPv6: 0, 最小延迟: 3428 ms, 最高速率: 0.35 M/s, 平均速率: 0.30 M/s, 最高分辨率: 1280x720, 平均帧率: 未知, 视频编解码器: 未知, 音频编解码器: 未知
分类: 吉林, 名称: 四平新闻, 有效: 1, IPv4: 6, IPv6: 0, 最小延迟: 552 ms, 最高速率: 0.36 M/s, 平均速率: 0.36 M/s, 最高分辨率: 1280x720, 平均帧率: 25.00, 视频编解码器: h264, 音频编解码器: aac
分类: 吉林, 名称: 通化新闻, 有效: 2, IPv4: 8, IPv6: 0, 最小延迟: 885 ms, 最高速率: 0.27 M/s, 平均速率: 0.23 M/s, 最高分辨率: 1280x720, 平均帧率: 25.00, 视频编解码器: h264, 音频编解码器: aac
分类: 吉林, 名称: 白城新闻, 有效: 0, IPv4: 1, IPv6: 0, 最小延迟: -1 ms, 最高速率: 0.00 M/s, 平均速率: 0.00 M/s, 最高分辨率: None, 平均帧率: 未知, 视频编解码器: 未知, 音频编解码器: 未知
分类: 吉林, 名称: 白山新闻, 有效: 0, IPv4: 3, IPv6: 0, 最小延迟: 562 ms, 最高速率: 0.28 M/s, 平均速率: 0.00 M/s, 最高分辨率: 720x576, 平均帧率: 未知, 视频编解码器: 未知, 音频编解码器: 未知
分类: 吉林, 名称: 松原新闻, 有效: 2, IPv4: 6, IPv6: 0, 最小延迟: 551 ms, 最高速率: 0.43 M/s, 平均速率: 0.31 M/s, 最高分辨率: 1280x720, 平均帧率: 未知, 视频编解码器: 未知, 音频编解码器: 未知
分类: 吉林, 名称: 珲春新闻, 有效: 0, IPv4: 1, IPv6: 0, 最小延迟: 3362 ms, 最高速率: 0.29 M/s, 平均速率: 0.00 M/s, 最高分辨率: 720x576, 平均帧率: 25.00, 视频编解码器: h264, 音频编解码器: aac
分类: 吉林, 名称: 敦化一套, 有效: 0, IPv4: 1, IPv6: 0, 最小延迟: 1644 ms, 最高速率: 0.06 M/s, 平均速率: 0.00 M/s, 最高分辨率: 320x240, 平均帧率: 25.00, 视频编解码器: h264, 音频编解码器: aac
分类: 吉林, 名称: 梅河口综合, 有效: 0, IPv4: 2, IPv6: 0, 最小延迟: 597 ms, 最高速率: 0.22 M/s, 平均速率: 0.00 M/s, 最高分辨率: 720x576, 平均帧率: 未知, 视频编解码器: 未知, 音频编解码器: aac
分类: 吉林, 名称: 龙井综合, 有效: 0, IPv4: 1, IPv6: 0, 最小延迟: 1759 ms, 最高速率: 0.04 M/s, 平均速率: 0.00 M/s, 最高分辨率: None, 平均帧率: 未知, 视频编解码器: 未知, 音频编解码器: aac
分类: 吉林, 名称: 舒兰新闻, 有效: 0, IPv4: 1, IPv6: 0, 最小延迟: 2859 ms, 最高速率: 0.18 M/s, 平均速率: 0.00 M/s, 最高分辨率: 720x576, 平均帧率: 25.00, 视频编解码器: h264, 音频编解码器: aac
分类: 吉林, 名称: 桦甸综合, 有效: 0, IPv4: 1, IPv6: 0, 最小延迟: 1690 ms, 最高速率: 0.03 M/s, 平均速率: 0.00 M/s, 最高分辨率: None, 平均帧率: 未知, 视频编解码器: 未知, 音频编解码器: aac
分类: 吉林, 名称: 磐石综合, 有效: 0, IPv4: 1, IPv6: 0, 最小延迟: 1410 ms, 最高速率: 0.04 M/s, 平均速率: 0.00 M/s, 最高分辨率: None, 平均帧率: 未知, 视频编解码器: 未知, 音频编解码器: aac
分类: 吉林, 名称: 东丰综合, 有效: 0, IPv4: 1, IPv6: 0, 最小延迟: 1065 ms, 最高速率: 0.05 M/s, 平均速率: 0.00 M/s, 最高分辨率: None, 平均帧率: 未知, 视频编解码器: 未知, 音频编解码器: aac
分类: 吉林, 名称: 农安新闻, 有效: 0, IPv4: 1, IPv6: 0, 最小延迟: 562 ms, 最高速率: 0.28 M/s, 平均速率: 0.00 M/s, 最高分辨率: 720x576, 平均帧率: 未知, 视频编解码器: 未知, 音频编解码器: 未知
分类: 吉林, 名称: 双辽综合, 有效: 1, IPv4: 2, IPv6: 0, 最小延迟: 557 ms, 最高速率: 0.79 M/s, 平均速率: 0.79 M/s, 最高分辨率: 1920x1080, 平均帧率: 未知, 视频编解码器: 未知, 音频编解码器: aac
分类: 吉林, 名称: 通化县综合, 有效: 0, IPv4: 1, IPv6: 0, 最小延迟: 724 ms, 最高速率: 0.04 M/s, 平均速率: 0.00 M/s, 最高分辨率: None, 平均帧率: 未知, 视频编解码器: 未知, 音频编解码器: aac
分类: 吉林, 名称: 梨树新闻, 有效: 0, IPv4: 1, IPv6: 0, 最小延迟: 553 ms, 最高速率: 0.28 M/s, 平均速率: 0.00 M/s, 最高分辨率: 720x576, 平均帧率: 未知, 视频编解码器: 未知, 音频编解码器: 未知
分类: 吉林, 名称: 抚松综合, 有效: 0, IPv4: 1, IPv6: 0, 最小延迟: -1 ms, 最高速率: 0.00 M/s, 平均速率: 0.00 M/s, 最高分辨率: None, 平均帧率: 未知, 视频编解码器: 未知, 音频编解码器: 未知
分类: 吉林, 名称: 柳河综合, 有效: 0, IPv4: 1, IPv6: 0, 最小延迟: 1673 ms, 最高速率: 0.04 M/s, 平均速率: 0.00 M/s, 最高分辨率: None, 平均帧率: 未知, 视频编解码器: 未知, 音频编解码器: aac
分类: 吉林, 名称: 靖宇综合, 有效: 0, IPv4: 1, IPv6: 0, 最小延迟: 2705 ms, 最高速率: 0.03 M/s, 平均速率: 0.00 M/s, 最高分辨率: None, 平均帧率: 未知, 视频编解码器: 未知, 音频编解码器: aac
分类: 吉林, 名称: 长白综合, 有效: 0, IPv4: 1, IPv6: 0, 最小延迟: 2898 ms, 最高速率: 0.05 M/s, 平均速率: 0.00 M/s, 最高分辨率: 320x240, 平均帧率: 25.00, 视频编解码器: h264, 音频编解码器: aac
分类: 黑龙江, 名称: 黑龙江都市, 有效: 0, IPv4: 1, IPv6: 0, 最小延迟: -1 ms, 最高速率: 0.00 M/s, 平均速率: 0.00 M/s, 最高分辨率: None, 平均帧率: 未知, 视频编解码器: 未知, 音频编解码器: 未知
分类: 吉林, 名称: 汪清综合, 有效: 0, IPv4: 2, IPv6: 0, 最小延迟: 1657 ms, 最高速率: 0.08 M/s, 平均速率: 0.00 M/s, 最高分辨率: 320x240, 平均帧率: 25.00, 视频编解码器: h264, 音频编解码器: aac
分类: 黑龙江, 名称: 黑龙江影视, 有效: 0, IPv4: 1, IPv6: 0, 最小延迟: -1 ms, 最高速率: 0.00 M/s, 平均速率: 0.00 M/s, 最高分辨率: None, 平均帧率: 未知, 视频编解码器: 未知, 音频编解码器: 未知
分类: 吉林, 名称: 扶余综合, 有效: 1, IPv4: 1, IPv6: 0, 最小延迟: 562 ms, 最高速率: 0.77 M/s, 平均速率: 0.77 M/s, 最高分辨率: 1920x1080, 平均帧率: 未知, 视频编解码器: 未知, 音频编解码器: 未知
分类: 吉林, 名称: 辉南新闻, 有效: 0, IPv4: 3, IPv6: 0, 最小延迟: 1949 ms, 最高速率: 0.27 M/s, 平均速率: 0.00 M/s, 最高分辨率: 720x576, 平均帧率: 25.00, 视频编解码器: h264, 音频编解码器: aac
分类: 黑龙江, 名称: 黑龙江文体, 有效: 0, IPv4: 1, IPv6: 0, 最小延迟: -1 ms, 最高速率: 0.00 M/s, 平均速率: 0.00 M/s, 最高分辨率: None, 平均帧率: 未知, 视频编解码器: 未知, 音频编解码器: 未知
分类: 黑龙江, 名称: 黑龙江少儿, 有效: 0, IPv4: 1, IPv6: 0, 最小延迟: -1 ms, 最高速率: 0.00 M/s, 平均速率: 0.00 M/s, 最高分辨率: None, 平均帧率: 未知, 视频编解码器: 未知, 音频编解码器: 未知
分类: 吉林, 名称: 乾安综合, 有效: 0, IPv4: 1, IPv6: 0, 最小延迟: 553 ms, 最高速率: 0.28 M/s, 平均速率: 0.00 M/s, 最高分辨率: 720x576, 平均帧率: 未知, 视频编解码器: 未知, 音频编解码器: 未知
分类: 黑龙江, 名称: 哈尔滨资讯, 有效: 0, IPv4: 1, IPv6: 0, 最小延迟: 1559 ms, 最高速率: 0.02 M/s, 平均速率: 0.00 M/s, 最高分辨率: 640x480, 平均帧率: 25.00, 视频编解码器: h264, 音频编解码器: aac
分类: 黑龙江, 名称: 哈尔滨新闻, 有效: 0, IPv4: 3, IPv6: 0, 最小延迟: 9360 ms, 最高速率: 0.07 M/s, 平均速率: 0.00 M/s, 最高分辨率: 640x480, 平均帧率: 25.00, 视频编解码器: h264, 音频编解码器: aac
分类: 黑龙江, 名称: 哈尔滨生活, 有效: 0, IPv4: 3, IPv6: 0, 最小延迟: 7733 ms, 最高速率: 0.07 M/s, 平均速率: 0.00 M/s, 最高分辨率: 640x480, 平均帧率: 25.00, 视频编解码器: h264, 音频编解码器: aac
分类: 黑龙江, 名称: 牡丹江新闻, 有效: 0, IPv4: 1, IPv6: 0, 最小延迟: -1 ms, 最高速率: 0.00 M/s, 平均速率: 0.00 M/s, 最高分辨率: None, 平均帧率: 未知, 视频编解码器: 未知, 音频编解码器: 未知
分类: 黑龙江, 名称: 哈尔滨娱乐, 有效: 0, IPv4: 1, IPv6: 0, 最小延迟: 895 ms, 最高速率: 0.03 M/s, 平均速率: 0.00 M/s, 最高分辨率: 640x480, 平均帧率: 25.00, 视频编解码器: h264, 音频编解码器: aac
分类: 黑龙江, 名称: 佳木斯新闻, 有效: 0, IPv4: 1, IPv6: 0, 最小延迟: -1 ms, 最高速率: 0.00 M/s, 平均速率: 0.00 M/s, 最高分辨率: None, 平均帧率: 未知, 视频编解码器: 未知, 音频编解码器: 未知
分类: 黑龙江, 名称: 大庆新闻, 有效: 0, IPv4: 1, IPv6: 0, 最小延迟: -1 ms, 最高速率: 0.00 M/s, 平均速率: 0.00 M/s, 最高分辨率: None, 平均帧率: 未知, 视频编解码器: 未知, 音频编解码器: 未知
分类: 黑龙江, 名称: 鸡西新闻, 有效: 0, IPv4: 1, IPv6: 0, 最小延迟: -1 ms, 最高速率: 0.00 M/s, 平均速率: 0.00 M/s, 最高分辨率: None, 平均帧率: 未知, 视频编解码器: 未知, 音频编解码器: 未知
分类: 黑龙江, 名称: 伊春新闻, 有效: 0, IPv4: 2, IPv6: 0, 最小延迟: -1 ms, 最高速率: 0.00 M/s, 平均速率: 0.00 M/s, 最高分辨率: None, 平均帧率: 未知, 视频编解码器: 未知, 音频编解码器: 未知
分类: 黑龙江, 名称: 七台河新闻, 有效: 0, IPv4: 4, IPv6: 0, 最小延迟: -1 ms, 最高速率: 0.00 M/s, 平均速率: 0.00 M/s, 最高分辨率: 1280x720, 平均帧率: 未知, 视频编解码器: 未知, 音频编解码器: 未知
分类: 黑龙江, 名称: 齐齐哈尔新闻, 有效: 0, IPv4: 2, IPv6: 0, 最小延迟: 10946 ms, 最高速率: 0.00 M/s, 平均速率: 0.00 M/s, 最高分辨率: None, 平均帧率: 未知, 视频编解码器: 未知, 音频编解码器: 未知
分类: 黑龙江, 名称: 哈尔滨影视, 有效: 0, IPv4: 2, IPv6: 0, 最小延迟: 8499 ms, 最高速率: 0.08 M/s, 平均速率: 0.00 M/s, 最高分辨率: None, 平均帧率: 未知, 视频编解码器: 未知, 音频编解码器: 未知
分类: 黑龙江, 名称: 鹤岗新闻, 有效: 0, IPv4: 3, IPv6: 0, 最小延迟: -1 ms, 最高速率: 0.00 M/s, 平均速率: 0.00 M/s, 最高分辨率: None, 平均帧率: 未知, 视频编解码器: 未知, 音频编解码器: 未知
分类: 黑龙江, 名称: 绥化新闻, 有效: 0, IPv4: 2, IPv6: 0, 最小延迟: -1 ms, 最高速率: 0.00 M/s, 平均速率: 0.00 M/s, 最高分辨率: None, 平均帧率: 未知, 视频编解码器: 未知, 音频编解码器: 未知
分类: 黑龙江, 名称: 黑河新闻, 有效: 0, IPv4: 2, IPv6: 0, 最小延迟: -1 ms, 最高速率: 0.00 M/s, 平均速率: 0.00 M/s, 最高分辨率: None, 平均帧率: 未知, 视频编解码器: 未知, 音频编解码器: 未知
分类: 黑龙江, 名称: 大兴安岭新闻, 有效: 0, IPv4: 1, IPv6: 0, 最小延迟: -1 ms, 最高速率: 0.00 M/s, 平均速率: 0.00 M/s, 最高分辨率: None, 平均帧率: 未知, 视频编解码器: 未知, 音频编解码器: 未知
分类: 黑龙江, 名称: 呼伦贝尔新闻, 有效: 0, IPv4: 3, IPv6: 0, 最小延迟: 280 ms, 最高速率: 0.14 M/s, 平均速率: 0.00 M/s, 最高分辨率: 1920x1080, 平均帧率: 未知, 视频编解码器: 未知, 音频编解码器: 未知
分类: 黑龙江, 名称: 尚志综合, 有效: 0, IPv4: 2, IPv6: 0, 最小延迟: -1 ms, 最高速率: 0.00 M/s, 平均速率: 0.00 M/s, 最高分辨率: None, 平均帧率: 未知, 视频编解码器: 未知, 音频编解码器: 未知
分类: 黑龙江, 名称: 五常综合, 有效: 0, IPv4: 2, IPv6: 0, 最小延迟: -1 ms, 最高速率: 0.00 M/s, 平均速率: 0.00 M/s, 最高分辨率: None, 平均帧率: 未知, 视频编解码器: 未知, 音频编解码器: 未知
分类: 黑龙江, 名称: 讷河综合, 有效: 0, IPv4: 2, IPv6: 0, 最小延迟: -1 ms, 最高速率: 0.00 M/s, 平均速率: 0.00 M/s, 最高分辨率: None, 平均帧率: 未知, 视频编解码器: 未知, 音频编解码器: 未知
分类: 黑龙江, 名称: 虎林综合, 有效: 0, IPv4: 2, IPv6: 0, 最小延迟: -1 ms, 最高速率: 0.00 M/s, 平均速率: 0.00 M/s, 最高分辨率: None, 平均帧率: 未知, 视频编解码器: 未知, 音频编解码器: 未知
分类: 黑龙江, 名称: 密山综合, 有效: 0, IPv4: 2, IPv6: 0, 最小延迟: -1 ms, 最高速率: 0.00 M/s, 平均速率: 0.00 M/s, 最高分辨率: None, 平均帧率: 未知, 视频编解码器: 未知, 音频编解码器: 未知
分类: 黑龙江, 名称: 铁力综合, 有效: 0, IPv4: 2, IPv6: 0, 最小延迟: -1 ms, 最高速率: 0.00 M/s, 平均速率: 0.00 M/s, 最高分辨率: None, 平均帧率: 未知, 视频编解码器: 未知, 音频编解码器: 未知
分类: 黑龙江, 名称: 同江综合, 有效: 0, IPv4: 2, IPv6: 0, 最小延迟: -1 ms, 最高速率: 0.00 M/s, 平均速率: 0.00 M/s, 最高分辨率: None, 平均帧率: 未知, 视频编解码器: 未知, 音频编解码器: 未知
分类: 黑龙江, 名称: 富锦综合, 有效: 0, IPv4: 1, IPv6: 0, 最小延迟: -1 ms, 最高速率: 0.00 M/s, 平均速率: 0.00 M/s, 最高分辨率: None, 平均帧率: 未知, 视频编解码器: 未知, 音频编解码器: 未知
分类: 黑龙江, 名称: 抚远综合, 有效: 0, IPv4: 2, IPv6: 0, 最小延迟: -1 ms, 最高速率: 0.00 M/s, 平均速率: 0.00 M/s, 最高分辨率: None, 平均帧率: 未知, 视频编解码器: 未知, 音频编解码器: 未知
分类: 黑龙江, 名称: 绥芬河综合, 有效: 0, IPv4: 2, IPv6: 0, 最小延迟: -1 ms, 最高速率: 0.00 M/s, 平均速率: 0.00 M/s, 最高分辨率: None, 平均帧率: 未知, 视频编解码器: 未知, 音频编解码器: 未知
分类: 黑龙江, 名称: 海林综合, 有效: 0, IPv4: 1, IPv6: 0, 最小延迟: -1 ms, 最高速率: 0.00 M/s, 平均速率: 0.00 M/s, 最高分辨率: None, 平均帧率: 未知, 视频编解码器: 未知, 音频编解码器: 未知
分类: 黑龙江, 名称: 宁安综合, 有效: 0, IPv4: 2, IPv6: 0, 最小延迟: -1 ms, 最高速率: 0.00 M/s, 平均速率: 0.00 M/s, 最高分辨率: None, 平均帧率: 未知, 视频编解码器: 未知, 音频编解码器: 未知
分类: 黑龙江, 名称: 穆棱综合, 有效: 0, IPv4: 1, IPv6: 0, 最小延迟: -1 ms, 最高速率: 0.00 M/s, 平均速率: 0.00 M/s, 最高分辨率: None, 平均帧率: 未知, 视频编解码器: 未知, 音频编解码器: 未知
分类: 黑龙江, 名称: 东宁综合, 有效: 0, IPv4: 2, IPv6: 0, 最小延迟: -1 ms, 最高速率: 0.00 M/s, 平均速率: 0.00 M/s, 最高分辨率: None, 平均帧率: 未知, 视频编解码器: 未知, 音频编解码器: 未知
分类: 黑龙江, 名称: 安达综合, 有效: 0, IPv4: 1, IPv6: 0, 最小延迟: -1 ms, 最高速率: 0.00 M/s, 平均速率: 0.00 M/s, 最高分辨率: None, 平均帧率: 未知, 视频编解码器: 未知, 音频编解码器: 未知
分类: 黑龙江, 名称: 肇东综合, 有效: 0, IPv4: 2, IPv6: 0, 最小延迟: -1 ms, 最高速率: 0.00 M/s, 平均速率: 0.00 M/s, 最高分辨率: None, 平均帧率: 未知, 视频编解码器: 未知, 音频编解码器: 未知
分类: 黑龙江, 名称: 海伦综合, 有效: 0, IPv4: 2, IPv6: 0, 最小延迟: -1 ms, 最高速率: 0.00 M/s, 平均速率: 0.00 M/s, 最高分辨率: None, 平均帧率: 未知, 视频编解码器: 未知, 音频编解码器: 未知
分类: 黑龙江, 名称: 庆安综合, 有效: 0, IPv4: 2, IPv6: 0, 最小延迟: -1 ms, 最高速率: 0.00 M/s, 平均速率: 0.00 M/s, 最高分辨率: None, 平均帧率: 未知, 视频编解码器: 未知, 音频编解码器: 未知
分类: 黑龙江, 名称: 绥棱综合, 有效: 0, IPv4: 2, IPv6: 0, 最小延迟: -1 ms, 最高速率: 0.00 M/s, 平均速率: 0.00 M/s, 最高分辨率: None, 平均帧率: 未知, 视频编解码器: 未知, 音频编解码器: 未知
分类: 黑龙江, 名称: 望奎综合, 有效: 0, IPv4: 2, IPv6: 0, 最小延迟: -1 ms, 最高速率: 0.00 M/s, 平均速率: 0.00 M/s, 最高分辨率: None, 平均帧率: 未知, 视频编解码器: 未知, 音频编解码器: 未知
分类: 黑龙江, 名称: 兰西综合, 有效: 0, IPv4: 1, IPv6: 0, 最小延迟: -1 ms, 最高速率: 0.00 M/s, 平均速率: 0.00 M/s, 最高分辨率: None, 平均帧率: 未知, 视频编解码器: 未知, 音频编解码器: 未知
分类: 黑龙江, 名称: 青冈综合, 有效: 0, IPv4: 2, IPv6: 0, 最小延迟: -1 ms, 最高速率: 0.00 M/s, 平均速率: 0.00 M/s, 最高分辨率: None, 平均帧率: 未知, 视频编解码器: 未知, 音频编解码器: 未知
分类: 黑龙江, 名称: 明水综合, 有效: 0, IPv4: 1, IPv6: 0, 最小延迟: -1 ms, 最高速率: 0.00 M/s, 平均速率: 0.00 M/s, 最高分辨率: None, 平均帧率: 未知, 视频编解码器: 未知, 音频编解码器: 未知
分类: 黑龙江, 名称: 拜泉综合, 有效: 0, IPv4: 2, IPv6: 0, 最小延迟: -1 ms, 最高速率: 0.00 M/s, 平均速率: 0.00 M/s, 最高分辨率: None, 平均帧率: 未知, 视频编解码器: 未知, 音频编解码器: 未知
分类: 黑龙江, 名称: 依安综合, 有效: 0, IPv4: 2, IPv6: 0, 最小延迟: -1 ms, 最高速率: 0.00 M/s, 平均速率: 0.00 M/s, 最高分辨率: None, 平均帧率: 未知, 视频编解码器: 未知, 音频编解码器: 未知
分类: 黑龙江, 名称: 富裕综合, 有效: 0, IPv4: 2, IPv6: 0, 最小延迟: -1 ms, 最高速率: 0.00 M/s, 平均速率: 0.00 M/s, 最高分辨率: None, 平均帧率: 未知, 视频编解码器: 未知, 音频编解码器: 未知
分类: 黑龙江, 名称: 克山综合, 有效: 0, IPv4: 2, IPv6: 0, 最小延迟: -1 ms, 最高速率: 0.00 M/s, 平均速率: 0.00 M/s, 最高分辨率: None, 平均帧率: 未知, 视频编解码器: 未知, 音频编解码器: 未知
分类: 黑龙江, 名称: 克东综合, 有效: 0, IPv4: 2, IPv6: 0, 最小延迟: -1 ms, 最高速率: 0.00 M/s, 平均速率: 0.00 M/s, 最高分辨率: None, 平均帧率: 未知, 视频编解码器: 未知, 音频编解码器: 未知
分类: 黑龙江, 名称: 泰来综合, 有效: 0, IPv4: 2, IPv6: 0, 最小延迟: -1 ms, 最高速率: 0.00 M/s, 平均速率: 0.00 M/s, 最高分辨率: None, 平均帧率: 未知, 视频编解码器: 未知, 音频编解码器: 未知
分类: 黑龙江, 名称: 甘南综合, 有效: 1, IPv4: 6, IPv6: 0, 最小延迟: 1723 ms, 最高速率: 0.24 M/s, 平均速率: 0.24 M/s, 最高分辨率: 1920x1080, 平均帧率: 未知, 视频编解码器: 未知, 音频编解码器: 未知
分类: 黑龙江, 名称: 巴彦综合, 有效: 2, IPv4: 11, IPv6: 0, 最小延迟: 278 ms, 最高速率: 0.49 M/s, 平均速率: 0.42 M/s, 最高分辨率: 1920x1080, 平均帧率: 未知, 视频编解码器: 未知, 音频编解码器: 未知
分类: 黑龙江, 名称: 通河综合, 有效: 0, IPv4: 2, IPv6: 0, 最小延迟: -1 ms, 最高速率: 0.00 M/s, 平均速率: 0.00 M/s, 最高分辨率: None, 平均帧率: 未知, 视频编解码器: 未知, 音频编解码器: 未知
分类: 黑龙江, 名称: 龙江综合, 有效: 0, IPv4: 2, IPv6: 0, 最小延迟: 10147 ms, 最高速率: 0.05 M/s, 平均速率: 0.00 M/s, 最高分辨率: 1920x1080, 平均帧率: 未知, 视频编解码器: 未知, 音频编解码器: 未知
分类: 黑龙江, 名称: 方正综合, 有效: 0, IPv4: 2, IPv6: 0, 最小延迟: -1 ms, 最高速率: 0.00 M/s, 平均速率: 0.00 M/s, 最高分辨率: None, 平均帧率: 未知, 视频编解码器: 未知, 音频编解码器: 未知
分类: 黑龙江, 名称: 延寿综合, 有效: 0, IPv4: 2, IPv6: 0, 最小延迟: -1 ms, 最高速率: 0.00 M/s, 平均速率: 0.00 M/s, 最高分辨率: None, 平均帧率: 未知, 视频编解码器: 未知, 音频编解码器: 未知
分类: 黑龙江, 名称: 依兰综合, 有效: 0, IPv4: 1, IPv6: 0, 最小延迟: -1 ms, 最高速率: 0.00 M/s, 平均速率: 0.00 M/s, 最高分辨率: None, 平均帧率: 未知, 视频编解码器: 未知, 音频编解码器: 未知
分类: 黑龙江, 名称: 宾县综合, 有效: 0, IPv4: 1, IPv6: 0, 最小延迟: -1 ms, 最高速率: 0.00 M/s, 平均速率: 0.00 M/s, 最高分辨率: None, 平均帧率: 未知, 视频编解码器: 未知, 音频编解码器: 未知
分类: 黑龙江, 名称: 绥滨综合, 有效: 0, IPv4: 1, IPv6: 0, 最小延迟: -1 ms, 最高速率: 0.00 M/s, 平均速率: 0.00 M/s, 最高分辨率: None, 平均帧率: 未知, 视频编解码器: 未知, 音频编解码器: 未知
分类: 黑龙江, 名称: 友谊综合, 有效: 0, IPv4: 2, IPv6: 0, 最小延迟: -1 ms, 最高速率: 0.00 M/s, 平均速率: 0.00 M/s, 最高分辨率: None, 平均帧率: 未知, 视频编解码器: 未知, 音频编解码器: 未知
分类: 黑龙江, 名称: 宝清综合, 有效: 0, IPv4: 1, IPv6: 0, 最小延迟: -1 ms, 最高速率: 0.00 M/s, 平均速率: 0.00 M/s, 最高分辨率: None, 平均帧率: 未知, 视频编解码器: 未知, 音频编解码器: 未知
分类: 黑龙江, 名称: 饶河综合, 有效: 0, IPv4: 2, IPv6: 0, 最小延迟: -1 ms, 最高速率: 0.00 M/s, 平均速率: 0.00 M/s, 最高分辨率: None, 平均帧率: 未知, 视频编解码器: 未知, 音频编解码器: 未知
分类: 黑龙江, 名称: 集贤综合, 有效: 0, IPv4: 1, IPv6: 0, 最小延迟: -1 ms, 最高速率: 0.00 M/s, 平均速率: 0.00 M/s, 最高分辨率: None, 平均帧率: 未知, 视频编解码器: 未知, 音频编解码器: 未知
分类: 黑龙江, 名称: 肇州综合, 有效: 0, IPv4: 1, IPv6: 0, 最小延迟: -1 ms, 最高速率: 0.00 M/s, 平均速率: 0.00 M/s, 最高分辨率: None, 平均帧率: 未知, 视频编解码器: 未知, 音频编解码器: 未知
分类: 黑龙江, 名称: 肇源综合, 有效: 0, IPv4: 1, IPv6: 0, 最小延迟: -1 ms, 最高速率: 0.00 M/s, 平均速率: 0.00 M/s, 最高分辨率: None, 平均帧率: 未知, 视频编解码器: 未知, 音频编解码器: 未知
分类: 黑龙江, 名称: 林甸综合, 有效: 0, IPv4: 1, IPv6: 0, 最小延迟: -1 ms, 最高速率: 0.00 M/s, 平均速率: 0.00 M/s, 最高分辨率: None, 平均帧率: 未知, 视频编解码器: 未知, 音频编解码器: 未知
分类: 黑龙江, 名称: 嘉荫综合, 有效: 0, IPv4: 1, IPv6: 0, 最小延迟: -1 ms, 最高速率: 0.00 M/s, 平均速率: 0.00 M/s, 最高分辨率: None, 平均帧率: 未知, 视频编解码器: 未知, 音频编解码器: 未知
分类: 黑龙江, 名称: 勃利综合, 有效: 0, IPv4: 2, IPv6: 0, 最小延迟: -1 ms, 最高速率: 0.00 M/s, 平均速率: 0.00 M/s, 最高分辨率: None, 平均帧率: 未知, 视频编解码器: 未知, 音频编解码器: 未知
分类: 黑龙江, 名称: 孙吴综合, 有效: 0, IPv4: 2, IPv6: 0, 最小延迟: -1 ms, 最高速率: 0.00 M/s, 平均速率: 0.00 M/s, 最高分辨率: None, 平均帧率: 未知, 视频编解码器: 未知, 音频编解码器: 未知
分类: 黑龙江, 名称: 逊克综合, 有效: 0, IPv4: 1, IPv6: 0, 最小延迟: -1 ms, 最高速率: 0.00 M/s, 平均速率: 0.00 M/s, 最高分辨率: None, 平均帧率: 未知, 视频编解码器: 未知, 音频编解码器: 未知
分类: 黑龙江, 名称: 嫩江综合, 有效: 0, IPv4: 1, IPv6: 0, 最小延迟: -1 ms, 最高速率: 0.00 M/s, 平均速率: 0.00 M/s, 最高分辨率: None, 平均帧率: 未知, 视频编解码器: 未知, 音频编解码器: 未知
分类: 黑龙江, 名称: 五大连池综合, 有效: 0, IPv4: 1, IPv6: 0, 最小延迟: -1 ms, 最高速率: 0.00 M/s, 平均速率: 0.00 M/s, 最高分辨率: None, 平均帧率: 未知, 视频编解码器: 未知, 音频编解码器: 未知
分类: 黑龙江, 名称: 呼玛综合, 有效: 0, IPv4: 2, IPv6: 0, 最小延迟: -1 ms, 最高速率: 0.00 M/s, 平均速率: 0.00 M/s, 最高分辨率: None, 平均帧率: 未知, 视频编解码器: 未知, 音频编解码器: 未知
分类: 辽宁, 名称: 辽宁北方, 有效: 0, IPv4: 1, IPv6: 0, 最小延迟: -1 ms, 最高速率: 0.00 M/s, 平均速率: 0.00 M/s, 最高分辨率: None, 平均帧率: 未知, 视频编解码器: 未知, 音频编解码器: 未知
分类: 黑龙江, 名称: 塔河综合, 有效: 0, IPv4: 2, IPv6: 0, 最小延迟: -1 ms, 最高速率: 0.00 M/s, 平均速率: 0.00 M/s, 最高分辨率: None, 平均帧率: 未知, 视频编解码器: 未知, 音频编解码器: 未知
分类: 黑龙江, 名称: 漠河综合, 有效: 0, IPv4: 2, IPv6: 0, 最小延迟: -1 ms, 最高速率: 0.00 M/s, 平均速率: 0.00 M/s, 最高分辨率: None, 平均帧率: 未知, 视频编解码器: 未知, 音频编解码器: 未知
分类: 青海, 名称: 青海综合, 有效: 0, IPv4: 1, IPv6: 0, 最小延迟: -1 ms, 最高速率: 0.00 M/s, 平均速率: 0.00 M/s, 最高分辨率: None, 平均帧率: 未知, 视频编解码器: 未知, 音频编解码器: 未知
分类: 青海, 名称: 青海都市, 有效: 1, IPv4: 3, IPv6: 0, 最小延迟: 553 ms, 最高速率: 0.82 M/s, 平均速率: 0.82 M/s, 最高分辨率: 1920x1080, 平均帧率: 未知, 视频编解码器: 未知, 音频编解码器: 未知
分类: 青海, 名称: 青海经视, 有效: 1, IPv4: 4, IPv6: 0, 最小延迟: 552 ms, 最高速率: 0.85 M/s, 平均速率: 0.85 M/s, 最高分辨率: 1920x1080, 平均帧率: 未知, 视频编解码器: 未知, 音频编解码器: 未知
分类: 辽宁, 名称: 锦州新闻, 有效: 1, IPv4: 3, IPv6: 0, 最小延迟: 5147 ms, 最高速率: 0.35 M/s, 平均速率: 0.35 M/s, 最高分辨率: 1920x1080, 平均帧率: 未知, 视频编解码器: 未知, 音频编解码器: 未知
分类: 青海, 名称: 安多卫视, 有效: 1, IPv4: 6, IPv6: 0, 最小延迟: 559 ms, 最高速率: 0.79 M/s, 平均速率: 0.79 M/s, 最高分辨率: 1920x1080, 平均帧率: 未知, 视频编解码器: 未知, 音频编解码器: 未知
分类: 青海, 名称: 西宁生活服务, 有效: 0, IPv4: 1, IPv6: 0, 最小延迟: 552 ms, 最高速率: 0.00 M/s, 平均速率: 0.00 M/s, 最高分辨率: None, 平均帧率: 未知, 视频编解码器: 未知, 音频编解码器: 未知
分类: 青海, 名称: 西宁新闻综合, 有效: 1, IPv4: 2, IPv6: 0, 最小延迟: 569 ms, 最高速率: 0.88 M/s, 平均速率: 0.88 M/s, 最高分辨率: 1920x1080, 平均帧率: 未知, 视频编解码器: 未知, 音频编解码器: 未知
分类: 青海, 名称: 大通电视台, 有效: 0, IPv4: 2, IPv6: 0, 最小延迟: -1 ms, 最高速率: 0.00 M/s, 平均速率: 0.00 M/s, 最高分辨率: None, 平均帧率: 未知, 视频编解码器: 未知, 音频编解码器: 未知
分类: 青海, 名称: 海东综合, 有效: 0, IPv4: 2, IPv6: 0, 最小延迟: 579 ms, 最高速率: 0.90 M/s, 平均速率: 0.00 M/s, 最高分辨率: None, 平均帧率: 未知, 视频编解码器: 未知, 音频编解码器: 未知
分类: 青海, 名称: 湟中电视台, 有效: 0, IPv4: 1, IPv6: 0, 最小延迟: -1 ms, 最高速率: 0.00 M/s, 平均速率: 0.00 M/s, 最高分辨率: None, 平均帧率: 未知, 视频编解码器: 未知, 音频编解码器: 未知
分类: 青海, 名称: 民和综合, 有效: 0, IPv4: 2, IPv6: 0, 最小延迟: -1 ms, 最高速率: 0.00 M/s, 平均速率: 0.00 M/s, 最高分辨率: None, 平均帧率: 未知, 视频编解码器: 未知, 音频编解码器: 未知
分类: 青海, 名称: 化隆综合, 有效: 0, IPv4: 1, IPv6: 0, 最小延迟: -1 ms, 最高速率: 0.00 M/s, 平均速率: 0.00 M/s, 最高分辨率: None, 平均帧率: 未知, 视频编解码器: 未知, 音频编解码器: 未知
分类: 青海, 名称: 海西综合, 有效: 1, IPv4: 2, IPv6: 0, 最小延迟: 536 ms, 最高速率: 0.25 M/s, 平均速率: 0.25 M/s, 最高分辨率: 1920x1080, 平均帧率: 未知, 视频编解码器: 未知, 音频编解码器: 未知
分类: 青海, 名称: 门源综合, 有效: 0, IPv4: 2, IPv6: 0, 最小延迟: -1 ms, 最高速率: 0.00 M/s, 平均速率: 0.00 M/s, 最高分辨率: None, 平均帧率: 未知, 视频编解码器: 未知, 音频编解码器: 未知
分类: 青海, 名称: 海北综合, 有效: 2, IPv4: 4, IPv6: 0, 最小延迟: 542 ms, 最高速率: 0.89 M/s, 平均速率: 0.86 M/s, 最高分辨率: 1920x1080, 平均帧率: 未知, 视频编解码器: 未知, 音频编解码器: 未知
分类: 青海, 名称: 祁连综合, 有效: 0, IPv4: 1, IPv6: 0, 最小延迟: -1 ms, 最高速率: 0.00 M/s, 平均速率: 0.00 M/s, 最高分辨率: None, 平均帧率: 未知, 视频编解码器: 未知, 音频编解码器: 未知
分类: 青海, 名称: 贵南综合, 有效: 0, IPv4: 1, IPv6: 0, 最小延迟: -1 ms, 最高速率: 0.00 M/s, 平均速率: 0.00 M/s, 最高分辨率: None, 平均帧率: 未知, 视频编解码器: 未知, 音频编解码器: 未知
分类: 青海, 名称: 兴海综合, 有效: 0, IPv4: 1, IPv6: 0, 最小延迟: -1 ms, 最高速率: 0.00 M/s, 平均速率: 0.00 M/s, 最高分辨率: None, 平均帧率: 未知, 视频编解码器: 未知, 音频编解码器: 未知
分类: 青海, 名称: 乌兰综合, 有效: 1, IPv4: 3, IPv6: 0, 最小延迟: 2256 ms, 最高速率: 0.51 M/s, 平均速率: 0.51 M/s, 最高分辨率: 1920x1080, 平均帧率: 未知, 视频编解码器: 未知, 音频编解码器: 未知
分类: 甘肃, 名称: 甘肃少儿, 有效: 0, IPv4: 1, IPv6: 0, 最小延迟: -1 ms, 最高速率: 0.00 M/s, 平均速率: 0.00 M/s, 最高分辨率: 1920x1080, 平均帧率: 未知, 视频编解码器: 未知, 音频编解码器: 未知
分类: 甘肃, 名称: 兰州新闻综合, 有效: 1, IPv4: 3, IPv6: 0, 最小延迟: 3207 ms, 最高速率: 0.22 M/s, 平均速率: 0.22 M/s, 最高分辨率: 1920x1080, 平均帧率: 未知, 视频编解码器: 未知, 音频编解码器: 未知
分类: 甘肃, 名称: 白银综合, 有效: 3, IPv4: 3, IPv6: 0, 最小延迟: 2388 ms, 最高速率: 0.81 M/s, 平均速率: 0.78 M/s, 最高分辨率: 1920x1080, 平均帧率: 未知, 视频编解码器: 未知, 音频编解码器: 未知
分类: 青海, 名称: 久治综合, 有效: 1, IPv4: 2, IPv6: 0, 最小延迟: 567 ms, 最高速率: 0.80 M/s, 平均速率: 0.80 M/s, 最高分辨率: 1920x1080, 平均帧率: 未知, 视频编解码器: 未知, 音频编解码器: 未知
分类: 甘肃, 名称: 武威新闻, 有效: 0, IPv4: 1, IPv6: 0, 最小延迟: -1 ms, 最高速率: 0.00 M/s, 平均速率: 0.00 M/s, 最高分辨率: None, 平均帧率: 未知, 视频编解码器: 未知, 音频编解码器: 未知
分类: 甘肃, 名称: 嘉峪关综合, 有效: 1, IPv4: 2, IPv6: 0, 最小延迟: 2242 ms, 最高速率: 0.54 M/s, 平均速率: 0.54 M/s, 最高分辨率: 1920x1080, 平均帧率: 未知, 视频编解码器: 未知, 音频编解码器: 未知
分类: 甘肃, 名称: 酒泉新闻, 有效: 0, IPv4: 2, IPv6: 0, 最小延迟: -1 ms, 最高速率: 0.00 M/s, 平均速率: 0.00 M/s, 最高分辨率: None, 平均帧率: 未知, 视频编解码器: 未知, 音频编解码器: 未知
分类: 甘肃, 名称: 张掖新闻, 有效: 3, IPv4: 3, IPv6: 0, 最小延迟: 2670 ms, 最高速率: 0.60 M/s, 平均速率: 0.46 M/s, 最高分辨率: 1920x1080, 平均帧率: 未知, 视频编解码器: 未知, 音频编解码器: 未知
分类: 甘肃, 名称: 临夏综合, 有效: 0, IPv4: 1, IPv6: 0, 最小延迟: -1 ms, 最高速率: 0.00 M/s, 平均速率: 0.00 M/s, 最高分辨率: None, 平均帧率: 未知, 视频编解码器: 未知, 音频编解码器: 未知
分类: 甘肃, 名称: 庆阳新闻, 有效: 0, IPv4: 2, IPv6: 0, 最小延迟: -1 ms, 最高速率: 0.00 M/s, 平均速率: 0.00 M/s, 最高分辨率: None, 平均帧率: 未知, 视频编解码器: 未知, 音频编解码器: 未知
分类: 甘肃, 名称: 天祝综合, 有效: 1, IPv4: 1, IPv6: 0, 最小延迟: 2342 ms, 最高速率: 0.54 M/s, 平均速率: 0.54 M/s, 最高分辨率: 1920x1080, 平均帧率: 未知, 视频编解码器: 未知, 音频编解码器: 未知
分类: 甘肃, 名称: 定西综合, 有效: 0, IPv4: 2, IPv6: 0, 最小延迟: -1 ms, 最高速率: 0.00 M/s, 平均速率: 0.00 M/s, 最高分辨率: None, 平均帧率: 未知, 视频编解码器: 未知, 音频编解码器: 未知
分类: 甘肃, 名称: 陇南综合, 有效: 0, IPv4: 2, IPv6: 0, 最小延迟: -1 ms, 最高速率: 0.00 M/s, 平均速率: 0.00 M/s, 最高分辨率: None, 平均帧率: 未知, 视频编解码器: 未知, 音频编解码器: 未知
分类: 甘肃, 名称: 会宁综合, 有效: 0, IPv4: 1, IPv6: 0, 最小延迟: -1 ms, 最高速率: 0.00 M/s, 平均速率: 0.00 M/s, 最高分辨率: None, 平均帧率: 未知, 视频编解码器: 未知, 音频编解码器: 未知
分类: 甘肃, 名称: 秦安综合, 有效: 0, IPv4: 1, IPv6: 0, 最小延迟: -1 ms, 最高速率: 0.00 M/s, 平均速率: 0.00 M/s, 最高分辨率: None, 平均帧率: 未知, 视频编解码器: 未知, 音频编解码器: 未知
分类: 甘肃, 名称: 靖远综合, 有效: 0, IPv4: 2, IPv6: 0, 最小延迟: -1 ms, 最高速率: 0.00 M/s, 平均速率: 0.00 M/s, 最高分辨率: None, 平均帧率: 未知, 视频编解码器: 未知, 音频编解码器: 未知
分类: 甘肃, 名称: 清水综合, 有效: 0, IPv4: 1, IPv6: 0, 最小延迟: -1 ms, 最高速率: 0.00 M/s, 平均速率: 0.00 M/s, 最高分辨率: None, 平均帧率: 未知, 视频编解码器: 未知, 音频编解码器: 未知
分类: 甘肃, 名称: 景泰综合, 有效: 0, IPv4: 1, IPv6: 0, 最小延迟: -1 ms, 最高速率: 0.00 M/s, 平均速率: 0.00 M/s, 最高分辨率: None, 平均帧率: 未知, 视频编解码器: 未知, 音频编解码器: 未知
分类: 甘肃, 名称: 西峰综合, 有效: 1, IPv4: 1, IPv6: 0, 最小延迟: 2602 ms, 最高速率: 0.39 M/s, 平均速率: 0.39 M/s, 最高分辨率: 1280x720, 平均帧率: 未知, 视频编解码器: 未知, 音频编解码器: 未知
分类: 甘肃, 名称: 庄浪综合, 有效: 0, IPv4: 1, IPv6: 0, 最小延迟: -1 ms, 最高速率: 0.00 M/s, 平均速率: 0.00 M/s, 最高分辨率: None, 平均帧率: 未知, 视频编解码器: 未知, 音频编解码器: 未知
分类: 甘肃, 名称: 静宁综合, 有效: 0, IPv4: 2, IPv6: 0, 最小延迟: -1 ms, 最高速率: 0.00 M/s, 平均速率: 0.00 M/s, 最高分辨率: None, 平均帧率: 未知, 视频编解码器: 未知, 音频编解码器: 未知
分类: 甘肃, 名称: 陇西综合, 有效: 0, IPv4: 1, IPv6: 0, 最小延迟: -1 ms, 最高速率: 0.00 M/s, 平均速率: 0.00 M/s, 最高分辨率: None, 平均帧率: 未知, 视频编解码器: 未知, 音频编解码器: 未知
分类: 云南, 名称: 昆明新闻综合, 有效: 0, IPv4: 1, IPv6: 0, 最小延迟: -1 ms, 最高速率: 0.00 M/s, 平均速率: 0.00 M/s, 最高分辨率: None, 平均帧率: 未知, 视频编解码器: 未知, 音频编解码器: 未知
分类: 云南, 名称: 昆明科学教育, 有效: 0, IPv4: 1, IPv6: 0, 最小延迟: -1 ms, 最高速率: 0.00 M/s, 平均速率: 0.00 M/s, 最高分辨率: None, 平均帧率: 未知, 视频编解码器: 未知, 音频编解码器: 未知
分类: 甘肃, 名称: 岷县综合, 有效: 0, IPv4: 2, IPv6: 0, 最小延迟: -1 ms, 最高速率: 0.00 M/s, 平均速率: 0.00 M/s, 最高分辨率: None, 平均帧率: 未知, 视频编解码器: 未知, 音频编解码器: 未知
分类: 甘肃, 名称: 渭源综合, 有效: 1, IPv4: 2, IPv6: 0, 最小延迟: 3513 ms, 最高速率: 0.65 M/s, 平均速率: 0.65 M/s, 最高分辨率: 1920x1080, 平均帧率: 未知, 视频编解码器: 未知, 音频编解码器: 未知
分类: 云南, 名称: 昆明经济生活, 有效: 0, IPv4: 2, IPv6: 0, 最小延迟: -1 ms, 最高速率: 0.00 M/s, 平均速率: 0.00 M/s, 最高分辨率: None, 平均帧率: 未知, 视频编解码器: 未知, 音频编解码器: 未知
分类: 云南, 名称: 昆明影综艺, 有效: 0, IPv4: 1, IPv6: 0, 最小延迟: -1 ms, 最高速率: 0.00 M/s, 平均速率: 0.00 M/s, 最高分辨率: None, 平均帧率: 未知, 视频编解码器: 未知, 音频编解码器: 未知
分类: 云南, 名称: 曲靖新闻, 有效: 0, IPv4: 1, IPv6: 0, 最小延迟: -1 ms, 最高速率: 0.00 M/s, 平均速率: 0.00 M/s, 最高分辨率: None, 平均帧率: 未知, 视频编解码器: 未知, 音频编解码器: 未知
分类: 甘肃, 名称: 成县综合, 有效: 0, IPv4: 1, IPv6: 0, 最小延迟: -1 ms, 最高速率: 0.00 M/s, 平均速率: 0.00 M/s, 最高分辨率: None, 平均帧率: 未知, 视频编解码器: 未知, 音频编解码器: 未知
分类: 甘肃, 名称: 舟曲综合, 有效: 0, IPv4: 1, IPv6: 0, 最小延迟: -1 ms, 最高速率: 0.00 M/s, 平均速率: 0.00 M/s, 最高分辨率: None, 平均帧率: 未知, 视频编解码器: 未知, 音频编解码器: 未知
分类: 云南, 名称: 保山新闻, 有效: 1, IPv4: 1, IPv6: 0, 最小延迟: 2161 ms, 最高速率: 0.28 M/s, 平均速率: 0.28 M/s, 最高分辨率: 1920x1080, 平均帧率: 未知, 视频编解码器: 未知, 音频编解码器: 未知
分类: 云南, 名称: 普洱新闻, 有效: 0, IPv4: 1, IPv6: 0, 最小延迟: -1 ms, 最高速率: 0.00 M/s, 平均速率: 0.00 M/s, 最高分辨率: None, 平均帧率: 未知, 视频编解码器: 未知, 音频编解码器: 未知
分类: 云南, 名称: 丽江新闻, 有效: 3, IPv4: 4, IPv6: 0, 最小延迟: 2932 ms, 最高速率: 0.42 M/s, 平均速率: 0.30 M/s, 最高分辨率: 1920x1080, 平均帧率: 未知, 视频编解码器: 未知, 音频编解码器: 未知
分类: 云南, 名称: 昭通新闻, 有效: 1, IPv4: 2, IPv6: 0, 最小延迟: 2056 ms, 最高速率: 0.31 M/s, 平均速率: 0.31 M/s, 最高分辨率: 1920x1080, 平均帧率: 25.00, 视频编解码器: h264, 音频编解码器: aac
分类: 云南, 名称: 临沧新闻, 有效: 2, IPv4: 4, IPv6: 0, 最小延迟: 1998 ms, 最高速率: 0.21 M/s, 平均速率: 0.20 M/s, 最高分辨率: 1280x720, 平均帧率: 未知, 视频编解码器: 未知, 音频编解码器: 未知
分类: 云南, 名称: 红河新闻, 有效: 1, IPv4: 1, IPv6: 0, 最小延迟: 1790 ms, 最高速率: 0.18 M/s, 平均速率: 0.18 M/s, 最高分辨率: 1280x720, 平均帧率: 未知, 视频编解码器: 未知, 音频编解码器: 未知
分类: 云南, 名称: 文山新闻, 有效: 1, IPv4: 1, IPv6: 0, 最小延迟: 3623 ms, 最高速率: 0.21 M/s, 平均速率: 0.21 M/s, 最高分辨率: 1920x1080, 平均帧率: 未知, 视频编解码器: 未知, 音频编解码器: 未知
分类: 云南, 名称: 楚雄新闻, 有效: 2, IPv4: 2, IPv6: 0, 最小延迟: 545 ms, 最高速率: 0.44 M/s, 平均速率: 0.39 M/s, 最高分辨率: 1920x1080, 平均帧率: 未知, 视频编解码器: 未知, 音频编解码器: 未知
分类: 云南, 名称: 大理新闻, 有效: 1, IPv4: 1, IPv6: 0, 最小延迟: 2119 ms, 最高速率: 0.28 M/s, 平均速率: 0.28 M/s, 最高分辨率: 1920x1080, 平均帧率: 未知, 视频编解码器: 未知, 音频编解码器: 未知
分类: 云南, 名称: 怒江新闻, 有效: 0, IPv4: 1, IPv6: 0, 最小延迟: 2598 ms, 最高速率: 0.17 M/s, 平均速率: 0.00 M/s, 最高分辨率: 1920x1080, 平均帧率: 未知, 视频编解码器: 未知, 音频编解码器: 未知
分类: 云南, 名称: 香格里拉综合, 有效: 0, IPv4: 1, IPv6: 0, 最小延迟: -1 ms, 最高速率: 0.00 M/s, 平均速率: 0.00 M/s, 最高分辨率: 1920x1080, 平均帧率: 未知, 视频编解码器: 未知, 音频编解码器: 未知
分类: 云南, 名称: 芒市综合, 有效: 0, IPv4: 1, IPv6: 0, 最小延迟: -1 ms, 最高速率: 0.00 M/s, 平均速率: 0.00 M/s, 最高分辨率: None, 平均帧率: 未知, 视频编解码器: 未知, 音频编解码器: 未知
分类: 云南, 名称: 迪庆新闻, 有效: 1, IPv4: 2, IPv6: 0, 最小延迟: 3697 ms, 最高速率: 0.28 M/s, 平均速率: 0.28 M/s, 最高分辨率: 1920x1080, 平均帧率: 未知, 视频编解码器: 未知, 音频编解码器: 未知
分类: 云南, 名称: 易门综合, 有效: 0, IPv4: 1, IPv6: 0, 最小延迟: -1 ms, 最高速率: 0.00 M/s, 平均速率: 0.00 M/s, 最高分辨率: 1920x1080, 平均帧率: 未知, 视频编解码器: 未知, 音频编解码器: 未知
分类: 云南, 名称: 泸水综合, 有效: 1, IPv4: 1, IPv6: 0, 最小延迟: 5013 ms, 最高速率: 0.70 M/s, 平均速率: 0.70 M/s, 最高分辨率: 1920x1080, 平均帧率: 未知, 视频编解码器: 未知, 音频编解码器: 未知
分类: 云南, 名称: 通海综合, 有效: 1, IPv4: 1, IPv6: 0, 最小延迟: 3398 ms, 最高速率: 0.39 M/s, 平均速率: 0.39 M/s, 最高分辨率: 1920x1080, 平均帧率: 未知, 视频编解码器: 未知, 音频编解码器: 未知
分类: 云南, 名称: 江川综合, 有效: 1, IPv4: 1, IPv6: 0, 最小延迟: 3578 ms, 最高速率: 0.60 M/s, 平均速率: 0.60 M/s, 最高分辨率: 1280x720, 平均帧率: 未知, 视频编解码器: 未知, 音频编解码器: 未知
分类: 云南, 名称: 新平综合, 有效: 0, IPv4: 1, IPv6: 0, 最小延迟: -1 ms, 最高速率: 0.00 M/s, 平均速率: 0.00 M/s, 最高分辨率: None, 平均帧率: 未知, 视频编解码器: 未知, 音频编解码器: 未知
分类: 云南, 名称: 西双版纳综合, 有效: 0, IPv4: 3, IPv6: 0, 最小延迟: 1916 ms, 最高速率: 0.00 M/s, 平均速率: 0.00 M/s, 最高分辨率: 1920x1080, 平均帧率: 未知, 视频编解码器: 未知, 音频编解码器: 未知
分类: 云南, 名称: 绥江综合, 有效: 0, IPv4: 1, IPv6: 0, 最小延迟: 548 ms, 最高速率: 0.00 M/s, 平均速率: 0.00 M/s, 最高分辨率: 1920x1080, 平均帧率: 未知, 视频编解码器: 未知, 音频编解码器: 未知
分类: 云南, 名称: 元江综合, 有效: 1, IPv4: 1, IPv6: 0, 最小延迟: 2494 ms, 最高速率: 0.35 M/s, 平均速率: 0.35 M/s, 最高分辨率: 1920x1080, 平均帧率: 未知, 视频编解码器: 未知, 音频编解码器: 未知
分类: 云南, 名称: 彝良综合, 有效: 0, IPv4: 1, IPv6: 0, 最小延迟: -1 ms, 最高速率: 0.00 M/s, 平均速率: 0.00 M/s, 最高分辨率: None, 平均帧率: 未知, 视频编解码器: 未知, 音频编解码器: 未知
分类: 云南, 名称: 绿春综合, 有效: 0, IPv4: 1, IPv6: 0, 最小延迟: -1 ms, 最高速率: 0.00 M/s, 平均速率: 0.00 M/s, 最高分辨率: None, 平均帧率: 未知, 视频编解码器: 未知, 音频编解码器: 未知
分类: 云南, 名称: 华坪综合, 有效: 0, IPv4: 1, IPv6: 0, 最小延迟: -1 ms, 最高速率: 0.00 M/s, 平均速率: 0.00 M/s, 最高分辨率: None, 平均帧率: 未知, 视频编解码器: 未知, 音频编解码器: 未知
分类: 云南, 名称: 麻栗坡综合, 有效: 0, IPv4: 1, IPv6: 0, 最小延迟: -1 ms, 最高速率: 0.00 M/s, 平均速率: 0.00 M/s, 最高分辨率: None, 平均帧率: 未知, 视频编解码器: 未知, 音频编解码器: 未知
分类: 云南, 名称: 丘北综合, 有效: 0, IPv4: 1, IPv6: 0, 最小延迟: -1 ms, 最高速率: 0.00 M/s, 平均速率: 0.00 M/s, 最高分辨率: None, 平均帧率: 未知, 视频编解码器: 未知, 音频编解码器: 未知
分类: 云南, 名称: 马关综合, 有效: 1, IPv4: 1, IPv6: 0, 最小延迟: 2507 ms, 最高速率: 0.28 M/s, 平均速率: 0.28 M/s, 最高分辨率: 1920x1080, 平均帧率: 未知, 视频编解码器: 未知, 音频编解码器: 未知
分类: 云南, 名称: 巍山综合, 有效: 0, IPv4: 1, IPv6: 0, 最小延迟: 2469 ms, 最高速率: 0.18 M/s, 平均速率: 0.00 M/s, 最高分辨率: 1920x1080, 平均帧率: 未知, 视频编解码器: 未知, 音频编解码器: 未知
分类: 云南, 名称: 陇川综合, 有效: 0, IPv4: 1, IPv6: 0, 最小延迟: -1 ms, 最高速率: 0.00 M/s, 平均速率: 0.00 M/s, 最高分辨率: None, 平均帧率: 未知, 视频编解码器: 未知, 音频编解码器: 未知
分类: 云南, 名称: 洱源综合, 有效: 1, IPv4: 1, IPv6: 0, 最小延迟: 2502 ms, 最高速率: 0.22 M/s, 平均速率: 0.22 M/s, 最高分辨率: 1920x1080, 平均帧率: 未知, 视频编解码器: 未知, 音频编解码器: 未知
分类: 云南, 名称: 云龙综合, 有效: 1, IPv4: 1, IPv6: 0, 最小延迟: 2754 ms, 最高速率: 0.35 M/s, 平均速率: 0.35 M/s, 最高分辨率: 1920x1080, 平均帧率: 未知, 视频编解码器: 未知, 音频编解码器: 未知
分类: 云南, 名称: 福贡综合, 有效: 0, IPv4: 1, IPv6: 0, 最小延迟: -1 ms, 最高速率: 0.00 M/s, 平均速率: 0.00 M/s, 最高分辨率: None, 平均帧率: 未知, 视频编解码器: 未知, 音频编解码器: 未知
分类: 云南, 名称: 贡山综合, 有效: 0, IPv4: 1, IPv6: 0, 最小延迟: -1 ms, 最高速率: 0.00 M/s, 平均速率: 0.00 M/s, 最高分辨率: None, 平均帧率: 未知, 视频编解码器: 未知, 音频编解码器: 未知
分类: 内蒙古, 名称: 内蒙古文体娱乐, 有效: 0, IPv4: 1, IPv6: 0, 最小延迟: -1 ms, 最高速率: 0.00 M/s, 平均速率: 0.00 M/s, 最高分辨率: None, 平均帧率: 未知, 视频编解码器: 未知, 音频编解码器: 未知
分类: 内蒙古, 名称: 内蒙古蒙语卫视, 有效: 0, IPv4: 1, IPv6: 0, 最小延迟: -1 ms, 最高速率: 0.00 M/s, 平均速率: 0.00 M/s, 最高分辨率: None, 平均帧率: 未知, 视频编解码器: 未知, 音频编解码器: 未知
分类: 内蒙古, 名称: 内蒙古经济生活, 有效: 0, IPv4: 1, IPv6: 0, 最小延迟: -1 ms, 最高速率: 0.00 M/s, 平均速率: 0.00 M/s, 最高分辨率: None, 平均帧率: 未知, 视频编解码器: 未知, 音频编解码器: 未知
分类: 内蒙古, 名称: 内蒙古农牧, 有效: 0, IPv4: 1, IPv6: 0, 最小延迟: -1 ms, 最高速率: 0.00 M/s, 平均速率: 0.00 M/s, 最高分辨率: None, 平均帧率: 未知, 视频编解码器: 未知, 音频编解码器: 未知
分类: 西藏, 名称: 西藏藏语卫视, 有效: 1, IPv4: 1, IPv6: 0, 最小延迟: 2376 ms, 最高速率: 0.36 M/s, 平均速率: 0.36 M/s, 最高分辨率: 1920x1080, 平均帧率: 未知, 视频编解码器: 未知, 音频编解码器: 未知
分类: 内蒙古, 名称: 内蒙古少儿, 有效: 0, IPv4: 1, IPv6: 0, 最小延迟: -1 ms, 最高速率: 0.00 M/s, 平均速率: 0.00 M/s, 最高分辨率: None, 平均帧率: 未知, 视频编解码器: 未知, 音频编解码器: 未知
分类: 内蒙古, 名称: 呼和浩特新闻综合, 有效: 0, IPv4: 1, IPv6: 0, 最小延迟: -1 ms, 最高速率: 0.00 M/s, 平均速率: 0.00 M/s, 最高分辨率: None, 平均帧率: 未知, 视频编解码器: 未知, 音频编解码器: 未知
分类: 内蒙古, 名称: 包头新闻综合, 有效: 1, IPv4: 3, IPv6: 0, 最小延迟: 280 ms, 最高速率: 0.43 M/s, 平均速率: 0.43 M/s, 最高分辨率: 1920x1080, 平均帧率: 未知, 视频编解码器: 未知, 音频编解码器: 未知
分类: 内蒙古, 名称: 乌海新闻综合, 有效: 1, IPv4: 1, IPv6: 0, 最小延迟: 2325 ms, 最高速率: 0.45 M/s, 平均速率: 0.45 M/s, 最高分辨率: 1920x1080, 平均帧率: 未知, 视频编解码器: 未知, 音频编解码器: 未知
分类: 西藏, 名称: 日喀则藏语, 有效: 0, IPv4: 1, IPv6: 0, 最小延迟: 10382 ms, 最高速率: 0.03 M/s, 平均速率: 0.00 M/s, 最高分辨率: 1920x1080, 平均帧率: 未知, 视频编解码器: 未知, 音频编解码器: 未知
分类: 西藏, 名称: 日喀则综合, 有效: 0, IPv4: 1, IPv6: 0, 最小延迟: 10426 ms, 最高速率: 0.04 M/s, 平均速率: 0.00 M/s, 最高分辨率: 1920x1080, 平均帧率: 未知, 视频编解码器: 未知, 音频编解码器: 未知
分类: 内蒙古, 名称: 赤峰新闻综合, 有效: 1, IPv4: 2, IPv6: 0, 最小延迟: 4462 ms, 最高速率: 0.31 M/s, 平均速率: 0.31 M/s, 最高分辨率: 1920x1080, 平均帧率: 未知, 视频编解码器: 未知, 音频编解码器: 未知
分类: 内蒙古, 名称: 通辽新闻综合, 有效: 1, IPv4: 4, IPv6: 0, 最小延迟: 277 ms, 最高速率: 0.42 M/s, 平均速率: 0.42 M/s, 最高分辨率: 1920x1080, 平均帧率: 未知, 视频编解码器: 未知, 音频编解码器: 未知
分类: 内蒙古, 名称: 巴彦淖尔新闻综合, 有效: 0, IPv4: 1, IPv6: 0, 最小延迟: -1 ms, 最高速率: 0.00 M/s, 平均速率: 0.00 M/s, 最高分辨率: None, 平均帧率: 未知, 视频编解码器: 未知, 音频编解码器: 未知
分类: 内蒙古, 名称: 鄂尔多斯新闻综合, 有效: 1, IPv4: 5, IPv6: 0, 最小延迟: 314 ms, 最高速率: 0.61 M/s, 平均速率: 0.61 M/s, 最高分辨率: 1920x1080, 平均帧率: 未知, 视频编解码器: 未知, 音频编解码器: 未知
分类: 内蒙古, 名称: 乌兰察布新闻综合, 有效: 0, IPv4: 2, IPv6: 0, 最小延迟: -1 ms, 最高速率: 0.00 M/s, 平均速率: 0.00 M/s, 最高分辨率: 1920x1080, 平均帧率: 未知, 视频编解码器: 未知, 音频编解码器: 未知
分类: 内蒙古, 名称: 兴安新闻综合, 有效: 1, IPv4: 3, IPv6: 0, 最小延迟: 280 ms, 最高速率: 0.56 M/s, 平均速率: 0.56 M/s, 最高分辨率: 1920x1080, 平均帧率: 未知, 视频编解码器: 未知, 音频编解码器: 未知
分类: 内蒙古, 名称: 锡林郭勒新闻综合, 有效: 1, IPv4: 3, IPv6: 0, 最小延迟: 267 ms, 最高速率: 0.42 M/s, 平均速率: 0.42 M/s, 最高分辨率: 1920x1080, 平均帧率: 未知, 视频编解码器: 未知, 音频编解码器: 未知
分类: 内蒙古, 名称: 阿拉善新闻综合, 有效: 1, IPv4: 2, IPv6: 0, 最小延迟: 346 ms, 最高速率: 0.52 M/s, 平均速率: 0.52 M/s, 最高分辨率: 1920x1080, 平均帧率: 未知, 视频编解码器: 未知, 音频编解码器: 未知
分类: 贵州, 名称: 贵州公共, 有效: 1, IPv4: 3, IPv6: 0, 最小延迟: 858 ms, 最高速率: 0.31 M/s, 平均速率: 0.31 M/s, 最高分辨率: 1920x1080, 平均帧率: 未知, 视频编解码器: 未知, 音频编解码器: 未知
分类: 贵州, 名称: 贵州影视, 有效: 1, IPv4: 1, IPv6: 0, 最小延迟: 1542 ms, 最高速率: 0.28 M/s, 平均速率: 0.28 M/s, 最高分辨率: 1920x1080, 平均帧率: 未知, 视频编解码器: 未知, 音频编解码器: 未知
分类: 贵州, 名称: 贵阳新闻综合, 有效: 1, IPv4: 2, IPv6: 0, 最小延迟: 918 ms, 最高速率: 0.31 M/s, 平均速率: 0.31 M/s, 最高分辨率: 1920x1080, 平均帧率: 未知, 视频编解码器: 未知, 音频编解码器: 未知
分类: 贵州, 名称: 贵州科教, 有效: 1, IPv4: 1, IPv6: 0, 最小延迟: 578 ms, 最高速率: 0.33 M/s, 平均速率: 0.33 M/s, 最高分辨率: 1920x1080, 平均帧率: 未知, 视频编解码器: 未知, 音频编解码器: 未知
分类: 贵州, 名称: 六盘水新闻, 有效: 1, IPv4: 5, IPv6: 0, 最小延迟: 518 ms, 最高速率: 0.27 M/s, 平均速率: 0.27 M/s, 最高分辨率: 1920x1080, 平均帧率: 未知, 视频编解码器: 未知, 音频编解码器: 未知
分类: 贵州, 名称: 毕节新闻, 有效: 1, IPv4: 3, IPv6: 0, 最小延迟: 522 ms, 最高速率: 0.30 M/s, 平均速率: 0.30 M/s, 最高分辨率: 1920x1080, 平均帧率: 未知, 视频编解码器: 未知, 音频编解码器: 未知
分类: 贵州, 名称: 遵义新闻, 有效: 1, IPv4: 3, IPv6: 0, 最小延迟: 514 ms, 最高速率: 0.33 M/s, 平均速率: 0.33 M/s, 最高分辨率: 1920x1080, 平均帧率: 未知, 视频编解码器: 未知, 音频编解码器: 未知
分类: 贵州, 名称: 安顺新闻, 有效: 1, IPv4: 3, IPv6: 0, 最小延迟: 543 ms, 最高速率: 0.31 M/s, 平均速率: 0.31 M/s, 最高分辨率: 1920x1080, 平均帧率: 未知, 视频编解码器: 未知, 音频编解码器: 未知
分类: 贵州, 名称: 黔东南新闻, 有效: 1, IPv4: 2, IPv6: 0, 最小延迟: 844 ms, 最高速率: 0.34 M/s, 平均速率: 0.34 M/s, 最高分辨率: 1920x1080, 平均帧率: 未知, 视频编解码器: 未知, 音频编解码器: 未知
分类: 贵州, 名称: 凤冈综合, 有效: 0, IPv4: 1, IPv6: 0, 最小延迟: -1 ms, 最高速率: 0.00 M/s, 平均速率: 0.00 M/s, 最高分辨率: None, 平均帧率: 未知, 视频编解码器: 未知, 音频编解码器: 未知
分类: 贵州, 名称: 黔南新闻, 有效: 1, IPv4: 5, IPv6: 0, 最小延迟: 575 ms, 最高速率: 0.31 M/s, 平均速率: 0.31 M/s, 最高分辨率: 1920x1080, 平均帧率: 未知, 视频编解码器: 未知, 音频编解码器: 未知
分类: 贵州, 名称: 七星关综合, 有效: 0, IPv4: 2, IPv6: 0, 最小延迟: -1 ms, 最高速率: 0.00 M/s, 平均速率: 0.00 M/s, 最高分辨率: None, 平均帧率: 未知, 视频编解码器: 未知, 音频编解码器: 未知
分类: 贵州, 名称: 铜仁新闻, 有效: 1, IPv4: 3, IPv6: 0, 最小延迟: 891 ms, 最高速率: 0.32 M/s, 平均速率: 0.32 M/s, 最高分辨率: 1920x1080, 平均帧率: 未知, 视频编解码器: 未知, 音频编解码器: 未知
分类: 贵州, 名称: 凯里综合, 有效: 1, IPv4: 1, IPv6: 0, 最小延迟: 541 ms, 最高速率: 0.32 M/s, 平均速率: 0.32 M/s, 最高分辨率: 1920x1080, 平均帧率: 未知, 视频编解码器: 未知, 音频编解码器: 未知
分类: 贵州, 名称: 石阡综合, 有效: 0, IPv4: 1, IPv6: 0, 最小延迟: -1 ms, 最高速率: 0.00 M/s, 平均速率: 0.00 M/s, 最高分辨率: None, 平均帧率: 未知, 视频编解码器: 未知, 音频编解码器: 未知
分类: 贵州, 名称: 松桃综合, 有效: 0, IPv4: 1, IPv6: 0, 最小延迟: -1 ms, 最高速率: 0.00 M/s, 平均速率: 0.00 M/s, 最高分辨率: None, 平均帧率: 未知, 视频编解码器: 未知, 音频编解码器: 未知
分类: 贵州, 名称: 黔西南新闻, 有效: 0, IPv4: 2, IPv6: 0, 最小延迟: 1581 ms, 最高速率: 0.04 M/s, 平均速率: 0.00 M/s, 最高分辨率: 1920x1080, 平均帧率: 未知, 视频编解码器: 未知, 音频编解码器: 未知
分类: 贵州, 名称: 望谟综合, 有效: 0, IPv4: 1, IPv6: 0, 最小延迟: -1 ms, 最高速率: 0.00 M/s, 平均速率: 0.00 M/s, 最高分辨率: None, 平均帧率: 未知, 视频编解码器: 未知, 音频编解码器: 未知
分类: 贵州, 名称: 三都综合, 有效: 0, IPv4: 1, IPv6: 0, 最小延迟: -1 ms, 最高速率: 0.00 M/s, 平均速率: 0.00 M/s, 最高分辨率: None, 平均帧率: 未知, 视频编解码器: 未知, 音频编解码器: 未知
分类: 贵州, 名称: 思南综合, 有效: 1, IPv4: 1, IPv6: 0, 最小延迟: 530 ms, 最高速率: 0.33 M/s, 平均速率: 0.33 M/s, 最高分辨率: 1920x1080, 平均帧率: 未知, 视频编解码器: 未知, 音频编解码器: 未知
分类: 宁夏, 名称: 宁夏经济, 有效: 0, IPv4: 1, IPv6: 0, 最小延迟: -1 ms, 最高速率: 0.00 M/s, 平均速率: 0.00 M/s, 最高分辨率: None, 平均帧率: 未知, 视频编解码器: 未知, 音频编解码器: 未知
分类: 宁夏, 名称: 宁夏少儿, 有效: 0, IPv4: 1, IPv6: 0, 最小延迟: -1 ms, 最高速率: 0.00 M/s, 平均速率: 0.00 M/s, 最高分辨率: None, 平均帧率: 未知, 视频编解码器: 未知, 音频编解码器: 未知
分类: 宁夏, 名称: 石嘴山综合, 有效: 0, IPv4: 1, IPv6: 0, 最小延迟: -1 ms, 最高速率: 0.00 M/s, 平均速率: 0.00 M/s, 最高分辨率: None, 平均帧率: 未知, 视频编解码器: 未知, 音频编解码器: 未知
分类: 宁夏, 名称: 石嘴山公共, 有效: 0, IPv4: 1, IPv6: 0, 最小延迟: -1 ms, 最高速率: 0.00 M/s, 平均速率: 0.00 M/s, 最高分辨率: None, 平均帧率: 未知, 视频编解码器: 未知, 音频编解码器: 未知
分类: 贵州, 名称: 黔西综合, 有效: 2, IPv4: 3, IPv6: 0, 最小延迟: 610 ms, 最高速率: 0.32 M/s, 平均速率: 0.31 M/s, 最高分辨率: 1920x1080, 平均帧率: 未知, 视频编解码器: 未知, 音频编解码器: 未知
分类: 宁夏, 名称: 吴忠综合, 有效: 0, IPv4: 1, IPv6: 0, 最小延迟: -1 ms, 最高速率: 0.00 M/s, 平均速率: 0.00 M/s, 最高分辨率: None, 平均帧率: 未知, 视频编解码器: 未知, 音频编解码器: 未知
分类: 宁夏, 名称: 吴忠公共, 有效: 0, IPv4: 1, IPv6: 0, 最小延迟: -1 ms, 最高速率: 0.00 M/s, 平均速率: 0.00 M/s, 最高分辨率: None, 平均帧率: 未知, 视频编解码器: 未知, 音频编解码器: 未知
分类: 贵州, 名称: 雷山综合, 有效: 1, IPv4: 2, IPv6: 0, 最小延迟: 524 ms, 最高速率: 0.32 M/s, 平均速率: 0.32 M/s, 最高分辨率: 1920x1080, 平均帧率: 未知, 视频编解码器: 未知, 音频编解码器: 未知
分类: 贵州, 名称: 瓮安综合, 有效: 1, IPv4: 1, IPv6: 0, 最小延迟: 852 ms, 最高速率: 0.32 M/s, 平均速率: 0.32 M/s, 最高分辨率: 1920x1080, 平均帧率: 未知, 视频编解码器: 未知, 音频编解码器: 未知
分类: 新疆, 名称: 克拉玛依新闻, 有效: 0, IPv4: 1, IPv6: 0, 最小延迟: -1 ms, 最高速率: 0.00 M/s, 平均速率: 0.00 M/s, 最高分辨率: None, 平均帧率: 未知, 视频编解码器: 未知, 音频编解码器: 未知
分类: 新疆, 名称: 伊犁新闻, 有效: 3, IPv4: 5, IPv6: 0, 最小延迟: 4795 ms, 最高速率: 0.87 M/s, 平均速率: 0.79 M/s, 最高分辨率: 1920x1080, 平均帧率: 未知, 视频编解码器: 未知, 音频编解码器: 未知
分类: 新疆, 名称: 石河子新闻, 有效: 0, IPv4: 1, IPv6: 0, 最小延迟: -1 ms, 最高速率: 0.00 M/s, 平均速率: 0.00 M/s, 最高分辨率: None, 平均帧率: 未知, 视频编解码器: 未知, 音频编解码器: 未知
分类: 新疆, 名称: 塔城新闻, 有效: 2, IPv4: 2, IPv6: 0, 最小延迟: 4653 ms, 最高速率: 0.61 M/s, 平均速率: 0.56 M/s, 最高分辨率: 1920x1080, 平均帧率: 未知, 视频编解码器: 未知, 音频编解码器: 未知
分类: 新疆, 名称: 可克达拉新闻, 有效: 0, IPv4: 2, IPv6: 0, 最小延迟: -1 ms, 最高速率: 0.00 M/s, 平均速率: 0.00 M/s, 最高分辨率: None, 平均帧率: 未知, 视频编解码器: 未知, 音频编解码器: 未知
分类: 新疆, 名称: 新星新闻, 有效: 0, IPv4: 1, IPv6: 0, 最小延迟: -1 ms, 最高速率: 0.00 M/s, 平均速率: 0.00 M/s, 最高分辨率: None, 平均帧率: 未知, 视频编解码器: 未知, 音频编解码器: 未知
分类: 新疆, 名称: 奎屯综合, 有效: 3, IPv4: 3, IPv6: 0, 最小延迟: 4393 ms, 最高速率: 0.28 M/s, 平均速率: 0.27 M/s, 最高分辨率: 1920x1080, 平均帧率: 未知, 视频编解码器: 未知, 音频编解码器: 未知
分类: 新疆, 名称: 吉木萨尔综合, 有效: 1, IPv4: 1, IPv6: 0, 最小延迟: 5593 ms, 最高速率: 0.62 M/s, 平均速率: 0.62 M/s, 最高分辨率: 1920x1080, 平均帧率: 未知, 视频编解码器: 未知, 音频编解码器: 未知
分类: 新疆, 名称: 沙湾综合, 有效: 1, IPv4: 1, IPv6: 0, 最小延迟: 5352 ms, 最高速率: 0.48 M/s, 平均速率: 0.48 M/s, 最高分辨率: 1280x720, 平均帧率: 未知, 视频编解码器: 未知, 音频编解码器: 未知
分类: 新疆, 名称: 疏附综合, 有效: 0, IPv4: 2, IPv6: 0, 最小延迟: -1 ms, 最高速率: 0.00 M/s, 平均速率: 0.00 M/s, 最高分辨率: None, 平均帧率: 未知, 视频编解码器: 未知, 音频编解码器: 未知
分类: 赛事咪咕, 名称: 赛事咪咕播02, 有效: 1, IPv4: 1, IPv6: 0, 最小延迟: 107 ms, 最高速率: 6.37 M/s, 平均速率: 6.37 M/s, 最高分辨率: 1920x1080, 平均帧率: 未知, 视频编解码器: 未知, 音频编解码器: 未知
分类: 兵团, 名称: 兵团十三师综合, 有效: 0, IPv4: 1, IPv6: 0, 最小延迟: -1 ms, 最高速率: 0.00 M/s, 平均速率: 0.00 M/s, 最高分辨率: None, 平均帧率: 未知, 视频编解码器: 未知, 音频编解码器: 未知
分类: 新疆, 名称: 奇台综合, 有效: 1, IPv4: 1, IPv6: 0, 最小延迟: 10457 ms, 最高速率: 0.40 M/s, 平均速率: 0.40 M/s, 最高分辨率: 1920x1080, 平均帧率: 未知, 视频编解码器: 未知, 音频编解码器: 未知
分类: 兵团, 名称: 兵团十四师综合, 有效: 0, IPv4: 1, IPv6: 0, 最小延迟: -1 ms, 最高速率: 0.00 M/s, 平均速率: 0.00 M/s, 最高分辨率: None, 平均帧率: 未知, 视频编解码器: 未知, 音频编解码器: 未知
分类: 赛事咪咕, 名称: 赛事咪咕播03, 有效: 1, IPv4: 1, IPv6: 0, 最小延迟: 256 ms, 最高速率: 1.87 M/s, 平均速率: 1.87 M/s, 最高分辨率: 1920x1080, 平均帧率: 未知, 视频编解码器: 未知, 音频编解码器: 未知
分类: 赛事咪咕, 名称: 赛事咪咕播05, 有效: 1, IPv4: 1, IPv6: 0, 最小延迟: 82 ms, 最高速率: 6.85 M/s, 平均速率: 6.85 M/s, 最高分辨率: 1280x720, 平均帧率: 未知, 视频编解码器: 未知, 音频编解码器: 未知
分类: 新疆, 名称: 玛纳斯综合, 有效: 0, IPv4: 3, IPv6: 0, 最小延迟: 2990 ms, 最高速率: 0.16 M/s, 平均速率: 0.00 M/s, 最高分辨率: 1920x1080, 平均帧率: 未知, 视频编解码器: 未知, 音频编解码器: 未知
分类: 赛事咪咕, 名称: 赛事咪咕播04, 有效: 0, IPv4: 1, IPv6: 0, 最小延迟: -1 ms, 最高速率: 0.00 M/s, 平均速率: 0.00 M/s, 最高分辨率: None, 平均帧率: 未知, 视频编解码器: 未知, 音频编解码器: 未知
分类: 赛事咪咕, 名称: 赛事咪咕播06, 有效: 0, IPv4: 1, IPv6: 0, 最小延迟: -1 ms, 最高速率: 0.00 M/s, 平均速率: 0.00 M/s, 最高分辨率: None, 平均帧率: 未知, 视频编解码器: 未知, 音频编解码器: 未知
分类: 赛事咪咕, 名称: 赛事咪咕播10, 有效: 0, IPv4: 1, IPv6: 0, 最小延迟: 739 ms, 最高速率: 0.10 M/s, 平均速率: 0.00 M/s, 最高分辨率: 1920x1080, 平均帧率: 未知, 视频编解码器: 未知, 音频编解码器: 未知
分类: 赛事咪咕, 名称: 赛事咪咕播20, 有效: 0, IPv4: 1, IPv6: 0, 最小延迟: 754 ms, 最高速率: 0.11 M/s, 平均速率: 0.00 M/s, 最高分辨率: 1920x1080, 平均帧率: 未知, 视频编解码器: 未知, 音频编解码器: 未知
分类: 赛事咪咕, 名称: 赛事咪咕播07, 有效: 0, IPv4: 1, IPv6: 0, 最小延迟: 1335 ms, 最高速率: 0.04 M/s, 平均速率: 0.00 M/s, 最高分辨率: 1920x1080, 平均帧率: 未知, 视频编解码器: 未知, 音频编解码器: 未知
分类: 赛事咪咕, 名称: 赛事咪咕播23, 有效: 0, IPv4: 1, IPv6: 0, 最小延迟: 1174 ms, 最高速率: 0.07 M/s, 平均速率: 0.00 M/s, 最高分辨率: 1280x720, 平均帧率: 未知, 视频编解码器: 未知, 音频编解码器: 未知
分类: 赛事咪咕, 名称: 赛事咪咕播14, 有效: 1, IPv4: 1, IPv6: 0, 最小延迟: 1098 ms, 最高速率: 0.39 M/s, 平均速率: 0.39 M/s, 最高分辨率: 1280x720, 平均帧率: 未知, 视频编解码器: 未知, 音频编解码器: 未知
分类: 赛事咪咕, 名称: 赛事咪咕播08, 有效: 1, IPv4: 1, IPv6: 0, 最小延迟: 1063 ms, 最高速率: 0.29 M/s, 平均速率: 0.29 M/s, 最高分辨率: 1280x720, 平均帧率: 未知, 视频编解码器: 未知, 音频编解码器: 未知
分类: 赛事咪咕, 名称: 赛事咪咕播26, 有效: 0, IPv4: 1, IPv6: 0, 最小延迟: 738 ms, 最高速率: 0.12 M/s, 平均速率: 0.00 M/s, 最高分辨率: 1920x1080, 平均帧率: 未知, 视频编解码器: 未知, 音频编解码器: 未知
分类: 赛事咪咕, 名称: 赛事咪咕播30, 有效: 0, IPv4: 1, IPv6: 0, 最小延迟: 1185 ms, 最高速率: 0.05 M/s, 平均速率: 0.00 M/s, 最高分辨率: 1280x720, 平均帧率: 未知, 视频编解码器: 未知, 音频编解码器: 未知
分类: 赛事咪咕, 名称: 赛事咪咕播24, 有效: 1, IPv4: 1, IPv6: 0, 最小延迟: 1096 ms, 最高速率: 0.42 M/s, 平均速率: 0.42 M/s, 最高分辨率: 1920x1080, 平均帧率: 未知, 视频编解码器: 未知, 音频编解码器: 未知
分类: 赛事咪咕, 名称: 赛事咪咕播27, 有效: 0, IPv4: 1, IPv6: 0, 最小延迟: 1109 ms, 最高速率: 0.41 M/s, 平均速率: 0.00 M/s, 最高分辨率: 3840x2160, 平均帧率: 未知, 视频编解码器: 未知, 音频编解码器: 未知
分类: 赛事咪咕, 名称: 赛事咪咕播32, 有效: 0, IPv4: 1, IPv6: 0, 最小延迟: 1534 ms, 最高速率: 0.05 M/s, 平均速率: 0.00 M/s, 最高分辨率: 1280x720, 平均帧率: 未知, 视频编解码器: 未知, 音频编解码器: 未知
分类: 赛事咪咕, 名称: 赛事咪咕播34, 有效: 0, IPv4: 1, IPv6: 0, 最小延迟: 1145 ms, 最高速率: 0.13 M/s, 平均速率: 0.00 M/s, 最高分辨率: 1920x1080, 平均帧率: 未知, 视频编解码器: 未知, 音频编解码器: 未知
分类: 阅兵合集, 名称: 阅兵装备详解, 有效: 1, IPv4: 1, IPv6: 0, 最小延迟: 34 ms, 最高速率: 97.91 M/s, 平均速率: 97.91 M/s, 最高分辨率: 1280x720, 平均帧率: 未知, 视频编解码器: 未知, 音频编解码器: 未知
分类: 阅兵合集, 名称: 1949阅兵, 有效: 0, IPv4: 1, IPv6: 0, 最小延迟: -1 ms, 最高速率: 0.00 M/s, 平均速率: 0.00 M/s, 最高分辨率: None, 平均帧率: 未知, 视频编解码器: 未知, 音频编解码器: 未知
分类: 阅兵合集, 名称: 1950年阅兵新中国第一个国庆节阅兵, 有效: 0, IPv4: 1, IPv6: 0, 最小延迟: -1 ms, 最高速率: 0.00 M/s, 平均速率: 0.00 M/s, 最高分辨率: None, 平均帧率: 未知, 视频编解码器: 未知, 音频编解码器: 未知
分类: 阅兵合集, 名称: 1952年国庆大阅兵, 有效: 0, IPv4: 1, IPv6: 0, 最小延迟: -1 ms, 最高速率: 0.00 M/s, 平均速率: 0.00 M/s, 最高分辨率: None, 平均帧率: 未知, 视频编解码器: 未知, 音频编解码器: 未知
分类: 阅兵合集, 名称: 1951年国庆大阅兵, 有效: 0, IPv4: 1, IPv6: 0, 最小延迟: -1 ms, 最高速率: 0.00 M/s, 平均速率: 0.00 M/s, 最高分辨率: None, 平均帧率: 未知, 视频编解码器: 未知, 音频编解码器: 未知
分类: 赛事咪咕, 名称: 赛事咪咕播31, 有效: 1, IPv4: 1, IPv6: 0, 最小延迟: 1126 ms, 最高速率: 0.29 M/s, 平均速率: 0.29 M/s, 最高分辨率: 1920x1080, 平均帧率: 未知, 视频编解码器: 未知, 音频编解码器: 未知
分类: 阅兵合集, 名称: 1953年国庆大阅兵, 有效: 0, IPv4: 1, IPv6: 0, 最小延迟: -1 ms, 最高速率: 0.00 M/s, 平均速率: 0.00 M/s, 最高分辨率: None, 平均帧率: 未知, 视频编解码器: 未知, 音频编解码器: 未知
分类: 阅兵合集, 名称: 1954年建国五周年国防部长彭德怀阅兵, 有效: 0, IPv4: 1, IPv6: 0, 最小延迟: -1 ms, 最高速率: 0.00 M/s, 平均速率: 0.00 M/s, 最高分辨率: None, 平均帧率: 未知, 视频编解码器: 未知, 音频编解码器: 未知
分类: 阅兵合集, 名称: 1955阅兵, 有效: 0, IPv4: 1, IPv6: 0, 最小延迟: -1 ms, 最高速率: 0.00 M/s, 平均速率: 0.00 M/s, 最高分辨率: None, 平均帧率: 未知, 视频编解码器: 未知, 音频编解码器: 未知
分类: 阅兵合集, 名称: 1956年国庆大阅兵, 有效: 0, IPv4: 1, IPv6: 0, 最小延迟: -1 ms, 最高速率: 0.00 M/s, 平均速率: 0.00 M/s, 最高分辨率: None, 平均帧率: 未知, 视频编解码器: 未知, 音频编解码器: 未知
分类: 阅兵合集, 名称: 朝鲜视角阅兵, 有效: 1, IPv4: 1, IPv6: 0, 最小延迟: 40 ms, 最高速率: 46.92 M/s, 平均速率: 46.92 M/s, 最高分辨率: 1280x720, 平均帧率: 未知, 视频编解码器: 未知, 音频编解码器: 未知
分类: 阅兵合集, 名称: 1957年国庆大阅兵, 有效: 0, IPv4: 1, IPv6: 0, 最小延迟: -1 ms, 最高速率: 0.00 M/s, 平均速率: 0.00 M/s, 最高分辨率: None, 平均帧率: 未知, 视频编解码器: 未知, 音频编解码器: 未知
分类: 阅兵合集, 名称: 1959庆祝建国十周年, 有效: 0, IPv4: 1, IPv6: 0, 最小延迟: -1 ms, 最高速率: 0.00 M/s, 平均速率: 0.00 M/s, 最高分辨率: None, 平均帧率: 未知, 视频编解码器: 未知, 音频编解码器: 未知
分类: 阅兵合集, 名称: 1958年国庆9周年大阅兵, 有效: 0, IPv4: 1, IPv6: 0, 最小延迟: -1 ms, 最高速率: 0.00 M/s, 平均速率: 0.00 M/s, 最高分辨率: None, 平均帧率: 未知, 视频编解码器: 未知, 音频编解码器: 未知
分类: 阅兵合集, 名称: 1981年华北军事演习及阅兵式邓小平亲自到场观看, 有效: 0, IPv4: 1, IPv6: 0, 最小延迟: -1 ms, 最高速率: 0.00 M/s, 平均速率: 0.00 M/s, 最高分辨率: None, 平均帧率: 未知, 视频编解码器: 未知, 音频编解码器: 未知
分类: 阅兵合集, 名称: 1980年解放军演习, 有效: 0, IPv4: 1, IPv6: 0, 最小延迟: -1 ms, 最高速率: 0.00 M/s, 平均速率: 0.00 M/s, 最高分辨率: None, 平均帧率: 未知, 视频编解码器: 未知, 音频编解码器: 未知
分类: 阅兵合集, 名称: 1984年邓小平大阅兵, 有效: 0, IPv4: 1, IPv6: 0, 最小延迟: -1 ms, 最高速率: 0.00 M/s, 平均速率: 0.00 M/s, 最高分辨率: None, 平均帧率: 未知, 视频编解码器: 未知, 音频编解码器: 未知
分类: 阅兵合集, 名称: 1999八一电影制片厂《世纪大阅兵》, 有效: 0, IPv4: 1, IPv6: 0, 最小延迟: -1 ms, 最高速率: 0.00 M/s, 平均速率: 0.00 M/s, 最高分辨率: None, 平均帧率: 未知, 视频编解码器: 未知, 音频编解码器: 未知
分类: 阅兵合集, 名称: 1999国庆阅兵, 有效: 0, IPv4: 1, IPv6: 0, 最小延迟: -1 ms, 最高速率: 0.00 M/s, 平均速率: 0.00 M/s, 最高分辨率: None, 平均帧率: 未知, 视频编解码器: 未知, 音频编解码器: 未知
分类: 阅兵合集, 名称: 2009《盛世大阅兵》, 有效: 0, IPv4: 1, IPv6: 0, 最小延迟: -1 ms, 最高速率: 0.00 M/s, 平均速率: 0.00 M/s, 最高分辨率: None, 平均帧率: 未知, 视频编解码器: 未知, 音频编解码器: 未知
分类: 阅兵合集, 名称: 2015中国抗日战争暨世界反法西斯战争胜利70周年阅兵, 有效: 0, IPv4: 1, IPv6: 0, 最小延迟: -1 ms, 最高速率: 0.00 M/s, 平均速率: 0.00 M/s, 最高分辨率: None, 平均帧率: 未知, 视频编解码器: 未知, 音频编解码器: 未知
分类: 阅兵合集, 名称: 2009中国海上大阅兵, 有效: 0, IPv4: 1, IPv6: 0, 最小延迟: -1 ms, 最高速率: 0.00 M/s, 平均速率: 0.00 M/s, 最高分辨率: None, 平均帧率: 未知, 视频编解码器: 未知, 音频编解码器: 未知
分类: 阅兵合集, 名称: 2017建军90周年朱日和阅兵, 有效: 0, IPv4: 1, IPv6: 0, 最小延迟: -1 ms, 最高速率: 0.00 M/s, 平均速率: 0.00 M/s, 最高分辨率: None, 平均帧率: 未知, 视频编解码器: 未知, 音频编解码器: 未知
分类: 阅兵合集, 名称: 朝鲜劳动党成立80周年阅兵第01集, 有效: 0, IPv4: 1, IPv6: 0, 最小延迟: -1 ms, 最高速率: 0.00 M/s, 平均速率: 0.00 M/s, 最高分辨率: None, 平均帧率: 未知, 视频编解码器: 未知, 音频编解码器: 未知
分类: 阅兵合集, 名称: 朝鲜劳动党成立80周年阅兵第02集, 有效: 0, IPv4: 1, IPv6: 0, 最小延迟: -1 ms, 最高速率: 0.00 M/s, 平均速率: 0.00 M/s, 最高分辨率: None, 平均帧率: 未知, 视频编解码器: 未知, 音频编解码器: 未知
分类: 阅兵合集, 名称: 2019国庆70周年大阅兵.群众游行, 有效: 0, IPv4: 1, IPv6: 0, 最小延迟: -1 ms, 最高速率: 0.00 M/s, 平均速率: 0.00 M/s, 最高分辨率: None, 平均帧率: 未知, 视频编解码器: 未知, 音频编解码器: 未知
分类: 阅兵合集, 名称: 朝鲜劳动党成立80周年阅兵第03集, 有效: 0, IPv4: 1, IPv6: 0, 最小延迟: -1 ms, 最高速率: 0.00 M/s, 平均速率: 0.00 M/s, 最高分辨率: None, 平均帧率: 未知, 视频编解码器: 未知, 音频编解码器: 未知
分类: 阅兵合集, 名称: 朝鲜劳动党成立80周年阅兵第04集, 有效: 0, IPv4: 1, IPv6: 0, 最小延迟: -1 ms, 最高速率: 0.00 M/s, 平均速率: 0.00 M/s, 最高分辨率: None, 平均帧率: 未知, 视频编解码器: 未知, 音频编解码器: 未知
分类: 春晚频道, 名称: 2026年央视网络春晚, 有效: 0, IPv4: 1, IPv6: 0, 最小延迟: -1 ms, 最高速率: 0.00 M/s, 平均速率: 0.00 M/s, 最高分辨率: 1280x720, 平均帧率: 未知, 视频编解码器: 未知, 音频编解码器: 未知
分类: 春晚频道, 名称: 2025年春晚, 有效: 0, IPv4: 2, IPv6: 0, 最小延迟: -1 ms, 最高速率: 0.00 M/s, 平均速率: 0.00 M/s, 最高分辨率: 1920x1080, 平均帧率: 未知, 视频编解码器: 未知, 音频编解码器: 未知
分类: 国际频道, 名称: CNN, 有效: 2, IPv4: 7, IPv6: 0, 最小延迟: 652 ms, 最高速率: 4.77 M/s, 平均速率: 2.63 M/s, 最高分辨率: 1920x1080, 平均帧率: 未知, 视频编解码器: 未知, 音频编解码器: 未知
分类: 国际频道, 名称: 半岛新闻「阿拉伯」, 有效: 2, IPv4: 2, IPv6: 0, 最小延迟: 2007 ms, 最高速率: 6.49 M/s, 平均速率: 6.43 M/s, 最高分辨率: 1280x720, 平均帧率: 未知, 视频编解码器: 未知, 音频编解码器: 未知
分类: 国际频道, 名称: 俄·IGITV蓝光, 有效: 0, IPv4: 1, IPv6: 0, 最小延迟: -1 ms, 最高速率: 0.00 M/s, 平均速率: 0.00 M/s, 最高分辨率: 1920x1080, 平均帧率: 未知, 视频编解码器: 未知, 音频编解码器: 未知
分类: 国际频道, 名称: 法·24台, 有效: 1, IPv4: 1, IPv6: 0, 最小延迟: 1047 ms, 最高速率: 0.91 M/s, 平均速率: 0.91 M/s, 最高分辨率: 1920x1080, 平均帧率: 未知, 视频编解码器: 未知, 音频编解码器: 未知
分类: 春晚频道, 名称: 2018年春晚, 有效: 1, IPv4: 1, IPv6: 0, 最小延迟: 397 ms, 最高速率: 35.90 M/s, 平均速率: 35.90 M/s, 最高分辨率: 1280x720, 平均帧率: 未知, 视频编解码器: 未知, 音频编解码器: 未知
分类: 国际频道, 名称: 日本テレビ, 有效: 0, IPv4: 1, IPv6: 0, 最小延迟: -1 ms, 最高速率: 0.00 M/s, 平均速率: 0.00 M/s, 最高分辨率: None, 平均帧率: 未知, 视频编解码器: 未知, 音频编解码器: 未知
分类: 国际频道, 名称: 美国CNN, 有效: 1, IPv4: 1, IPv6: 0, 最小延迟: 268 ms, 最高速率: 28.90 M/s, 平均速率: 28.90 M/s, 最高分辨率: 1920x1080, 平均帧率: 未知, 视频编解码器: 未知, 音频编解码器: 未知
分类: 春晚频道, 名称: 2014年春晚, 有效: 1, IPv4: 1, IPv6: 0, 最小延迟: 227 ms, 最高速率: 74.05 M/s, 平均速率: 74.05 M/s, 最高分辨率: 1280x720, 平均帧率: 未知, 视频编解码器: 未知, 音频编解码器: 未知
分类: 国际频道, 名称: CNA, 有效: 1, IPv4: 2, IPv6: 0, 最小延迟: 2184 ms, 最高速率: 0.87 M/s, 平均速率: 0.87 M/s, 最高分辨率: 1920x1080, 平均帧率: 未知, 视频编解码器: 未知, 音频编解码器: 未知
分类: 国际频道, 名称: 泰国 ASTV News 1, 有效: 1, IPv4: 1, IPv6: 0, 最小延迟: 4440 ms, 最高速率: 0.56 M/s, 平均速率: 0.56 M/s, 最高分辨率: 1920x1080, 平均帧率: 未知, 视频编解码器: 未知, 音频编解码器: 未知
分类: 国际频道, 名称: 朝鲜中央台, 有效: 1, IPv4: 1, IPv6: 0, 最小延迟: 10315 ms, 最高速率: 0.39 M/s, 平均速率: 0.39 M/s, 最高分辨率: 1280x720, 平均帧率: 未知, 视频编解码器: 未知, 音频编解码器: 未知
分类: 国际频道, 名称: KCTV_광주, 有效: 1, IPv4: 1, IPv6: 0, 最小延迟: 10187 ms, 最高速率: 0.41 M/s, 平均速率: 0.41 M/s, 最高分辨率: 1280x720, 平均帧率: 未知, 视频编解码器: 未知, 音频编解码器: 未知
分类: 国际频道, 名称: BBS佛教广播, 有效: 1, IPv4: 1, IPv6: 0, 最小延迟: 10218 ms, 最高速率: 0.28 M/s, 平均速率: 0.28 M/s, 最高分辨率: 1920x1080, 平均帧率: 未知, 视频编解码器: 未知, 音频编解码器: 未知
分类: 演*唱*会, 名称: 刘德华<今日>演唱会上, 有效: 1, IPv4: 1, IPv6: 0, 最小延迟: 30 ms, 最高速率: 58.32 M/s, 平均速率: 58.32 M/s, 最高分辨率: 1280x720, 平均帧率: 未知, 视频编解码器: 未知, 音频编解码器: 未知
分类: 演*唱*会, 名称: 刘德华<今日>演唱会下, 有效: 1, IPv4: 1, IPv6: 0, 最小延迟: 30 ms, 最高速率: 70.60 M/s, 平均速率: 70.60 M/s, 最高分辨率: 1280x720, 平均帧率: 未知, 视频编解码器: 未知, 音频编解码器: 未知
分类: 演*唱*会, 名称: 刘德华<今日>演唱会中, 有效: 1, IPv4: 1, IPv6: 0, 最小延迟: 32 ms, 最高速率: 28.89 M/s, 平均速率: 28.89 M/s, 最高分辨率: 1280x720, 平均帧率: 未知, 视频编解码器: 未知, 音频编解码器: 未知
分类: 演*唱*会, 名称: 海阔天空绝版, 有效: 1, IPv4: 1, IPv6: 0, 最小延迟: 9 ms, 最高速率: 340.00 M/s, 平均速率: 340.00 M/s, 最高分辨率: 1280x720, 平均帧率: 未知, 视频编解码器: 未知, 音频编解码器: 未知
分类: 演*唱*会, 名称: 邓紫棋香港站, 有效: 1, IPv4: 1, IPv6: 0, 最小延迟: 129 ms, 最高速率: 77.56 M/s, 平均速率: 77.56 M/s, 最高分辨率: 1280x720, 平均帧率: 未知, 视频编解码器: 未知, 音频编解码器: 未知
分类: 演*唱*会, 名称: 灌篮AI黄家驹, 有效: 1, IPv4: 1, IPv6: 0, 最小延迟: 9 ms, 最高速率: 314.75 M/s, 平均速率: 314.75 M/s, 最高分辨率: 1280x720, 平均帧率: 未知, 视频编解码器: 未知, 音频编解码器: 未知
分类: 演*唱*会, 名称: 旧日的足迹版, 有效: 1, IPv4: 1, IPv6: 0, 最小延迟: 334 ms, 最高速率: 106.44 M/s, 平均速率: 106.44 M/s, 最高分辨率: 1280x720, 平均帧率: 未知, 视频编解码器: 未知, 音频编解码器: 未知
分类: 演*唱*会, 名称: 蔡依林演唱会, 有效: 1, IPv4: 1, IPv6: 0, 最小延迟: 549 ms, 最高速率: 73.22 M/s, 平均速率: 73.22 M/s, 最高分辨率: 1280x720, 平均帧率: 未知, 视频编解码器: 未知, 音频编解码器: 未知
分类: 演*唱*会, 名称: ⬇️欣赏粤韵音乐⬇️, 有效: 1, IPv4: 1, IPv6: 0, 最小延迟: 347 ms, 最高速率: 0.83 M/s, 平均速率: 0.83 M/s, 最高分辨率: 1622x1080, 平均帧率: 未知, 视频编解码器: 未知, 音频编解码器: 未知
分类: 演*唱*会, 名称: 刘德华抖音精彩片段一, 有效: 1, IPv4: 1, IPv6: 0, 最小延迟: 95 ms, 最高速率: 11.18 M/s, 平均速率: 11.18 M/s, 最高分辨率: 1600x720, 平均帧率: 未知, 视频编解码器: 未知, 音频编解码器: 未知
分类: 演*唱*会, 名称: 刘德华抖音精彩片段二, 有效: 1, IPv4: 1, IPv6: 0, 最小延迟: 93 ms, 最高速率: 13.05 M/s, 平均速率: 13.05 M/s, 最高分辨率: 1600x720, 平均帧率: 未知, 视频编解码器: 未知, 音频编解码器: 未知
分类: 演*唱*会, 名称: 粤语劲爆串烧, 有效: 1, IPv4: 1, IPv6: 0, 最小延迟: 10 ms, 最高速率: 471.96 M/s, 平均速率: 471.96 M/s, 最高分辨率: 1280x720, 平均帧率: 未知, 视频编解码器: 未知, 音频编解码器: 未知
分类: 演*唱*会, 名称: 粤语-LAK串烧, 有效: 1, IPv4: 1, IPv6: 0, 最小延迟: 8 ms, 最高速率: 371.29 M/s, 平均速率: 371.29 M/s, 最高分辨率: 1280x720, 平均帧率: 未知, 视频编解码器: 未知, 音频编解码器: 未知
分类: 演*唱*会, 名称: 粤语家驹串烧, 有效: 1, IPv4: 1, IPv6: 0, 最小延迟: 8 ms, 最高速率: 383.07 M/s, 平均速率: 383.07 M/s, 最高分辨率: 1280x720, 平均帧率: 未知, 视频编解码器: 未知, 音频编解码器: 未知
分类: 演*唱*会, 名称: 粤语精选串烧, 有效: 1, IPv4: 1, IPv6: 0, 最小延迟: 442 ms, 最高速率: 3.90 M/s, 平均速率: 3.90 M/s, 最高分辨率: 1280x720, 平均帧率: 未知, 视频编解码器: 未知, 音频编解码器: 未知
分类: 演*唱*会, 名称: 粤语_PG'串烧, 有效: 1, IPv4: 1, IPv6: 0, 最小延迟: 156 ms, 最高速率: 7.96 M/s, 平均速率: 7.96 M/s, 最高分辨率: 1280x720, 平均帧率: 未知, 视频编解码器: 未知, 音频编解码器: 未知
分类: 演*唱*会, 名称: 粤语_FK迷幻1, 有效: 1, IPv4: 1, IPv6: 0, 最小延迟: 37 ms, 最高速率: 76.56 M/s, 平均速率: 76.56 M/s, 最高分辨率: 1280x720, 平均帧率: 未知, 视频编解码器: 未知, 音频编解码器: 未知
分类: 演*唱*会, 名称: 粤语抖音串烧, 有效: 1, IPv4: 1, IPv6: 0, 最小延迟: 24 ms, 最高速率: 162.74 M/s, 平均速率: 162.74 M/s, 最高分辨率: 1280x720, 平均帧率: 未知, 视频编解码器: 未知, 音频编解码器: 未知
分类: 演*唱*会, 名称: 粤语热门串烧, 有效: 1, IPv4: 1, IPv6: 0, 最小延迟: 50 ms, 最高速率: 110.38 M/s, 平均速率: 110.38 M/s, 最高分辨率: 1280x720, 平均帧率: 未知, 视频编解码器: 未知, 音频编解码器: 未知
分类: 演*唱*会, 名称: 粤语歌全串烧, 有效: 1, IPv4: 1, IPv6: 0, 最小延迟: 29 ms, 最高速率: 28.92 M/s, 平均速率: 28.92 M/s, 最高分辨率: 1280x720, 平均帧率: 未知, 视频编解码器: 未知, 音频编解码器: 未知
分类: 演*唱*会, 名称: 粤语流行串烧, 有效: 1, IPv4: 1, IPv6: 0, 最小延迟: 9 ms, 最高速率: 411.98 M/s, 平均速率: 411.98 M/s, 最高分辨率: 1280x720, 平均帧率: 未知, 视频编解码器: 未知, 音频编解码器: 未知
分类: 演*唱*会, 名称: 粤国语歌串烧, 有效: 1, IPv4: 1, IPv6: 0, 最小延迟: 32 ms, 最高速率: 98.50 M/s, 平均速率: 98.50 M/s, 最高分辨率: 1280x720, 平均帧率: 未知, 视频编解码器: 未知, 音频编解码器: 未知
分类: 演*唱*会, 名称: 粤语说唱版01, 有效: 1, IPv4: 1, IPv6: 0, 最小延迟: 613 ms, 最高速率: 11.33 M/s, 平均速率: 11.33 M/s, 最高分辨率: 1280x720, 平均帧率: 未知, 视频编解码器: 未知, 音频编解码器: 未知
分类: 演*唱*会, 名称: 粤语说唱版02, 有效: 1, IPv4: 1, IPv6: 0, 最小延迟: 7 ms, 最高速率: 314.00 M/s, 平均速率: 314.00 M/s, 最高分辨率: 1280x720, 平均帧率: 未知, 视频编解码器: 未知, 音频编解码器: 未知
分类: 演*唱*会, 名称: 粤语旋律串烧, 有效: 1, IPv4: 1, IPv6: 0, 最小延迟: 29 ms, 最高速率: 34.44 M/s, 平均速率: 34.44 M/s, 最高分辨率: 1280x720, 平均帧率: 未知, 视频编解码器: 未知, 音频编解码器: 未知
分类: 演*唱*会, 名称: 粤语说唱版03, 有效: 1, IPv4: 1, IPv6: 0, 最小延迟: 8 ms, 最高速率: 196.43 M/s, 平均速率: 196.43 M/s, 最高分辨率: 1280x720, 平均帧率: 未知, 视频编解码器: 未知, 音频编解码器: 未知
分类: 演*唱*会, 名称: 粤语说唱版04, 有效: 1, IPv4: 1, IPv6: 0, 最小延迟: 7 ms, 最高速率: 56.29 M/s, 平均速率: 56.29 M/s, 最高分辨率: 1280x720, 平均帧率: 未知, 视频编解码器: 未知, 音频编解码器: 未知
分类: 演*唱*会, 名称: 粤语说唱版05, 有效: 1, IPv4: 1, IPv6: 0, 最小延迟: 7 ms, 最高速率: 156.43 M/s, 平均速率: 156.43 M/s, 最高分辨率: 1280x720, 平均帧率: 未知, 视频编解码器: 未知, 音频编解码器: 未知
分类: 演*唱*会, 名称: 粤语dj歌串烧, 有效: 1, IPv4: 1, IPv6: 0, 最小延迟: 32 ms, 最高速率: 109.36 M/s, 平均速率: 109.36 M/s, 最高分辨率: 1280x720, 平均帧率: 未知, 视频编解码器: 未知, 音频编解码器: 未知
分类: 演*唱*会, 名称: 粤语说唱版06, 有效: 1, IPv4: 1, IPv6: 0, 最小延迟: 8 ms, 最高速率: 115.51 M/s, 平均速率: 115.51 M/s, 最高分辨率: 1280x720, 平均帧率: 未知, 视频编解码器: 未知, 音频编解码器: 未知
分类: 演*唱*会, 名称: 粤国精选串烧, 有效: 1, IPv4: 1, IPv6: 0, 最小延迟: 30 ms, 最高速率: 91.36 M/s, 平均速率: 91.36 M/s, 最高分辨率: 1280x720, 平均帧率: 未知, 视频编解码器: 未知, 音频编解码器: 未知
分类: 演*唱*会, 名称: 粤语女声串一, 有效: 1, IPv4: 1, IPv6: 0, 最小延迟: 9 ms, 最高速率: 372.05 M/s, 平均速率: 372.05 M/s, 最高分辨率: 1280x720, 平均帧率: 未知, 视频编解码器: 未知, 音频编解码器: 未知
分类: 演*唱*会, 名称: 粤语说唱版08, 有效: 1, IPv4: 1, IPv6: 0, 最小延迟: 8 ms, 最高速率: 205.22 M/s, 平均速率: 205.22 M/s, 最高分辨率: 1280x720, 平均帧率: 未知, 视频编解码器: 未知, 音频编解码器: 未知
分类: 演*唱*会, 名称: 粤语说唱版12, 有效: 1, IPv4: 1, IPv6: 0, 最小延迟: 8 ms, 最高速率: 116.78 M/s, 平均速率: 116.78 M/s, 最高分辨率: 1280x720, 平均帧率: 未知, 视频编解码器: 未知, 音频编解码器: 未知
分类: 演*唱*会, 名称: 粤语说唱版09, 有效: 1, IPv4: 1, IPv6: 0, 最小延迟: 10 ms, 最高速率: 222.62 M/s, 平均速率: 222.62 M/s, 最高分辨率: 1280x720, 平均帧率: 未知, 视频编解码器: 未知, 音频编解码器: 未知
分类: 演*唱*会, 名称: 粤语说唱版10, 有效: 1, IPv4: 1, IPv6: 0, 最小延迟: 11 ms, 最高速率: 19.67 M/s, 平均速率: 19.67 M/s, 最高分辨率: 1280x720, 平均帧率: 未知, 视频编解码器: 未知, 音频编解码器: 未知
分类: 演*唱*会, 名称: 粤语说唱版07, 有效: 1, IPv4: 1, IPv6: 0, 最小延迟: 8 ms, 最高速率: 108.96 M/s, 平均速率: 108.96 M/s, 最高分辨率: 1280x720, 平均帧率: 未知, 视频编解码器: 未知, 音频编解码器: 未知
分类: 演*唱*会, 名称: 粤语说唱版11, 有效: 1, IPv4: 1, IPv6: 0, 最小延迟: 8 ms, 最高速率: 47.28 M/s, 平均速率: 47.28 M/s, 最高分辨率: 1280x720, 平均帧率: 未知, 视频编解码器: 未知, 音频编解码器: 未知
分类: 演*唱*会, 名称: 粤语说唱版13, 有效: 1, IPv4: 1, IPv6: 0, 最小延迟: 7 ms, 最高速率: 181.82 M/s, 平均速率: 181.82 M/s, 最高分辨率: 1280x720, 平均帧率: 未知, 视频编解码器: 未知, 音频编解码器: 未知
分类: 演*唱*会, 名称: 粤语说唱版14, 有效: 1, IPv4: 1, IPv6: 0, 最小延迟: 8 ms, 最高速率: 140.22 M/s, 平均速率: 140.22 M/s, 最高分辨率: 1280x720, 平均帧率: 未知, 视频编解码器: 未知, 音频编解码器: 未知
分类: 演*唱*会, 名称: 粤语剧场版01, 有效: 1, IPv4: 1, IPv6: 0, 最小延迟: 8 ms, 最高速率: 234.77 M/s, 平均速率: 234.77 M/s, 最高分辨率: 1280x720, 平均帧率: 未知, 视频编解码器: 未知, 音频编解码器: 未知
分类: 演*唱*会, 名称: 粤语剧场版02, 有效: 1, IPv4: 1, IPv6: 0, 最小延迟: 10 ms, 最高速率: 235.00 M/s, 平均速率: 235.00 M/s, 最高分辨率: 1280x720, 平均帧率: 未知, 视频编解码器: 未知, 音频编解码器: 未知
分类: 演*唱*会, 名称: 粤语剧场版04, 有效: 1, IPv4: 1, IPv6: 0, 最小延迟: 7 ms, 最高速率: 246.12 M/s, 平均速率: 246.12 M/s, 最高分辨率: 1280x720, 平均帧率: 未知, 视频编解码器: 未知, 音频编解码器: 未知
分类: 演*唱*会, 名称: 粤语剧场版03, 有效: 1, IPv4: 1, IPv6: 0, 最小延迟: 10 ms, 最高速率: 258.12 M/s, 平均速率: 258.12 M/s, 最高分辨率: 1280x720, 平均帧率: 未知, 视频编解码器: 未知, 音频编解码器: 未知
分类: 演*唱*会, 名称: 粤语说唱版15, 有效: 1, IPv4: 1, IPv6: 0, 最小延迟: 9 ms, 最高速率: 173.38 M/s, 平均速率: 173.38 M/s, 最高分辨率: 1280x720, 平均帧率: 未知, 视频编解码器: 未知, 音频编解码器: 未知
分类: 演*唱*会, 名称: 粤语剧场版06, 有效: 1, IPv4: 1, IPv6: 0, 最小延迟: 9 ms, 最高速率: 288.97 M/s, 平均速率: 288.97 M/s, 最高分辨率: 1280x720, 平均帧率: 未知, 视频编解码器: 未知, 音频编解码器: 未知
分类: 演*唱*会, 名称: 粤语剧场版10, 有效: 1, IPv4: 1, IPv6: 0, 最小延迟: 8 ms, 最高速率: 269.14 M/s, 平均速率: 269.14 M/s, 最高分辨率: 1280x720, 平均帧率: 未知, 视频编解码器: 未知, 音频编解码器: 未知
分类: 演*唱*会, 名称: 粤语剧场版08, 有效: 1, IPv4: 1, IPv6: 0, 最小延迟: 8 ms, 最高速率: 38.79 M/s, 平均速率: 38.79 M/s, 最高分辨率: 1280x720, 平均帧率: 未知, 视频编解码器: 未知, 音频编解码器: 未知
分类: 演*唱*会, 名称: 粤语剧场版09, 有效: 1, IPv4: 1, IPv6: 0, 最小延迟: 8 ms, 最高速率: 230.90 M/s, 平均速率: 230.90 M/s, 最高分辨率: 1280x720, 平均帧率: 未知, 视频编解码器: 未知, 音频编解码器: 未知
分类: 演*唱*会, 名称: 粤语剧场版05, 有效: 1, IPv4: 1, IPv6: 0, 最小延迟: 9 ms, 最高速率: 142.29 M/s, 平均速率: 142.29 M/s, 最高分辨率: 1280x720, 平均帧率: 未知, 视频编解码器: 未知, 音频编解码器: 未知
分类: 演*唱*会, 名称: 粤语剧场版07, 有效: 1, IPv4: 1, IPv6: 0, 最小延迟: 7 ms, 最高速率: 61.07 M/s, 平均速率: 61.07 M/s, 最高分辨率: 1280x720, 平均帧率: 未知, 视频编解码器: 未知, 音频编解码器: 未知
分类: 演*唱*会, 名称: 粤语剧场版12, 有效: 1, IPv4: 1, IPv6: 0, 最小延迟: 7 ms, 最高速率: 414.51 M/s, 平均速率: 414.51 M/s, 最高分辨率: 1280x720, 平均帧率: 未知, 视频编解码器: 未知, 音频编解码器: 未知
分类: 演*唱*会, 名称: 粤语剧场版14, 有效: 1, IPv4: 1, IPv6: 0, 最小延迟: 8 ms, 最高速率: 319.13 M/s, 平均速率: 319.13 M/s, 最高分辨率: 1280x720, 平均帧率: 未知, 视频编解码器: 未知, 音频编解码器: 未知
分类: 演*唱*会, 名称: 粤语剧场版16, 有效: 1, IPv4: 1, IPv6: 0, 最小延迟: 9 ms, 最高速率: 201.98 M/s, 平均速率: 201.98 M/s, 最高分辨率: 1280x720, 平均帧率: 未知, 视频编解码器: 未知, 音频编解码器: 未知
分类: 演*唱*会, 名称: 粤语剧场版11, 有效: 1, IPv4: 1, IPv6: 0, 最小延迟: 9 ms, 最高速率: 270.66 M/s, 平均速率: 270.66 M/s, 最高分辨率: 1280x720, 平均帧率: 未知, 视频编解码器: 未知, 音频编解码器: 未知
分类: 演*唱*会, 名称: 粤语剧场版17, 有效: 1, IPv4: 1, IPv6: 0, 最小延迟: 7 ms, 最高速率: 299.42 M/s, 平均速率: 299.42 M/s, 最高分辨率: 1280x720, 平均帧率: 未知, 视频编解码器: 未知, 音频编解码器: 未知
分类: 演*唱*会, 名称: 粤语剧场版15, 有效: 1, IPv4: 1, IPv6: 0, 最小延迟: 7 ms, 最高速率: 378.68 M/s, 平均速率: 378.68 M/s, 最高分辨率: 1280x720, 平均帧率: 未知, 视频编解码器: 未知, 音频编解码器: 未知
分类: 演*唱*会, 名称: 粤语剧场版18, 有效: 1, IPv4: 1, IPv6: 0, 最小延迟: 7 ms, 最高速率: 315.56 M/s, 平均速率: 315.56 M/s, 最高分辨率: 1280x720, 平均帧率: 未知, 视频编解码器: 未知, 音频编解码器: 未知
分类: 演*唱*会, 名称: 粤语剧场版20, 有效: 1, IPv4: 1, IPv6: 0, 最小延迟: 7 ms, 最高速率: 75.75 M/s, 平均速率: 75.75 M/s, 最高分辨率: 1280x720, 平均帧率: 未知, 视频编解码器: 未知, 音频编解码器: 未知
分类: 演*唱*会, 名称: 粤语剧场版23, 有效: 1, IPv4: 1, IPv6: 0, 最小延迟: 9 ms, 最高速率: 289.10 M/s, 平均速率: 289.10 M/s, 最高分辨率: 1280x720, 平均帧率: 未知, 视频编解码器: 未知, 音频编解码器: 未知
分类: 演*唱*会, 名称: 粤语剧场版13, 有效: 1, IPv4: 1, IPv6: 0, 最小延迟: 8 ms, 最高速率: 177.27 M/s, 平均速率: 177.27 M/s, 最高分辨率: 1280x720, 平均帧率: 未知, 视频编解码器: 未知, 音频编解码器: 未知
分类: 演*唱*会, 名称: 粤语剧场版22, 有效: 1, IPv4: 1, IPv6: 0, 最小延迟: 10 ms, 最高速率: 249.58 M/s, 平均速率: 249.58 M/s, 最高分辨率: 1280x720, 平均帧率: 未知, 视频编解码器: 未知, 音频编解码器: 未知
分类: 演*唱*会, 名称: 粤语剧场版19, 有效: 1, IPv4: 1, IPv6: 0, 最小延迟: 12 ms, 最高速率: 80.82 M/s, 平均速率: 80.82 M/s, 最高分辨率: 1280x720, 平均帧率: 未知, 视频编解码器: 未知, 音频编解码器: 未知
分类: 演*唱*会, 名称: 粤语剧场版21, 有效: 1, IPv4: 1, IPv6: 0, 最小延迟: 8 ms, 最高速率: 193.06 M/s, 平均速率: 193.06 M/s, 最高分辨率: 1280x720, 平均帧率: 未知, 视频编解码器: 未知, 音频编解码器: 未知
分类: 演*唱*会, 名称: 粤语剧场版27, 有效: 1, IPv4: 1, IPv6: 0, 最小延迟: 8 ms, 最高速率: 298.88 M/s, 平均速率: 298.88 M/s, 最高分辨率: 1280x720, 平均帧率: 未知, 视频编解码器: 未知, 音频编解码器: 未知
分类: 演*唱*会, 名称: 粤语剧场版25, 有效: 1, IPv4: 1, IPv6: 0, 最小延迟: 8 ms, 最高速率: 251.97 M/s, 平均速率: 251.97 M/s, 最高分辨率: 1280x720, 平均帧率: 未知, 视频编解码器: 未知, 音频编解码器: 未知
分类: 演*唱*会, 名称: 粤语剧场版26, 有效: 1, IPv4: 1, IPv6: 0, 最小延迟: 8 ms, 最高速率: 273.77 M/s, 平均速率: 273.77 M/s, 最高分辨率: 1280x720, 平均帧率: 未知, 视频编解码器: 未知, 音频编解码器: 未知
分类: 演*唱*会, 名称: 粤语剧场版24, 有效: 1, IPv4: 1, IPv6: 0, 最小延迟: 7 ms, 最高速率: 396.80 M/s, 平均速率: 396.80 M/s, 最高分辨率: 1280x720, 平均帧率: 未知, 视频编解码器: 未知, 音频编解码器: 未知
分类: 演*唱*会, 名称: 粤语剧场版29, 有效: 1, IPv4: 1, IPv6: 0, 最小延迟: 8 ms, 最高速率: 42.65 M/s, 平均速率: 42.65 M/s, 最高分辨率: 720x1470, 平均帧率: 未知, 视频编解码器: 未知, 音频编解码器: 未知
分类: 演*唱*会, 名称: 粤语剧场版31, 有效: 1, IPv4: 1, IPv6: 0, 最小延迟: 8 ms, 最高速率: 194.88 M/s, 平均速率: 194.88 M/s, 最高分辨率: 720x1470, 平均帧率: 未知, 视频编解码器: 未知, 音频编解码器: 未知
分类: 演*唱*会, 名称: 粤语剧场版28, 有效: 1, IPv4: 1, IPv6: 0, 最小延迟: 8 ms, 最高速率: 238.53 M/s, 平均速率: 238.53 M/s, 最高分辨率: 1280x720, 平均帧率: 未知, 视频编解码器: 未知, 音频编解码器: 未知
分类: 演*唱*会, 名称: 粤语剧场版30, 有效: 1, IPv4: 1, IPv6: 0, 最小延迟: 9 ms, 最高速率: 80.16 M/s, 平均速率: 80.16 M/s, 最高分辨率: 720x1470, 平均帧率: 未知, 视频编解码器: 未知, 音频编解码器: 未知
分类: 演*唱*会, 名称: 粤语剧场版34, 有效: 1, IPv4: 1, IPv6: 0, 最小延迟: 9 ms, 最高速率: 256.94 M/s, 平均速率: 256.94 M/s, 最高分辨率: 1280x720, 平均帧率: 未知, 视频编解码器: 未知, 音频编解码器: 未知
分类: 演*唱*会, 名称: 粤语剧场版32, 有效: 1, IPv4: 1, IPv6: 0, 最小延迟: 8 ms, 最高速率: 231.33 M/s, 平均速率: 231.33 M/s, 最高分辨率: 720x1470, 平均帧率: 未知, 视频编解码器: 未知, 音频编解码器: 未知
分类: 演*唱*会, 名称: 粤语剧场版33, 有效: 1, IPv4: 1, IPv6: 0, 最小延迟: 9 ms, 最高速率: 265.36 M/s, 平均速率: 265.36 M/s, 最高分辨率: 1280x720, 平均帧率: 未知, 视频编解码器: 未知, 音频编解码器: 未知
分类: 演*唱*会, 名称: 粤语剧场版38, 有效: 1, IPv4: 1, IPv6: 0, 最小延迟: 8 ms, 最高速率: 397.27 M/s, 平均速率: 397.27 M/s, 最高分辨率: 1280x720, 平均帧率: 未知, 视频编解码器: 未知, 音频编解码器: 未知
分类: 演*唱*会, 名称: 粤语女声串二, 有效: 1, IPv4: 1, IPv6: 0, 最小延迟: 40 ms, 最高速率: 40.36 M/s, 平均速率: 40.36 M/s, 最高分辨率: 1280x720, 平均帧率: 未知, 视频编解码器: 未知, 音频编解码器: 未知
分类: 演*唱*会, 名称: 粤语剧场版35, 有效: 1, IPv4: 1, IPv6: 0, 最小延迟: 8 ms, 最高速率: 260.56 M/s, 平均速率: 260.56 M/s, 最高分辨率: 1280x720, 平均帧率: 未知, 视频编解码器: 未知, 音频编解码器: 未知
分类: 演*唱*会, 名称: 粤语剧场版37, 有效: 1, IPv4: 1, IPv6: 0, 最小延迟: 7 ms, 最高速率: 309.37 M/s, 平均速率: 309.37 M/s, 最高分辨率: 1280x720, 平均帧率: 未知, 视频编解码器: 未知, 音频编解码器: 未知
分类: 演*唱*会, 名称: 粤语剧场版40, 有效: 1, IPv4: 1, IPv6: 0, 最小延迟: 8 ms, 最高速率: 12.03 M/s, 平均速率: 12.03 M/s, 最高分辨率: 1280x720, 平均帧率: 未知, 视频编解码器: 未知, 音频编解码器: 未知
分类: 演*唱*会, 名称: 粤语剧场版36, 有效: 1, IPv4: 1, IPv6: 0, 最小延迟: 14 ms, 最高速率: 161.38 M/s, 平均速率: 161.38 M/s, 最高分辨率: 1280x720, 平均帧率: 未知, 视频编解码器: 未知, 音频编解码器: 未知
分类: 演*唱*会, 名称: 粤语剧场版41, 有效: 1, IPv4: 1, IPv6: 0, 最小延迟: 13 ms, 最高速率: 215.57 M/s, 平均速率: 215.57 M/s, 最高分辨率: 1280x720, 平均帧率: 未知, 视频编解码器: 未知, 音频编解码器: 未知
分类: 演*唱*会, 名称: 粤语剧场版39, 有效: 1, IPv4: 1, IPv6: 0, 最小延迟: 14 ms, 最高速率: 130.31 M/s, 平均速率: 130.31 M/s, 最高分辨率: 1280x720, 平均帧率: 未知, 视频编解码器: 未知, 音频编解码器: 未知
分类: 演*唱*会, 名称: 粤语剧场版45, 有效: 1, IPv4: 1, IPv6: 0, 最小延迟: 8 ms, 最高速率: 267.84 M/s, 平均速率: 267.84 M/s, 最高分辨率: 1280x720, 平均帧率: 未知, 视频编解码器: 未知, 音频编解码器: 未知
分类: 演*唱*会, 名称: 粤语剧场版47, 有效: 1, IPv4: 1, IPv6: 0, 最小延迟: 9 ms, 最高速率: 175.26 M/s, 平均速率: 175.26 M/s, 最高分辨率: 720x1470, 平均帧率: 未知, 视频编解码器: 未知, 音频编解码器: 未知
分类: 演*唱*会, 名称: 粤语剧场版42, 有效: 1, IPv4: 1, IPv6: 0, 最小延迟: 20 ms, 最高速率: 177.57 M/s, 平均速率: 177.57 M/s, 最高分辨率: 1280x720, 平均帧率: 未知, 视频编解码器: 未知, 音频编解码器: 未知
分类: 演*唱*会, 名称: 粤语剧场版43, 有效: 1, IPv4: 1, IPv6: 0, 最小延迟: 8 ms, 最高速率: 256.83 M/s, 平均速率: 256.83 M/s, 最高分辨率: 1280x720, 平均帧率: 未知, 视频编解码器: 未知, 音频编解码器: 未知
分类: 演*唱*会, 名称: 粤语剧场版46, 有效: 1, IPv4: 1, IPv6: 0, 最小延迟: 10 ms, 最高速率: 247.37 M/s, 平均速率: 247.37 M/s, 最高分辨率: 1280x720, 平均帧率: 未知, 视频编解码器: 未知, 音频编解码器: 未知
分类: 演*唱*会, 名称: 粤语剧场版50, 有效: 1, IPv4: 1, IPv6: 0, 最小延迟: 7 ms, 最高速率: 66.71 M/s, 平均速率: 66.71 M/s, 最高分辨率: 1280x720, 平均帧率: 未知, 视频编解码器: 未知, 音频编解码器: 未知
分类: 演*唱*会, 名称: 粤语剧场版49, 有效: 1, IPv4: 1, IPv6: 0, 最小延迟: 7 ms, 最高速率: 100.49 M/s, 平均速率: 100.49 M/s, 最高分辨率: 1280x720, 平均帧率: 未知, 视频编解码器: 未知, 音频编解码器: 未知
分类: 演*唱*会, 名称: 粤语剧场版51, 有效: 1, IPv4: 1, IPv6: 0, 最小延迟: 8 ms, 最高速率: 98.69 M/s, 平均速率: 98.69 M/s, 最高分辨率: 1280x720, 平均帧率: 未知, 视频编解码器: 未知, 音频编解码器: 未知
分类: 演*唱*会, 名称: 粤语剧场版48, 有效: 1, IPv4: 1, IPv6: 0, 最小延迟: 7 ms, 最高速率: 323.48 M/s, 平均速率: 323.48 M/s, 最高分辨率: 1280x720, 平均帧率: 未知, 视频编解码器: 未知, 音频编解码器: 未知
分类: 演*唱*会, 名称: 粤语剧场版52, 有效: 1, IPv4: 1, IPv6: 0, 最小延迟: 11 ms, 最高速率: 142.45 M/s, 平均速率: 142.45 M/s, 最高分辨率: 1280x720, 平均帧率: 未知, 视频编解码器: 未知, 音频编解码器: 未知
分类: 演*唱*会, 名称: 粤语剧场版53, 有效: 1, IPv4: 1, IPv6: 0, 最小延迟: 7 ms, 最高速率: 97.43 M/s, 平均速率: 97.43 M/s, 最高分辨率: 1280x720, 平均帧率: 未知, 视频编解码器: 未知, 音频编解码器: 未知
分类: 演*唱*会, 名称: 粤语剧场版55, 有效: 1, IPv4: 1, IPv6: 0, 最小延迟: 7 ms, 最高速率: 121.02 M/s, 平均速率: 121.02 M/s, 最高分辨率: 1280x720, 平均帧率: 未知, 视频编解码器: 未知, 音频编解码器: 未知
分类: 演*唱*会, 名称: 粤语剧场版54, 有效: 1, IPv4: 1, IPv6: 0, 最小延迟: 493 ms, 最高速率: 5.81 M/s, 平均速率: 5.81 M/s, 最高分辨率: 1280x720, 平均帧率: 未知, 视频编解码器: 未知, 音频编解码器: 未知
分类: 演*唱*会, 名称: 粤语剧场版44, 有效: 1, IPv4: 1, IPv6: 0, 最小延迟: 10 ms, 最高速率: 296.82 M/s, 平均速率: 296.82 M/s, 最高分辨率: 1280x720, 平均帧率: 未知, 视频编解码器: 未知, 音频编解码器: 未知
分类: 演*唱*会, 名称: 粤语剧场版58, 有效: 1, IPv4: 1, IPv6: 0, 最小延迟: 7 ms, 最高速率: 106.03 M/s, 平均速率: 106.03 M/s, 最高分辨率: 1280x720, 平均帧率: 未知, 视频编解码器: 未知, 音频编解码器: 未知
分类: 演*唱*会, 名称: 粤语剧场版56, 有效: 1, IPv4: 1, IPv6: 0, 最小延迟: 8 ms, 最高速率: 16.63 M/s, 平均速率: 16.63 M/s, 最高分辨率: 1280x720, 平均帧率: 未知, 视频编解码器: 未知, 音频编解码器: 未知
分类: 演*唱*会, 名称: 粤语剧场版59, 有效: 1, IPv4: 1, IPv6: 0, 最小延迟: 8 ms, 最高速率: 184.31 M/s, 平均速率: 184.31 M/s, 最高分辨率: 1280x720, 平均帧率: 未知, 视频编解码器: 未知, 音频编解码器: 未知
分类: 演*唱*会, 名称: 粤语剧场版57, 有效: 1, IPv4: 1, IPv6: 0, 最小延迟: 8 ms, 最高速率: 36.33 M/s, 平均速率: 36.33 M/s, 最高分辨率: 1280x720, 平均帧率: 未知, 视频编解码器: 未知, 音频编解码器: 未知
分类: 演*唱*会, 名称: 粤语剧场版60, 有效: 1, IPv4: 1, IPv6: 0, 最小延迟: 8 ms, 最高速率: 147.76 M/s, 平均速率: 147.76 M/s, 最高分辨率: 1280x720, 平均帧率: 未知, 视频编解码器: 未知, 音频编解码器: 未知
分类: 演*唱*会, 名称: 粤语剧场版61, 有效: 1, IPv4: 1, IPv6: 0, 最小延迟: 8 ms, 最高速率: 98.96 M/s, 平均速率: 98.96 M/s, 最高分辨率: 1280x720, 平均帧率: 未知, 视频编解码器: 未知, 音频编解码器: 未知
分类: 演*唱*会, 名称: 粤语剧场版65, 有效: 1, IPv4: 1, IPv6: 0, 最小延迟: 8 ms, 最高速率: 394.11 M/s, 平均速率: 394.11 M/s, 最高分辨率: 1280x720, 平均帧率: 未知, 视频编解码器: 未知, 音频编解码器: 未知
分类: 演*唱*会, 名称: 粤语剧场版64, 有效: 1, IPv4: 1, IPv6: 0, 最小延迟: 8 ms, 最高速率: 275.37 M/s, 平均速率: 275.37 M/s, 最高分辨率: 1280x720, 平均帧率: 未知, 视频编解码器: 未知, 音频编解码器: 未知
分类: 演*唱*会, 名称: 粤语剧场版63, 有效: 1, IPv4: 1, IPv6: 0, 最小延迟: 7 ms, 最高速率: 474.05 M/s, 平均速率: 474.05 M/s, 最高分辨率: 1280x720, 平均帧率: 未知, 视频编解码器: 未知, 音频编解码器: 未知
分类: 演*唱*会, 名称: 粤语剧场版62, 有效: 1, IPv4: 1, IPv6: 0, 最小延迟: 11 ms, 最高速率: 119.68 M/s, 平均速率: 119.68 M/s, 最高分辨率: 1280x720, 平均帧率: 未知, 视频编解码器: 未知, 音频编解码器: 未知
分类: 🏥急救技能, 名称: 婴儿心脏急救法, 有效: 1, IPv4: 1, IPv6: 0, 最小延迟: 10 ms, 最高速率: 153.75 M/s, 平均速率: 153.75 M/s, 最高分辨率: 1280x720, 平均帧率: 未知, 视频编解码器: 未知, 音频编解码器: 未知
分类: 🏥急救技能, 名称: 儿童心脏骤停法, 有效: 1, IPv4: 1, IPv6: 0, 最小延迟: 9 ms, 最高速率: 157.33 M/s, 平均速率: 157.33 M/s, 最高分辨率: 1280x720, 平均帧率: 未知, 视频编解码器: 未知, 音频编解码器: 未知
分类: 🏥急救技能, 名称: 成人心脏骤停急救法, 有效: 1, IPv4: 1, IPv6: 0, 最小延迟: 8 ms, 最高速率: 156.94 M/s, 平均速率: 156.94 M/s, 最高分辨率: 1280x720, 平均帧率: 未知, 视频编解码器: 未知, 音频编解码器: 未知
分类: 🏥急救技能, 名称: 异物窒息自救法, 有效: 1, IPv4: 1, IPv6: 0, 最小延迟: 10 ms, 最高速率: 151.65 M/s, 平均速率: 151.65 M/s, 最高分辨率: 1280x720, 平均帧率: 未知, 视频编解码器: 未知, 音频编解码器: 未知
分类: 🏥急救技能, 名称: 孕妇或肥胖者窒息急救法, 有效: 1, IPv4: 1, IPv6: 0, 最小延迟: 9 ms, 最高速率: 283.07 M/s, 平均速率: 283.07 M/s, 最高分辨率: 1280x720, 平均帧率: 未知, 视频编解码器: 未知, 音频编解码器: 未知
分类: 🏥急救技能, 名称: 人工呼吸法, 有效: 1, IPv4: 1, IPv6: 0, 最小延迟: 35 ms, 最高速率: 92.51 M/s, 平均速率: 92.51 M/s, 最高分辨率: 1280x720, 平均帧率: 未知, 视频编解码器: 未知, 音频编解码器: 未知
分类: 🏥急救技能, 名称: 异物卡喉自救法, 有效: 1, IPv4: 1, IPv6: 0, 最小延迟: 9 ms, 最高速率: 155.98 M/s, 平均速率: 155.98 M/s, 最高分辨率: 1280x720, 平均帧率: 未知, 视频编解码器: 未知, 音频编解码器: 未知
分类: 🏥急救技能, 名称: 儿童异物窒息法, 有效: 1, IPv4: 1, IPv6: 0, 最小延迟: 8 ms, 最高速率: 187.81 M/s, 平均速率: 187.81 M/s, 最高分辨率: 1280x720, 平均帧率: 未知, 视频编解码器: 未知, 音频编解码器: 未知
分类: 🏥急救技能, 名称: 止血, 有效: 1, IPv4: 1, IPv6: 0, 最小延迟: 36 ms, 最高速率: 87.89 M/s, 平均速率: 87.89 M/s, 最高分辨率: 1280x720, 平均帧率: 未知, 视频编解码器: 未知, 音频编解码器: 未知
分类: 🏥急救技能, 名称: 成人异物卡喉急救法, 有效: 1, IPv4: 1, IPv6: 0, 最小延迟: 34 ms, 最高速率: 75.57 M/s, 平均速率: 75.57 M/s, 最高分辨率: 1280x720, 平均帧率: 未知, 视频编解码器: 未知, 音频编解码器: 未知
分类: 🏥急救技能, 名称: 岔气处理方法, 有效: 1, IPv4: 1, IPv6: 0, 最小延迟: 9 ms, 最高速率: 169.73 M/s, 平均速率: 169.73 M/s, 最高分辨率: 1280x720, 平均帧率: 未知, 视频编解码器: 未知, 音频编解码器: 未知
分类: 🏥急救技能, 名称: 打耳洞红肿处理方法, 有效: 1, IPv4: 1, IPv6: 0, 最小延迟: 7 ms, 最高速率: 167.84 M/s, 平均速率: 167.84 M/s, 最高分辨率: 1280x720, 平均帧率: 未知, 视频编解码器: 未知, 音频编解码器: 未知
分类: 🏥急救技能, 名称: 仓鼠咬伤处理方法, 有效: 1, IPv4: 1, IPv6: 0, 最小延迟: 39 ms, 最高速率: 95.74 M/s, 平均速率: 95.74 M/s, 最高分辨率: 1280x720, 平均帧率: 未知, 视频编解码器: 未知, 音频编解码器: 未知
分类: 🏥急救技能, 名称: 脸部过敏处理方法, 有效: 1, IPv4: 1, IPv6: 0, 最小延迟: 7 ms, 最高速率: 205.73 M/s, 平均速率: 205.73 M/s, 最高分辨率: 1280x720, 平均帧率: 未知, 视频编解码器: 未知, 音频编解码器: 未知
分类: 🏥急救技能, 名称: 肌肉拉伤处理方法, 有效: 1, IPv4: 1, IPv6: 0, 最小延迟: 35 ms, 最高速率: 85.08 M/s, 平均速率: 85.08 M/s, 最高分辨率: 1280x720, 平均帧率: 未知, 视频编解码器: 未知, 音频编解码器: 未知
分类: 🏥急救技能, 名称: 鞭炮炸伤处理方法, 有效: 1, IPv4: 1, IPv6: 0, 最小延迟: 12 ms, 最高速率: 184.06 M/s, 平均速率: 184.06 M/s, 最高分辨率: 1280x720, 平均帧率: 未知, 视频编解码器: 未知, 音频编解码器: 未知
分类: 🏥急救技能, 名称: 肿胀处理方法, 有效: 1, IPv4: 1, IPv6: 0, 最小延迟: 34 ms, 最高速率: 31.11 M/s, 平均速率: 31.11 M/s, 最高分辨率: 1280x720, 平均帧率: 未知, 视频编解码器: 未知, 音频编解码器: 未知
分类: 🏥急救技能, 名称: 老人跌倒急救法, 有效: 1, IPv4: 1, IPv6: 0, 最小延迟: 33 ms, 最高速率: 78.32 M/s, 平均速率: 78.32 M/s, 最高分辨率: 1280x720, 平均帧率: 未知, 视频编解码器: 未知, 音频编解码器: 未知
分类: 🏥急救技能, 名称: 腿抽筋处理方法, 有效: 1, IPv4: 1, IPv6: 0, 最小延迟: 35 ms, 最高速率: 91.21 M/s, 平均速率: 91.21 M/s, 最高分辨率: 1280x720, 平均帧率: 未知, 视频编解码器: 未知, 音频编解码器: 未知
分类: 🏥急救技能, 名称: 脚扭伤处理方法, 有效: 1, IPv4: 1, IPv6: 0, 最小延迟: 34 ms, 最高速率: 90.19 M/s, 平均速率: 90.19 M/s, 最高分辨率: 1280x720, 平均帧率: 未知, 视频编解码器: 未知, 音频编解码器: 未知
分类: 🏥急救技能, 名称: 断指急救法, 有效: 1, IPv4: 1, IPv6: 0, 最小延迟: 35 ms, 最高速率: 97.89 M/s, 平均速率: 97.89 M/s, 最高分辨率: 1280x720, 平均帧率: 未知, 视频编解码器: 未知, 音频编解码器: 未知
分类: 🏥急救技能, 名称: 擦伤处理方法, 有效: 1, IPv4: 1, IPv6: 0, 最小延迟: 35 ms, 最高速率: 46.39 M/s, 平均速率: 46.39 M/s, 最高分辨率: 1280x720, 平均帧率: 未知, 视频编解码器: 未知, 音频编解码器: 未知
分类: 🏥急救技能, 名称: 光灼伤眼处理方, 有效: 1, IPv4: 1, IPv6: 0, 最小延迟: 9 ms, 最高速率: 22.58 M/s, 平均速率: 22.58 M/s, 最高分辨率: 1280x720, 平均帧率: 未知, 视频编解码器: 未知, 音频编解码器: 未知
分类: 🏥急救技能, 名称: 异物插入眼急救法, 有效: 1, IPv4: 1, IPv6: 0, 最小延迟: 34 ms, 最高速率: 5.91 M/s, 平均速率: 5.91 M/s, 最高分辨率: 1280x720, 平均帧率: 未知, 视频编解码器: 未知, 音频编解码器: 未知
分类: 🏥急救技能, 名称: 过度换气处理方, 有效: 1, IPv4: 1, IPv6: 0, 最小延迟: 10 ms, 最高速率: 200.22 M/s, 平均速率: 200.22 M/s, 最高分辨率: 1280x720, 平均帧率: 未知, 视频编解码器: 未知, 音频编解码器: 未知
分类: 🏥急救技能, 名称: 癫痫发作处方法, 有效: 1, IPv4: 1, IPv6: 0, 最小延迟: 10 ms, 最高速率: 207.40 M/s, 平均速率: 207.40 M/s, 最高分辨率: 1280x720, 平均帧率: 未知, 视频编解码器: 未知, 音频编解码器: 未知
分类: 🏥急救技能, 名称: 耳气压伤处理方法, 有效: 1, IPv4: 1, IPv6: 0, 最小延迟: 9 ms, 最高速率: 152.07 M/s, 平均速率: 152.07 M/s, 最高分辨率: 1280x720, 平均帧率: 未知, 视频编解码器: 未知, 音频编解码器: 未知
分类: 🏥急救技能, 名称: 手腕骨折处理方法, 有效: 1, IPv4: 1, IPv6: 0, 最小延迟: 33 ms, 最高速率: 76.75 M/s, 平均速率: 76.75 M/s, 最高分辨率: 1280x720, 平均帧率: 未知, 视频编解码器: 未知, 音频编解码器: 未知
分类: 🏥急救技能, 名称: 迷眼处理方法, 有效: 1, IPv4: 1, IPv6: 0, 最小延迟: 9 ms, 最高速率: 247.75 M/s, 平均速率: 247.75 M/s, 最高分辨率: 1280x720, 平均帧率: 未知, 视频编解码器: 未知, 音频编解码器: 未知
分类: 🏥急救技能, 名称: 新生儿肚脐出血处理方法, 有效: 1, IPv4: 1, IPv6: 0, 最小延迟: 36 ms, 最高速率: 74.69 M/s, 平均速率: 74.69 M/s, 最高分辨率: 1280x720, 平均帧率: 未知, 视频编解码器: 未知, 音频编解码器: 未知
分类: 🏥急救技能, 名称: 急性结膜炎处理方法, 有效: 1, IPv4: 1, IPv6: 0, 最小延迟: 43 ms, 最高速率: 69.81 M/s, 平均速率: 69.81 M/s, 最高分辨率: 1280x720, 平均帧率: 未知, 视频编解码器: 未知, 音频编解码器: 未知
分类: 🏥急救技能, 名称: 中暑急救法, 有效: 1, IPv4: 1, IPv6: 0, 最小延迟: 37 ms, 最高速率: 33.08 M/s, 平均速率: 33.08 M/s, 最高分辨率: 1280x720, 平均帧率: 未知, 视频编解码器: 未知, 音频编解码器: 未知
分类: 🏥急救技能, 名称: 昏迷急救法, 有效: 1, IPv4: 1, IPv6: 0, 最小延迟: 9 ms, 最高速率: 159.85 M/s, 平均速率: 159.85 M/s, 最高分辨率: 1280x720, 平均帧率: 未知, 视频编解码器: 未知, 音频编解码器: 未知
分类: 🏥急救技能, 名称: 蟑螂入耳处理方法, 有效: 1, IPv4: 1, IPv6: 0, 最小延迟: 33 ms, 最高速率: 88.30 M/s, 平均速率: 88.30 M/s, 最高分辨率: 1280x720, 平均帧率: 未知, 视频编解码器: 未知, 音频编解码器: 未知
分类: 🏥急救技能, 名称: 晕厥处理方法, 有效: 1, IPv4: 1, IPv6: 0, 最小延迟: 33 ms, 最高速率: 79.39 M/s, 平均速率: 79.39 M/s, 最高分辨率: 1280x720, 平均帧率: 未知, 视频编解码器: 未知, 音频编解码器: 未知
分类: 演*唱*会, 名称: 开场低音串烧, 有效: 1, IPv4: 1, IPv6: 0, 最小延迟: 576 ms, 最高速率: 6.86 M/s, 平均速率: 6.86 M/s, 最高分辨率: 1280x720, 平均帧率: 未知, 视频编解码器: 未知, 音频编解码器: 未知
分类: 🏥急救技能, 名称: 心慌处理方法, 有效: 1, IPv4: 1, IPv6: 0, 最小延迟: 10 ms, 最高速率: 172.77 M/s, 平均速率: 172.77 M/s, 最高分辨率: 1280x720, 平均帧率: 未知, 视频编解码器: 未知, 音频编解码器: 未知
分类: 🏥急救技能, 名称: 甲沟炎处理方法, 有效: 1, IPv4: 1, IPv6: 0, 最小延迟: 9 ms, 最高速率: 152.40 M/s, 平均速率: 152.40 M/s, 最高分辨率: 1280x720, 平均帧率: 未知, 视频编解码器: 未知, 音频编解码器: 未知
分类: 🏥急救技能, 名称: 戒指卡住急救法, 有效: 1, IPv4: 1, IPv6: 0, 最小延迟: 10 ms, 最高速率: 175.43 M/s, 平均速率: 175.43 M/s, 最高分辨率: 1280x720, 平均帧率: 未知, 视频编解码器: 未知, 音频编解码器: 未知
分类: 🏥急救技能, 名称: 成人发烧处理方法, 有效: 1, IPv4: 1, IPv6: 0, 最小延迟: 18 ms, 最高速率: 192.24 M/s, 平均速率: 192.24 M/s, 最高分辨率: 1280x720, 平均帧率: 未知, 视频编解码器: 未知, 音频编解码器: 未知
分类: 🏥急救技能, 名称: 飞虫入耳处理方法, 有效: 1, IPv4: 1, IPv6: 0, 最小延迟: 35 ms, 最高速率: 63.73 M/s, 平均速率: 63.73 M/s, 最高分辨率: 1280x720, 平均帧率: 未知, 视频编解码器: 未知, 音频编解码器: 未知
分类: 🏥急救技能, 名称: 儿童鼻出血处理方法, 有效: 1, IPv4: 1, IPv6: 0, 最小延迟: 9 ms, 最高速率: 195.58 M/s, 平均速率: 195.58 M/s, 最高分辨率: 1280x720, 平均帧率: 未知, 视频编解码器: 未知, 音频编解码器: 未知
分类: 🏥急救技能, 名称: 水泡处理方法, 有效: 1, IPv4: 1, IPv6: 0, 最小延迟: 97 ms, 最高速率: 72.05 M/s, 平均速率: 72.05 M/s, 最高分辨率: 1280x720, 平均帧率: 未知, 视频编解码器: 未知, 音频编解码器: 未知
分类: 🏥急救技能, 名称: 鱼刺卡猴急救法, 有效: 1, IPv4: 1, IPv6: 0, 最小延迟: 13 ms, 最高速率: 159.41 M/s, 平均速率: 159.41 M/s, 最高分辨率: 1280x720, 平均帧率: 未知, 视频编解码器: 未知, 音频编解码器: 未知
分类: 🏥急救技能, 名称: 成人鼻出血处理方法, 有效: 1, IPv4: 1, IPv6: 0, 最小延迟: 35 ms, 最高速率: 89.71 M/s, 平均速率: 89.71 M/s, 最高分辨率: 1280x720, 平均帧率: 未知, 视频编解码器: 未知, 音频编解码器: 未知
分类: 🏥急救技能, 名称: 下巴脱臼法, 有效: 1, IPv4: 1, IPv6: 0, 最小延迟: 11 ms, 最高速率: 8.57 M/s, 平均速率: 8.57 M/s, 最高分辨率: 1280x720, 平均帧率: 未知, 视频编解码器: 未知, 音频编解码器: 未知
分类: 🏥急救技能, 名称: 肘关节脱臼处理方法, 有效: 1, IPv4: 1, IPv6: 0, 最小延迟: 9 ms, 最高速率: 10.26 M/s, 平均速率: 10.26 M/s, 最高分辨率: 1280x720, 平均帧率: 未知, 视频编解码器: 未知, 音频编解码器: 未知
分类: 🏥急救技能, 名称: 颈部损伤急救法, 有效: 1, IPv4: 1, IPv6: 0, 最小延迟: 35 ms, 最高速率: 21.11 M/s, 平均速率: 21.11 M/s, 最高分辨率: 1280x720, 平均帧率: 未知, 视频编解码器: 未知, 音频编解码器: 未知
分类: 🏥急救技能, 名称: 徒底筋膜炎处理方法, 有效: 1, IPv4: 1, IPv6: 0, 最小延迟: 10 ms, 最高速率: 173.83 M/s, 平均速率: 173.83 M/s, 最高分辨率: 1280x720, 平均帧率: 未知, 视频编解码器: 未知, 音频编解码器: 未知
分类: 🏥急救技能, 名称: 脚扎伤处理方法, 有效: 1, IPv4: 1, IPv6: 0, 最小延迟: 33 ms, 最高速率: 84.07 M/s, 平均速率: 84.07 M/s, 最高分辨率: 1280x720, 平均帧率: 未知, 视频编解码器: 未知, 音频编解码器: 未知
分类: 🏥急救技能, 名称: 足趾损伤处理法, 有效: 1, IPv4: 1, IPv6: 0, 最小延迟: 38 ms, 最高速率: 80.02 M/s, 平均速率: 80.02 M/s, 最高分辨率: 1280x720, 平均帧率: 未知, 视频编解码器: 未知, 音频编解码器: 未知
分类: 🏥急救技能, 名称: 海鲜过敏急救法, 有效: 1, IPv4: 1, IPv6: 0, 最小延迟: 38 ms, 最高速率: 72.70 M/s, 平均速率: 72.70 M/s, 最高分辨率: 1280x720, 平均帧率: 未知, 视频编解码器: 未知, 音频编解码器: 未知
分类: 🏥急救技能, 名称: 跟腱处理方法, 有效: 1, IPv4: 1, IPv6: 0, 最小延迟: 37 ms, 最高速率: 94.96 M/s, 平均速率: 94.96 M/s, 最高分辨率: 1280x720, 平均帧率: 未知, 视频编解码器: 未知, 音频编解码器: 未知
分类: 🏥急救技能, 名称: 肩关节脱臼急救法, 有效: 1, IPv4: 1, IPv6: 0, 最小延迟: 37 ms, 最高速率: 94.49 M/s, 平均速率: 94.49 M/s, 最高分辨率: 1280x720, 平均帧率: 未知, 视频编解码器: 未知, 音频编解码器: 未知
分类: 🏥急救技能, 名称: 高原反应处理方法, 有效: 1, IPv4: 1, IPv6: 0, 最小延迟: 8 ms, 最高速率: 165.97 M/s, 平均速率: 165.97 M/s, 最高分辨率: 1280x720, 平均帧率: 未知, 视频编解码器: 未知, 音频编解码器: 未知
分类: 🏥急救技能, 名称: 割伤处理方法, 有效: 1, IPv4: 1, IPv6: 0, 最小延迟: 8 ms, 最高速率: 157.18 M/s, 平均速率: 157.18 M/s, 最高分辨率: 1280x720, 平均帧率: 未知, 视频编解码器: 未知, 音频编解码器: 未知
分类: 🏥急救技能, 名称: 膝关节摔伤处理方法, 有效: 1, IPv4: 1, IPv6: 0, 最小延迟: 34 ms, 最高速率: 97.09 M/s, 平均速率: 97.09 M/s, 最高分辨率: 1280x720, 平均帧率: 未知, 视频编解码器: 未知, 音频编解码器: 未知
分类: 🏥急救技能, 名称: 冻伤处理方法, 有效: 1, IPv4: 1, IPv6: 0, 最小延迟: 34 ms, 最高速率: 3.91 M/s, 平均速率: 3.91 M/s, 最高分辨率: 1280x720, 平均帧率: 未知, 视频编解码器: 未知, 音频编解码器: 未知
分类: 🏥急救技能, 名称: 晒伤处理方法, 有效: 1, IPv4: 1, IPv6: 0, 最小延迟: 35 ms, 最高速率: 7.08 M/s, 平均速率: 7.08 M/s, 最高分辨率: 1280x720, 平均帧率: 未知, 视频编解码器: 未知, 音频编解码器: 未知
分类: 🏥急救技能, 名称: 触电急救法, 有效: 1, IPv4: 1, IPv6: 0, 最小延迟: 35 ms, 最高速率: 90.91 M/s, 平均速率: 90.91 M/s, 最高分辨率: 1280x720, 平均帧率: 未知, 视频编解码器: 未知, 音频编解码器: 未知
分类: 🏥急救技能, 名称: 脚骨折处理方法, 有效: 1, IPv4: 1, IPv6: 0, 最小延迟: 9 ms, 最高速率: 140.91 M/s, 平均速率: 140.91 M/s, 最高分辨率: 1280x720, 平均帧率: 未知, 视频编解码器: 未知, 音频编解码器: 未知
分类: 🏥急救技能, 名称: 腹部闭合性急救法, 有效: 1, IPv4: 1, IPv6: 0, 最小延迟: 36 ms, 最高速率: 23.26 M/s, 平均速率: 23.26 M/s, 最高分辨率: 1280x720, 平均帧率: 未知, 视频编解码器: 未知, 音频编解码器: 未知
分类: 🏥急救技能, 名称: 手臂骨折处理方法, 有效: 1, IPv4: 1, IPv6: 0, 最小延迟: 8 ms, 最高速率: 157.67 M/s, 平均速率: 157.67 M/s, 最高分辨率: 1280x720, 平均帧率: 未知, 视频编解码器: 未知, 音频编解码器: 未知
分类: 🏥急救技能, 名称: 大腿骨折急救法, 有效: 1, IPv4: 1, IPv6: 0, 最小延迟: 8 ms, 最高速率: 147.94 M/s, 平均速率: 147.94 M/s, 最高分辨率: 1280x720, 平均帧率: 未知, 视频编解码器: 未知, 音频编解码器: 未知
分类: 🏥急救技能, 名称: 胸部外伤处理方法, 有效: 1, IPv4: 1, IPv6: 0, 最小延迟: 37 ms, 最高速率: 78.14 M/s, 平均速率: 78.14 M/s, 最高分辨率: 1280x720, 平均帧率: 未知, 视频编解码器: 未知, 音频编解码器: 未知
分类: 🏥急救技能, 名称: 髌骨骨折处理方法, 有效: 1, IPv4: 1, IPv6: 0, 最小延迟: 43 ms, 最高速率: 56.86 M/s, 平均速率: 56.86 M/s, 最高分辨率: 1280x720, 平均帧率: 未知, 视频编解码器: 未知, 音频编解码器: 未知
分类: 🏥急救技能, 名称: 锁骨骨折急救法, 有效: 1, IPv4: 1, IPv6: 0, 最小延迟: 13 ms, 最高速率: 163.61 M/s, 平均速率: 163.61 M/s, 最高分辨率: 1280x720, 平均帧率: 未知, 视频编解码器: 未知, 音频编解码器: 未知
分类: 🏥急救技能, 名称: 肋骨骨折急救法, 有效: 1, IPv4: 1, IPv6: 0, 最小延迟: 10 ms, 最高速率: 186.89 M/s, 平均速率: 186.89 M/s, 最高分辨率: 1280x720, 平均帧率: 未知, 视频编解码器: 未知, 音频编解码器: 未知
分类: 🏥急救技能, 名称: 骨盆骨折急救法, 有效: 1, IPv4: 1, IPv6: 0, 最小延迟: 36 ms, 最高速率: 4.55 M/s, 平均速率: 4.55 M/s, 最高分辨率: 1280x720, 平均帧率: 未知, 视频编解码器: 未知, 音频编解码器: 未知
分类: 🏥急救技能, 名称: 手腕摔伤处方法, 有效: 1, IPv4: 1, IPv6: 0, 最小延迟: 11 ms, 最高速率: 18.82 M/s, 平均速率: 18.82 M/s, 最高分辨率: 1280x720, 平均帧率: 未知, 视频编解码器: 未知, 音频编解码器: 未知
分类: 🏥急救技能, 名称: 化学烧伤急救法, 有效: 1, IPv4: 1, IPv6: 0, 最小延迟: 9 ms, 最高速率: 149.01 M/s, 平均速率: 149.01 M/s, 最高分辨率: 1280x720, 平均帧率: 未知, 视频编解码器: 未知, 音频编解码器: 未知
分类: 🏥急救技能, 名称: 烧伤急救法, 有效: 1, IPv4: 1, IPv6: 0, 最小延迟: 8 ms, 最高速率: 301.26 M/s, 平均速率: 301.26 M/s, 最高分辨率: 1280x720, 平均帧率: 未知, 视频编解码器: 未知, 音频编解码器: 未知
分类: 🏥急救技能, 名称: 腹部外伤急救法, 有效: 1, IPv4: 1, IPv6: 0, 最小延迟: 33 ms, 最高速率: 52.65 M/s, 平均速率: 52.65 M/s, 最高分辨率: 1280x720, 平均帧率: 未知, 视频编解码器: 未知, 音频编解码器: 未知
分类: 🏥急救技能, 名称: 烫伤处理方法, 有效: 1, IPv4: 1, IPv6: 0, 最小延迟: 34 ms, 最高速率: 88.65 M/s, 平均速率: 88.65 M/s, 最高分辨率: 1280x720, 平均帧率: 未知, 视频编解码器: 未知, 音频编解码器: 未知
分类: 🏥急救技能, 名称: 震后伤者搬动法, 有效: 1, IPv4: 1, IPv6: 0, 最小延迟: 35 ms, 最高速率: 94.96 M/s, 平均速率: 94.96 M/s, 最高分辨率: 1280x720, 平均帧率: 未知, 视频编解码器: 未知, 音频编解码器: 未知
分类: 🏥急救技能, 名称: 震后如何自救, 有效: 1, IPv4: 1, IPv6: 0, 最小延迟: 9 ms, 最高速率: 149.63 M/s, 平均速率: 149.63 M/s, 最高分辨率: 1280x720, 平均帧率: 未知, 视频编解码器: 未知, 音频编解码器: 未知
分类: 🏥急救技能, 名称: 地震常见损伤法, 有效: 1, IPv4: 1, IPv6: 0, 最小延迟: 35 ms, 最高速率: 101.39 M/s, 平均速率: 101.39 M/s, 最高分辨率: 1280x720, 平均帧率: 未知, 视频编解码器: 未知, 音频编解码器: 未知
分类: 🏥急救技能, 名称: 地震后救人法, 有效: 1, IPv4: 1, IPv6: 0, 最小延迟: 37 ms, 最高速率: 87.48 M/s, 平均速率: 87.48 M/s, 最高分辨率: 1280x720, 平均帧率: 未知, 视频编解码器: 未知, 音频编解码器: 未知
分类: 🏥急救技能, 名称: 消防栓使用方法, 有效: 1, IPv4: 1, IPv6: 0, 最小延迟: 9 ms, 最高速率: 204.55 M/s, 平均速率: 204.55 M/s, 最高分辨率: 1280x720, 平均帧率: 未知, 视频编解码器: 未知, 音频编解码器: 未知
分类: 🏥急救技能, 名称: 地震室内避震法, 有效: 1, IPv4: 1, IPv6: 0, 最小延迟: 39 ms, 最高速率: 12.65 M/s, 平均速率: 12.65 M/s, 最高分辨率: 1280x720, 平均帧率: 未知, 视频编解码器: 未知, 音频编解码器: 未知
分类: 🏥急救技能, 名称: 溺水急救法, 有效: 1, IPv4: 1, IPv6: 0, 最小延迟: 34 ms, 最高速率: 5.00 M/s, 平均速率: 5.00 M/s, 最高分辨率: 1280x720, 平均帧率: 未知, 视频编解码器: 未知, 音频编解码器: 未知
分类: 🏥急救技能, 名称: 我起火处理方法, 有效: 1, IPv4: 1, IPv6: 0, 最小延迟: 10 ms, 最高速率: 197.13 M/s, 平均速率: 197.13 M/s, 最高分辨率: 1280x720, 平均帧率: 未知, 视频编解码器: 未知, 音频编解码器: 未知
分类: 🏥急救技能, 名称: 蟹蛰伤处理方法, 有效: 1, IPv4: 1, IPv6: 0, 最小延迟: 10 ms, 最高速率: 152.55 M/s, 平均速率: 152.55 M/s, 最高分辨率: 1280x720, 平均帧率: 未知, 视频编解码器: 未知, 音频编解码器: 未知
分类: 🏥急救技能, 名称: 液化气起火处理方法, 有效: 1, IPv4: 1, IPv6: 0, 最小延迟: 36 ms, 最高速率: 90.86 M/s, 平均速率: 90.86 M/s, 最高分辨率: 1280x720, 平均帧率: 未知, 视频编解码器: 未知, 音频编解码器: 未知
分类: 🏥急救技能, 名称: 电气火灾处理方法, 有效: 1, IPv4: 1, IPv6: 0, 最小延迟: 39 ms, 最高速率: 91.50 M/s, 平均速率: 91.50 M/s, 最高分辨率: 1280x720, 平均帧率: 未知, 视频编解码器: 未知, 音频编解码器: 未知
分类: 🏥急救技能, 名称: 逃生绳使用方法, 有效: 1, IPv4: 1, IPv6: 0, 最小延迟: 35 ms, 最高速率: 79.75 M/s, 平均速率: 79.75 M/s, 最高分辨率: 1280x720, 平均帧率: 未知, 视频编解码器: 未知, 音频编解码器: 未知
分类: 🏥急救技能, 名称: 防踩踏方法, 有效: 1, IPv4: 1, IPv6: 0, 最小延迟: 35 ms, 最高速率: 97.59 M/s, 平均速率: 97.59 M/s, 最高分辨率: 1280x720, 平均帧率: 未知, 视频编解码器: 未知, 音频编解码器: 未知
分类: 🏥急救技能, 名称: 蜈蚣咬伤处理方法, 有效: 1, IPv4: 1, IPv6: 0, 最小延迟: 9 ms, 最高速率: 15.95 M/s, 平均速率: 15.95 M/s, 最高分辨率: 1280x720, 平均帧率: 未知, 视频编解码器: 未知, 音频编解码器: 未知
分类: 🏥急救技能, 名称: 灭火器使用方, 有效: 1, IPv4: 1, IPv6: 0, 最小延迟: 34 ms, 最高速率: 30.86 M/s, 平均速率: 30.86 M/s, 最高分辨率: 1280x720, 平均帧率: 未知, 视频编解码器: 未知, 音频编解码器: 未知
分类: 🏥急救技能, 名称: 猛兽咬伤急救法, 有效: 1, IPv4: 1, IPv6: 0, 最小延迟: 9 ms, 最高速率: 164.77 M/s, 平均速率: 164.77 M/s, 最高分辨率: 1280x720, 平均帧率: 未知, 视频编解码器: 未知, 音频编解码器: 未知
分类: 🏥急救技能, 名称: 蜘蛛咬伤处理方, 有效: 1, IPv4: 1, IPv6: 0, 最小延迟: 34 ms, 最高速率: 74.68 M/s, 平均速率: 74.68 M/s, 最高分辨率: 1280x720, 平均帧率: 未知, 视频编解码器: 未知, 音频编解码器: 未知
分类: 🏥急救技能, 名称: 蜱虫钉刺处理方法, 有效: 1, IPv4: 1, IPv6: 0, 最小延迟: 37 ms, 最高速率: 71.07 M/s, 平均速率: 71.07 M/s, 最高分辨率: 1280x720, 平均帧率: 未知, 视频编解码器: 未知, 音频编解码器: 未知
分类: 🏥急救技能, 名称: 能抓伤处理方法, 有效: 1, IPv4: 1, IPv6: 0, 最小延迟: 10 ms, 最高速率: 185.61 M/s, 平均速率: 185.61 M/s, 最高分辨率: 1280x720, 平均帧率: 未知, 视频编解码器: 未知, 音频编解码器: 未知
分类: 🏥急救技能, 名称: 食物中毒急救法, 有效: 1, IPv4: 1, IPv6: 0, 最小延迟: 16 ms, 最高速率: 153.55 M/s, 平均速率: 153.55 M/s, 最高分辨率: 1280x720, 平均帧率: 未知, 视频编解码器: 未知, 音频编解码器: 未知
分类: 🏥急救技能, 名称: 糖尿病急救法, 有效: 1, IPv4: 1, IPv6: 0, 最小延迟: 10 ms, 最高速率: 175.24 M/s, 平均速率: 175.24 M/s, 最高分辨率: 1280x720, 平均帧率: 未知, 视频编解码器: 未知, 音频编解码器: 未知
分类: 🏥急救技能, 名称: 海蛇咬伤急救法, 有效: 1, IPv4: 1, IPv6: 0, 最小延迟: 36 ms, 最高速率: 93.62 M/s, 平均速率: 93.62 M/s, 最高分辨率: 1280x720, 平均帧率: 未知, 视频编解码器: 未知, 音频编解码器: 未知
分类: 🏥急救技能, 名称: 蚊虫叮咬处理方法, 有效: 1, IPv4: 1, IPv6: 0, 最小延迟: 35 ms, 最高速率: 74.15 M/s, 平均速率: 74.15 M/s, 最高分辨率: 1280x720, 平均帧率: 未知, 视频编解码器: 未知, 音频编解码器: 未知
分类: 🏥急救技能, 名称: 海水溺水急救法, 有效: 1, IPv4: 1, IPv6: 0, 最小延迟: 35 ms, 最高速率: 15.39 M/s, 平均速率: 15.39 M/s, 最高分辨率: 1280x720, 平均帧率: 未知, 视频编解码器: 未知, 音频编解码器: 未知
分类: 🏥急救技能, 名称: 甲醛中毒急救法, 有效: 1, IPv4: 1, IPv6: 0, 最小延迟: 17 ms, 最高速率: 152.12 M/s, 平均速率: 152.12 M/s, 最高分辨率: 1280x720, 平均帧率: 未知, 视频编解码器: 未知, 音频编解码器: 未知
分类: 🏥急救技能, 名称: 锌中毒解救法, 有效: 1, IPv4: 1, IPv6: 0, 最小延迟: 24 ms, 最高速率: 174.49 M/s, 平均速率: 174.49 M/s, 最高分辨率: 1280x720, 平均帧率: 未知, 视频编解码器: 未知, 音频编解码器: 未知
分类: 🏥急救技能, 名称: 油漆中毒急救, 有效: 1, IPv4: 1, IPv6: 0, 最小延迟: 35 ms, 最高速率: 94.29 M/s, 平均速率: 94.29 M/s, 最高分辨率: 1280x720, 平均帧率: 未知, 视频编解码器: 未知, 音频编解码器: 未知
分类: 🏥急救技能, 名称: 中毒急救法2, 有效: 1, IPv4: 1, IPv6: 0, 最小延迟: 10 ms, 最高速率: 263.14 M/s, 平均速率: 263.14 M/s, 最高分辨率: 1280x720, 平均帧率: 未知, 视频编解码器: 未知, 音频编解码器: 未知
分类: 🏥急救技能, 名称: 酒精中毒处理方, 有效: 1, IPv4: 1, IPv6: 0, 最小延迟: 16 ms, 最高速率: 141.37 M/s, 平均速率: 141.37 M/s, 最高分辨率: 1280x720, 平均帧率: 未知, 视频编解码器: 未知, 音频编解码器: 未知
分类: 🏥急救技能, 名称: 农药中毒急救法, 有效: 1, IPv4: 1, IPv6: 0, 最小延迟: 15 ms, 最高速率: 148.27 M/s, 平均速率: 148.27 M/s, 最高分辨率: 1280x720, 平均帧率: 未知, 视频编解码器: 未知, 音频编解码器: 未知
分类: 🏥急救技能, 名称: 中毒急救法1, 有效: 1, IPv4: 1, IPv6: 0, 最小延迟: 38 ms, 最高速率: 14.70 M/s, 平均速率: 14.70 M/s, 最高分辨率: 1280x720, 平均帧率: 未知, 视频编解码器: 未知, 音频编解码器: 未知
分类: 🏥急救技能, 名称: 氨气中毒急救, 有效: 1, IPv4: 1, IPv6: 0, 最小延迟: 335 ms, 最高速率: 2.40 M/s, 平均速率: 2.40 M/s, 最高分辨率: 1280x720, 平均帧率: 未知, 视频编解码器: 未知, 音频编解码器: 未知
分类: 🏥急救技能, 名称: 鱼胆中毒急救, 有效: 1, IPv4: 1, IPv6: 0, 最小延迟: 39 ms, 最高速率: 18.53 M/s, 平均速率: 18.53 M/s, 最高分辨率: 1280x720, 平均帧率: 未知, 视频编解码器: 未知, 音频编解码器: 未知
分类: 🏥急救技能, 名称: 氢化物中毒急救法, 有效: 1, IPv4: 1, IPv6: 0, 最小延迟: 40 ms, 最高速率: 28.20 M/s, 平均速率: 28.20 M/s, 最高分辨率: 1280x720, 平均帧率: 未知, 视频编解码器: 未知, 音频编解码器: 未知
分类: 🏥急救技能, 名称: 百草枯中毒急救法, 有效: 1, IPv4: 1, IPv6: 0, 最小延迟: 9 ms, 最高速率: 185.61 M/s, 平均速率: 185.61 M/s, 最高分辨率: 1280x720, 平均帧率: 未知, 视频编解码器: 未知, 音频编解码器: 未知
分类: 🏥急救技能, 名称: 毒蘑菇中毒处理方法, 有效: 1, IPv4: 1, IPv6: 0, 最小延迟: 8 ms, 最高速率: 159.68 M/s, 平均速率: 159.68 M/s, 最高分辨率: 1280x720, 平均帧率: 未知, 视频编解码器: 未知, 音频编解码器: 未知
分类: 🏥急救技能, 名称: 河豚中毒急救法, 有效: 1, IPv4: 1, IPv6: 0, 最小延迟: 10 ms, 最高速率: 190.71 M/s, 平均速率: 190.71 M/s, 最高分辨率: 1280x720, 平均帧率: 未知, 视频编解码器: 未知, 音频编解码器: 未知
分类: 🏥急救技能, 名称: 亚硝酸盐急救法, 有效: 1, IPv4: 1, IPv6: 0, 最小延迟: 9 ms, 最高速率: 166.44 M/s, 平均速率: 166.44 M/s, 最高分辨率: 1280x720, 平均帧率: 未知, 视频编解码器: 未知, 音频编解码器: 未知
分类: 🏥急救技能, 名称: 鼠药中毒急救, 有效: 1, IPv4: 1, IPv6: 0, 最小延迟: 34 ms, 最高速率: 22.22 M/s, 平均速率: 22.22 M/s, 最高分辨率: 1280x720, 平均帧率: 未知, 视频编解码器: 未知, 音频编解码器: 未知
分类: 🏥急救技能, 名称: 水银中毒急救法, 有效: 1, IPv4: 1, IPv6: 0, 最小延迟: 35 ms, 最高速率: 26.72 M/s, 平均速率: 26.72 M/s, 最高分辨率: 1280x720, 平均帧率: 未知, 视频编解码器: 未知, 音频编解码器: 未知
分类: 🏥急救技能, 名称: 视眼膜急救法, 有效: 1, IPv4: 1, IPv6: 0, 最小延迟: 9 ms, 最高速率: 339.76 M/s, 平均速率: 339.76 M/s, 最高分辨率: 1280x720, 平均帧率: 未知, 视频编解码器: 未知, 音频编解码器: 未知
分类: 🏥急救技能, 名称: 煤气中毒急救法, 有效: 1, IPv4: 1, IPv6: 0, 最小延迟: 42 ms, 最高速率: 89.56 M/s, 平均速率: 89.56 M/s, 最高分辨率: 1280x720, 平均帧率: 未知, 视频编解码器: 未知, 音频编解码器: 未知
分类: 🏥急救技能, 名称: 铅中毒急救法, 有效: 1, IPv4: 1, IPv6: 0, 最小延迟: 35 ms, 最高速率: 95.06 M/s, 平均速率: 95.06 M/s, 最高分辨率: 1280x720, 平均帧率: 未知, 视频编解码器: 未知, 音频编解码器: 未知
分类: 🏥急救技能, 名称: 安眠药过量急救, 有效: 1, IPv4: 1, IPv6: 0, 最小延迟: 36 ms, 最高速率: 77.76 M/s, 平均速率: 77.76 M/s, 最高分辨率: 1280x720, 平均帧率: 未知, 视频编解码器: 未知, 音频编解码器: 未知
分类: 🏥急救技能, 名称: 食物过敏急救, 有效: 1, IPv4: 1, IPv6: 0, 最小延迟: 10 ms, 最高速率: 154.13 M/s, 平均速率: 154.13 M/s, 最高分辨率: 1280x720, 平均帧率: 未知, 视频编解码器: 未知, 音频编解码器: 未知
分类: 🏥急救技能, 名称: 成人过敏休克急救法, 有效: 1, IPv4: 1, IPv6: 0, 最小延迟: 10 ms, 最高速率: 155.38 M/s, 平均速率: 155.38 M/s, 最高分辨率: 1280x720, 平均帧率: 未知, 视频编解码器: 未知, 音频编解码器: 未知
分类: 🏥急救技能, 名称: 胸痛急救法, 有效: 1, IPv4: 1, IPv6: 0, 最小延迟: 8 ms, 最高速率: 146.40 M/s, 平均速率: 146.40 M/s, 最高分辨率: 1280x720, 平均帧率: 未知, 视频编解码器: 未知, 音频编解码器: 未知
分类: 🏥急救技能, 名称: 花粉过敏急救法, 有效: 1, IPv4: 1, IPv6: 0, 最小延迟: 37 ms, 最高速率: 93.38 M/s, 平均速率: 93.38 M/s, 最高分辨率: 1280x720, 平均帧率: 未知, 视频编解码器: 未知, 音频编解码器: 未知
分类: 🏥急救技能, 名称: 鼻腔异物处理方法, 有效: 1, IPv4: 1, IPv6: 0, 最小延迟: 8 ms, 最高速率: 152.64 M/s, 平均速率: 152.64 M/s, 最高分辨率: 1280x720, 平均帧率: 未知, 视频编解码器: 未知, 音频编解码器: 未知
分类: 🏥急救技能, 名称: 药物过敏急救法, 有效: 1, IPv4: 1, IPv6: 0, 最小延迟: 34 ms, 最高速率: 94.85 M/s, 平均速率: 94.85 M/s, 最高分辨率: 1280x720, 平均帧率: 未知, 视频编解码器: 未知, 音频编解码器: 未知
分类: 🏥急救技能, 名称: 化学品入演处理方法, 有效: 1, IPv4: 1, IPv6: 0, 最小延迟: 979 ms, 最高速率: 16.45 M/s, 平均速率: 16.45 M/s, 最高分辨率: 1280x720, 平均帧率: 未知, 视频编解码器: 未知, 音频编解码器: 未知
分类: 🏥急救技能, 名称: 呕血急救法, 有效: 1, IPv4: 1, IPv6: 0, 最小延迟: 9 ms, 最高速率: 132.87 M/s, 平均速率: 132.87 M/s, 最高分辨率: 1280x720, 平均帧率: 未知, 视频编解码器: 未知, 音频编解码器: 未知
分类: 🏥急救技能, 名称: 喉头水肿急救法, 有效: 1, IPv4: 1, IPv6: 0, 最小延迟: 41 ms, 最高速率: 87.19 M/s, 平均速率: 87.19 M/s, 最高分辨率: 1280x720, 平均帧率: 未知, 视频编解码器: 未知, 音频编解码器: 未知
分类: 🏥急救技能, 名称: 急性肺水肿急救方法, 有效: 1, IPv4: 1, IPv6: 0, 最小延迟: 36 ms, 最高速率: 52.88 M/s, 平均速率: 52.88 M/s, 最高分辨率: 1280x720, 平均帧率: 未知, 视频编解码器: 未知, 音频编解码器: 未知
分类: 🏥急救技能, 名称: 哮喘急救法, 有效: 1, IPv4: 1, IPv6: 0, 最小延迟: 34 ms, 最高速率: 87.61 M/s, 平均速率: 87.61 M/s, 最高分辨率: 1280x720, 平均帧率: 未知, 视频编解码器: 未知, 音频编解码器: 未知
分类: 🏥急救技能, 名称: 小儿高热处理方法, 有效: 1, IPv4: 1, IPv6: 0, 最小延迟: 34 ms, 最高速率: 86.26 M/s, 平均速率: 86.26 M/s, 最高分辨率: 1280x720, 平均帧率: 未知, 视频编解码器: 未知, 音频编解码器: 未知
分类: 🏥急救技能, 名称: 高血压急症急救法, 有效: 1, IPv4: 1, IPv6: 0, 最小延迟: 33 ms, 最高速率: 89.36 M/s, 平均速率: 89.36 M/s, 最高分辨率: 1280x720, 平均帧率: 未知, 视频编解码器: 未知, 音频编解码器: 未知
分类: 🏥急救技能, 名称: 急性青光眼急救方法, 有效: 1, IPv4: 1, IPv6: 0, 最小延迟: 34 ms, 最高速率: 62.72 M/s, 平均速率: 62.72 M/s, 最高分辨率: 1280x720, 平均帧率: 未知, 视频编解码器: 未知, 音频编解码器: 未知
分类: 🏥急救技能, 名称: 低血糖处理方法, 有效: 1, IPv4: 1, IPv6: 0, 最小延迟: 33 ms, 最高速率: 84.04 M/s, 平均速率: 84.04 M/s, 最高分辨率: 1280x720, 平均帧率: 未知, 视频编解码器: 未知, 音频编解码器: 未知
分类: 🏥急救技能, 名称: 肺栓塞急救, 有效: 1, IPv4: 1, IPv6: 0, 最小延迟: 35 ms, 最高速率: 85.31 M/s, 平均速率: 85.31 M/s, 最高分辨率: 1280x720, 平均帧率: 未知, 视频编解码器: 未知, 音频编解码器: 未知
分类: 🏥急救技能, 名称: 脑卒中急救法, 有效: 1, IPv4: 1, IPv6: 0, 最小延迟: 11 ms, 最高速率: 174.87 M/s, 平均速率: 174.87 M/s, 最高分辨率: 1280x720, 平均帧率: 未知, 视频编解码器: 未知, 音频编解码器: 未知
分类: 🏥急救技能, 名称: 突发低血压处理方, 有效: 1, IPv4: 1, IPv6: 0, 最小延迟: 35 ms, 最高速率: 85.23 M/s, 平均速率: 85.23 M/s, 最高分辨率: 1280x720, 平均帧率: 未知, 视频编解码器: 未知, 音频编解码器: 未知
分类: 🏥急救技能, 名称: 儿童过敏休克急救法, 有效: 1, IPv4: 1, IPv6: 0, 最小延迟: 9 ms, 最高速率: 23.25 M/s, 平均速率: 23.25 M/s, 最高分辨率: 1280x720, 平均帧率: 未知, 视频编解码器: 未知, 音频编解码器: 未知
分类: 🏥急救技能, 名称: 失血性休克处理方法, 有效: 1, IPv4: 1, IPv6: 0, 最小延迟: 8 ms, 最高速率: 14.36 M/s, 平均速率: 14.36 M/s, 最高分辨率: 1280x720, 平均帧率: 未知, 视频编解码器: 未知, 音频编解码器: 未知
